entity_name,category,sub_category,province,district,profile_url,status,description,Number of Rooms,Number of beds,Cuisine,Website,Phone,Email
GOLDEN TULIP LA PALISSE NYAMATA,Accommodation entity,Town hotel,Eastern Province,Bugesera,https://tourismregulation.rw/en/entity/profile/361/,Licensed,"CLUB HOUSE LA PALISSE HOTEL is National Hotel chain with 3 unit, LA PALISSE KIGALI, LA PALISSE GASHORA AND LA PALISSE GOLDEN TULIP NYAMATA, WITH TOTAL NUMBER OF 303 GUETS ROOMS, WITH CONFORT, WHERE SERENITY AND AMBIANCE AND RELAXATION IS PART OF SIGNATURE.",186,372,,www.goldentuliplapalissekigali.com,0788300505,PALISSEHO@YAHOO.FR
Dmall ltd,Accommodation entity,Town hotel,City Of Kigali,Gasabo,https://tourismregulation.rw/en/entity/profile/458/,Licensed,"Dmall Hotel is an 36 rooms, comfortable hotel, located at Nyarutarma, Plot No: 145, Remera Sector, in Gasabo District, Kigali City. The hotel is arranged on 5 floors, with a lift. On the ground floor, apart from the reception, there is a comfortable lounge where you can sit and drink tea, or just read on the ground floor and Second Floor. There is also a splendid terrace, where, you can relax and immerge yourself from morning onwards in the atmosphere of Nyarutama views daily. The rooms are arranged on the second, Third,fourth floors. On the second floor, there is also a delightful terrace available for the use of guests, from where you can enjoy the wonderful view. The buffet breakfast is served in the restaurant on the ground floor. The hotel provides an internet point, and a free Wi-Fi service.",36,51,,www.dmallhotel.com,0737200100,dmallhotel@gmail.com
VOLCANOES SAFARIS LTD,Tour operator/Travel agent/Tour guide,Tour operator,City Of Kigali,Nyarugenge,https://tourismregulation.rw/en/entity/profile/285/,Licensed,"At Volcanoes Safaris we specialise in mountain gorilla and chimpanzee safari based around our Rwanda and Uganda Luxury Safari Lodges. As award-winning pioneers in eco-tourism we ensure our safaris respect the culture of local communities, the fragility of the environment and the need to use resources in a sustainable way. For more than fifteen years we have been at the forefront of mountain gorilla tourism and, led by ‘visionary conservationist’ Praveen Moman, are the only safari company to have signed the UN Kinshasa Declaration on Great Apes. The Volcanoes Safaris Partnership Trust (VSPT) connects Volcanoes Safaris lodges to local community and conservation initiatives. Led by our outstanding Volcanoes Safaris guides, you will stay at our unique and intimate luxury safari lodges near the gorilla and chimpanzee forests of Western Uganda. Your Rwanda and Uganda safaris will explore these diverse and truly unique ecosystems and the surrounding cultures, creating a distinctive and memorable safari holiday for you!",0,0,,www.volcanoessafaris.com,+250 788383818,edith@volcanoessafaris.com
World House Gisozi Hotel,Accommodation entity,Town hotel,City Of Kigali,Gasabo,https://tourismregulation.rw/en/entity/profile/356/,Licensed,"World House Gisozi Hotel is an eleven rooms and  one appartement, comfortable hotel, situated in Gisozi near the Memorial Genocide  in Kigali City. The hotel is arranged on one floor, without a lift. On the ground floor, apart from the reception, there is a comfortable living room where you can sit, drink, or just read and watch TV. There is also a large terrace with a splendid green garden, where you can relax and immerge yourself from morning onwards in the atmosphere of  Kigali daily life. Ten rooms are arranged on the first floor. On the ground floor, there is also one room and one appartement for the use of guests.  The breakfast ,lunch and dinner are served in the restaurant or on the terrace.. The hotel has a business center, internet points and a free Wi-Fi service.",12,12,,www.worldhouseltd.com,+250788165400,contact@worldhouseltd.com
Beausejour Hotel,Accommodation entity,Town hotel,City Of Kigali,Gasabo,https://tourismregulation.rw/en/entity/profile/291/,Licensed,"Beausejour hotel is an 35 rooms, comfortablehotel,situated in kigali town, gasabo district, Remera sector. The hotel is arranged on 7 floors, with a lift. There is a splendid terrace where you can relax while taking coffee or tea in good atmosphere. the rooms are arranged from 3rd floor. the buffet breakfast and drinks are served in the Restaurant on the second floor. the hotel provide also internet access and free Wi Fi service and free transport from and to Airport.",35,40,"International, African, Rwandan",www.beausejourhotel.rw,0788307091,beausejourhotel@yahoo.com
Lemigo Hotel,Accommodation entity,Town hotel,City Of Kigali,Gasabo,https://tourismregulation.rw/en/entity/profile/290/,Licensed,"LEMIGO Hotel is a 4 star Hotel with 176 rooms of different categories. It has an excellent location and a wonderful view: Easy access to Rwandan Capital city,  5 Km to Kigali International Airport, Financial institutions, and Ideal Point for safaris and Gorilla Treks make it the preferred hotel destination choice by all. ACCOMMODATION 68 Standards Rooms 85 Deluxe Rooms 5   Executive Rooms 5   Executive Suites 6   Executive apartments 2   Presidential Suites ROOM FEATURES AND FACILITIES Wireless internet access, Satellite TV channels, Minibar, Key card locking doors, air conditioners, coffee and tea accessories and many more. RESTAURANT AND BARS Our IKAZE Restaurant has a range of African and International, Indian and Chinese cuisine and Italian Food Lounge Bar open throughout  the week from 11:30 am. Asian Fusion Restaurant where Chinese & Indian food are served daily from 12:00 pm to 03:00 pm for lunch and 06:00 pm to 10:00 pm for dinner. Enjoy Happy Hour every Friday and Saturday with Live Bands between 7:00 pm and 10:00 pm CONFERENCE & BANQUET FACILITIES Ten fully equipped function rooms ideal for conferences seminars and banquets for over 1000 persons. Special Conference Package: - The conference room - Writing pad and pen - Two bottles of mineral water - Two Coffee Breaks with Snacks - Buffet Lunch and soft drinks - Free use of basic audio visual equipment, i.e. overhead/slide projector and screen, flip charts with stand. - T.V, Video and Free Wi-Fi service.",176,272,"International, Rwandan",www.lemigohotel.com,0280300003,info@lemigohotel.com
Rickshaw Travels Rwanda Ltd,Tour operator/Travel agent/Tour guide,Travel agent,City Of Kigali,Nyarugenge,https://tourismregulation.rw/en/entity/profile/292/,Licensed,"The Rickshaw Travel Group (""Rickshaw Travels"") was founded in 1988.  From our humble beginnings as a small travel agency, we have grown and expanded into several countries and have over 28 years of experience in the travel business, both corporate and leisure. Noting that Rwanda was an emerging market in East Africa, Rickshaw felt that the group's expertise in the travel and tourism sector could be better served if it had a direct presence in this Land of a Thousand Hills, thus Rickshaw Travels Rwanda Ltd was born on 10th December 2009. Since its inception, Rickshaw Rwanda has grown rapidly and has built a reputation for excellence, superb customer service and prides itself in acting with utmost integrity.  Customer satisfaction is our number one attribute with transparency and honesty being our core values. We are an IATA certified company and are also members of RTTA ( Rwanda Travel & Tours Association ). Our  areas of expertise include:   Air Tickets with the ability to secure the lowest available fares    Holiday packages and Hotel reservations   Airport transfers   Travel Insurance   MICE – Meetings Events Conference & Event Management   Medical Tourism   24 Hours Emergency Assistance",0,0,,www.rickshawtravels.com,0785475652,aparna@rickshawtravels.com
STIPPHOTELS,Accommodation entity,Town hotel,City Of Kigali,Nyarugenge,https://tourismregulation.rw/en/entity/profile/294/,Licensed,"The stipphotel is an 50 rooms,comfortable hotel,located close downtown less than 5 minutes by car. The hotel is arranged on 6 blocs and two floors. On the ground floor,apart from the reception,there is a comfortable bar restaurant with a large terrace. We also have swimming pool,steam and massage available for guests. the rooms are comfortable and provide an excellent view . A free WIFI service are provided everywhere into the hotel.",50,75,International,www.stipphotelrwanda.com,+250788306940,management@stipphotelrwanda.com
Concord Rwanda Ltd,Tour operator/Travel agent/Tour guide,Tour operator,City Of Kigali,Kicukiro,https://tourismregulation.rw/en/entity/profile/383/,Licensed,"Concord Rwanda is a team of experienced persons working together for many years, each of us has a different professional background and a reliable knowledge in the travel and tourism industry. Hence we have all one thing in common: we stepped in this venture more than five years ago with a passion for wildlife and conservation and became all field guides, well trained with on-site experience. We are totally committed to our clients and we strongly believe that a Wildlife Safari is an experience of a lifetime for our clients and that our mission is to make the most out of it!",0,0,,www.magic-safaris.com,252588444,info@magic-safaris.com
HOME INN,Accommodation entity,Town hotel,Northern Province,Musanze,https://tourismregulation.rw/en/entity/profile/287/,Licensed,"Home Inn is among the best hotels in Musanze, located in the Northern province of RWANDA. It is a quite place where you will enjoy your stay in a good and comfortable environment. Home Inn is located in 10km from the volcanoes and 20 minutes from the park. Our experienced staff will help you to have unforgettable memories from the country of thousand hills and million smiles.",17,21,Rwandan & International,www.homeinnhotel.com,+25078834127,info@homeinnhotel.com
CENTRE PASTORAL NOTRE DAME DE FATIMA,Accommodation entity,Town hotel,Northern Province,Musanze,https://tourismregulation.rw/en/entity/profile/336/,Licensed,"Centre Pastoral Notre Dame de Fatima is located in the Northern part of Rwanda in Musanze District. this confortable hotel is situated near UBWOROHERANE STADIUM at 96 km from Kigali, 65 km from Goma DRC, 25 Km from Cyanika border Rwanda-Uganda and at 13 km from the Volcanoes National Park. with our comfortable rooms, kitchen, conference rooms and restaurant,  all will help you to make your choice for the room for relaxing, for delicious meal and the Menu with various categories of soft drinks. Besides theses services we have also the dormitories and and nice comping site at a very resonable price. Our terrace provides to our clients a nice panoramic view of the hole Musanze town and the Volcanic chain while having their refreshment. a part from that Centre Pastoral Notre Dame de Fatimaprovides a high speed internet and a free Wi-Fi service in order help our client to stay in the world of communication.",35,55,French,www.fatimamusanze.rw,0788324033,cpndefatima@yahoo.fr
HILL VIEW HOTEL & APARTS LTD,Accommodation entity,Town hotel,City Of Kigali,Nyarugenge,https://tourismregulation.rw/en/entity/profile/363/,Licensed,"Hill view Hotel & Aparts offers a variety of accommodation, restaurant, Bar, meeting rooms and event solutions. Is located at the heart of the business center of kigali, opposite St famille catholic church. The hotel is arranged on the three floors with a smart lift, and provide attractive terrace where you can enjoy the beautiful atmosphere of Kigali City. Each room has its own bathroom, a balcony, satellite television, WIFI, and Air conditioner. In Hill View Hotel ""You come as a guest and leave as a friend""",46,58,,www.hillviewhotelrwanda.com,0783462500,info@hillviewhotelrwanda.com
Hôtel des Mille Collines,Accommodation entity,Town hotel,City Of Kigali,Nyarugenge,https://tourismregulation.rw/en/entity/profile/288/,Licensed,"Located in the Rwandan capital Kigali, and made famous in the movie “Hotel Rwanda”, Hôtel Des Mille Collines features 112 rooms and suites, meeting and conference facilities, including a ballroom for up to 300 people, an outdoor swimming pool and recreation area and seven boutiques. The name of the hotel translates as “a thousand hills”, named after the breath-taking landscape of Rwanda. Located in the heart of the central business district and just a 20-minute drive from Kigali International Airport, Hôtel Des Mille Collines is close to Kigali Convention Centre, Inema Art Centre and Kigali Memorial Centre.",112,112,"International, African, American, Asian, BBQ, French, Indian, Italian, Pizzeria, Rwandan, Rwandan & International, Sandwiches, Soups & Salads, Snacks, Vegan/Vegetarian",https://www.millecollines.rw/,+250788192530 & +250788192000,info@millecollines.rw
PALAST ROCK HOTEL,Accommodation entity,Town hotel,Eastern Province,Bugesera,https://tourismregulation.rw/en/entity/profile/362/,Licensed,"Palast Rock hotel is a 47 rooms hotel located at Nyamata town.The has a story building of two floors and cottages which are at ground level with very magnificent rooms of the latest standards with the latest amenities.The hotel has swimming pool,sauna massage ,pool table and table tennis to make you comfortable,with fast internet connectivity.",47,65,,www.palasthotelrwanda.com,0788316060,info@palasthotelrwanda.com
Virunga Lodge,Accommodation entity,Lodge,Northern Province,Burera,https://tourismregulation.rw/en/entity/profile/320/,Licensed,"The magnificent Virunga Lodge is perched high on a ridge and has stunning views of the Virunga Volcanoes and the twin lakes Bulera and Ruhonda. The premier luxury destination for Rwanda gorilla safari tours and tracking the endangered mountain gorillas. The Virunga safari lodge in Rwanda been described as having ‘the best view in the world’ and as ‘one of the finest lodges in Africa’. The organic, ‘bush-chic’ design reflects the local building style and offers luxury comforts to all guests. Each banda has its own terrace with breath-taking views of the Virunga volcanoes or twin lakes, while sensitive installations such as low-flush toilets and solar power ensure you enjoy luxurious comforts while maintaining a crucial sensitivity to the environment",10,20,"International, African, American",www.volcanoessafaris.com,+250 788302069,salesrw@volcanoessafaris.com
KEBAB HOUSE,Restaurant/Bar/Nightclub,Restaurant,City Of Kigali,Gasabo,https://tourismregulation.rw/en/entity/profile/997/,Licensed,"Kebab House is a Turkish, lebanaise Fast Food situated in Kigali Gishushu between RDB and SP Petrol Station KG 9 AV 2 From outside you are welcomed by proffessional waiters and proffessional Chefs are ready to provide the best hygienic food. We serve Shawarma, Barbecue etc.. in breakfast , dinner and super. If you need we deliver you by using Jumia food website",0,0,"International,African,Asian",,0788413750,claudinemukankubito50@gmail.com
The Manor Hotel,Accommodation entity,Town hotel,City Of Kigali,Nyarugenge,https://tourismregulation.rw/en/entity/profile/353/,Licensed,"itting grandly in Kigali, within close proximity to Kigali's most exclusive addresses. A two minute walking distance from the golf club, ten minute walk from the Kigali Convention Center and a five minute drive to the Genocide Memorial Center. Whether it be for business or leisure our team will help you get any where that you need to go within Rwanda and East Africa. At The Manor Hotel, the magnificent décor and the contemporary design of the lobby welcomes you to an experience to remember. Our rooms are tastefully designed with an emphasis on comfort and style. Chic and contemporary, the bedrooms come complete with state of the art amenities including complimentary broadband and Wi-Fi, LCD TV with international and satellite channels, Air conditioned rooms, mini bar, and room service. The Manor Hotel has three gourmet restaurants and a roof top Bar. Choose from mouth-watering Indian and Pakistani cuisine at Shere Sardar Restaurant or a quintessentially English tradition of afternoon tea at Marcos Restaurant & Lounge. Where you can find Italian and continental cuisine to choose from. If that is not enough to choose from why not try or famous Chinese cuisine at Silks Restaurant The O'connells Bar and pub offers a selection of alcoholic and non-alcoholic drinks and appetisers in a stylish atmosphere. Home to a fitness centre, sauna, steam room, swimming pool, and Spa at The Manor Hotel is a beautiful sanctuary of wellness and fitness, offering Hair cuts and hair treatments, facial, body treatments and massages by talented therapists. The Manor Hotel has two meetings and events rooms. The meeting and events rooms, one of Kigali luxury event spaces,is an ideal venue for a business meeting, private dinner, grand ceremony or wedding. Shere Sardar or Marcos is a perfect venue for a more intimate event.",23,41,,www.themanorrwanda.com,0786654435,info@themanorrwanda.com
Nobleza Hotel,Accommodation entity,Town hotel,City Of Kigali,Kicukiro,https://tourismregulation.rw/en/entity/profile/334/,Licensed,"A warm welcome awaits you at the Nobleza Hotel located in Kicukiro Centre just 15 minutes from Kigali International Air Port. Our great location allows you to explore and connect to our wonderful city but also to the calm of the city outskirts. You can stroll out of our doors and enjoy the surrounding stunning views. For a sneak preview of the warm atmosphere of our hotel, check our photos.After a long day, the comforts of our spacious guest rooms and suites provide just what you need to relax.",60,68,"International, African, American, BBQ, Chinese, French, Italian, Pizzeria, Rwandan, Rwandan & International, Sandwiches, Soups & Salads, Snacks, Vegan/Vegetarian",www.noblezahotel.com,+250 784752496,hotelnobleza@yahoo.fr
Kigali Diplomat Hotel,Accommodation entity,Town hotel,City Of Kigali,Gasabo,https://tourismregulation.rw/en/entity/profile/403/,Licensed,"Kigali Diplomat Hotel is an 16 room on G+2 floors, air condition rooms, located to next parliament with a bar for 40 people, a restaurant for 100 people, a conference hall for 100 people, and can seat 500 people in gardens. Our guests have a bed and breakfast and complimentary wifi, bottled  as well as Satellite TV.",16,16,,www.kigalidiplomathotel.com,0788503965,reservations@kigalidiplomathotel.com
Bethany,Accommodation entity,Vacation hotel or resort,Western Province,Karongi,https://tourismregulation.rw/en/entity/profile/343/,Licensed,"Bethany has a fantastic view of lake kivu witch bring calm into your life. bethany can handle seminars, conference and training sessions in our 2 conference rooms.We have a wide selection of cuisine on our menu and WIFI connection all arround green gardens and rooms to keep you in touch with relaxing.",55,70,,www.bethanyinvestmentgroup.com,0784957945,bigbethany@hotmail.fr
OLYMPIC HOTEL,Accommodation entity,Town hotel,City Of Kigali,Gasabo,https://tourismregulation.rw/en/entity/profile/357/,Licensed,"Hotel located at Kimironko  , Road to free zone industry , at 5 km from the Kigali International airport",28,44,,,250788517821,olympichotelkigalirwanda@gmail.com
GOVERNORS CAMP RWANDA LTD,Accommodation entity,Lodge,Northern Province,Musanze,https://tourismregulation.rw/en/entity/profile/365/,Licensed,"Sabyinyo Silverback Lodge is built and operated by Governors camp. It is located on the edge of the Parc National des volcans with sweeping views of the surrounding volcanoes and lowland farms just 10 minutes from the Park Headquarters where clients start their Gorilla Trek. The Lodge is owned by a Community Trust, SACOLA, which uses rentals and community levies from the lodge to drive socio-economic development and conservation initiatives in the communities adjacent to the National Park. The lodge has 6 cottages, 2 suites, 1 family suite. All with Wi-Fi, fireplaces, dressing rooms and stylish en-suite bathrooms with a Venetian plaster finish.  The main lodge building comprises reception, library, large sitting room and large dining room, with baronial fireplaces. Patios allow al-fresco dining and sundowners.",10,14,"International, African",www.governorscamp.com,+250 788382030,reception.rwanda@governorscamp.com
Five to Five Hotel,Accommodation entity,Town hotel,City Of Kigali,Gasabo,https://tourismregulation.rw/en/entity/profile/332/,Licensed,"Situated in the heart of Kigali City, Five to Five Hotel is a luxurious Hotel located at Remera nearby petit stade main gate,in 80 meters from Airtel main road. We have a better view of Kigali City. Married with modern amenities; we offer guests a one of its kind experience hospitality. At Five to Five Hotel your experience will be enhanced by splendor and magnificence. Famous for our 22 equipped themed rooms; all our rooms are the ultimate in escapes. They include Suite, Twin, Standard double and Deluxe, with a city view and for the budget minded traveler Simple rooms. Our rooms are perfect for that romantic getaway, casual travelers and business clients. No matter what you choose, you're sure to be delighted with all our extraordinary accommodations. Boredom isn't an option! All of our special guests receive a full continental breakfast. Enjoy it in your room or join us in our Victorian themed dining area. Our professional friendly staff are accompanied you for any service.",22,30,"International, African, French, Rwandan, Soups & Salads, Snacks, Vegan/Vegetarian",www.fivetofivehotel.com,0784936392,fivetofivehotel534@gmail.com
DEREVA HOTEL Rwamagana Ltd,Accommodation entity,Town hotel,Eastern Province,Rwamagana,https://tourismregulation.rw/en/entity/profile/347/,Licensed,"Located in Rwamagana town , East Province at 60 Km from Kigali city drive to 40 Km toward to Akagera National Park, at Kigali-Rwamagana-Kayonza road, DEREVA HOTEL is one of the beautiful hotels in Rwanda offering the good hospitality services. We are a hotel with 80 nice different rooms to sleep in with nice oxygen issued by canopy of long trees in place. Apart from that DEREVA HOTEL offers the services of Bar and Restaurant in its nice places , it offers other big events caterings, wedding ceremonies , holding seminars in its 7 conference halls whose the big one can accommodate more than 200 people seated in good conditions. Where ever you are in DEREVA HOTEL you have an access to free WiFi. Moreover, the customers of DEREVA HOTEL are now enjoying the sophisticated swimming pool during their relaxing time. At DEREVA HOTEL  a warm welcome awaits you and legacy is our aim.",80,120,,www.derevahotel.com,"0785679246, 0788554345, 0788322228, 0788306512",derevahotel@yahoo.fr
GARR HOTEL LTD.,Accommodation entity,Town hotel,City Of Kigali,Gasabo,https://tourismregulation.rw/en/entity/profile/342/,Licensed,"Garr Hotel Ltd is a 28 rooms Boutique Hotel serving Residents only. It is situated in the high end suburb of Nyarutarama in Kigali City. It has two blocks; First one is two levels, ground and upper floor, with no lift. The ground floor has the reception, a beautiful restaurant where you can enjoy your meals including breakfast, with also a possibility of using a terrace and grass thatched hut to enjoy the scenery. The second block has executive rooms with a swimming pool just next to its terrace and a comfortable lounge where you can enjoy a quiet atmosphere, have your coffee or tea there and enjoy any reading. Between both blocks you will find a SPA that serves you on appointment. The Hotel offers free internet with WiFi service on the whole compound. All rooms are equipped with TVs (DSTV).",28,35,,www.garrhotel.com,+250783831292,reservations@garrhotel.com
Radisson Blu Hotel and Convention Center,Accommodation entity,Town hotel,City Of Kigali,Gasabo,https://tourismregulation.rw/en/entity/profile/371/,Licensed,"The Radisson Blu Hotel & Convention Center is an 292 rooms, with a convention center ,situated in the heart of Kigali town. The hotel is arranged on five floors, with a lift.",292,584,,www.radissonblu.com/hotel-kigali,252 252 252,info.kigali@radissonblu.com
CENTRE SAINT ANDRE KABGAYI LTD,Accommodation entity,Town hotel,Southern Province,Muhanga,https://tourismregulation.rw/en/entity/profile/349/,Licensed,"The Centre Saint- Andre of Kabgayi is a Hotel owned by the Catholic Diocese of Kabgayi. This Hotel is  located in the Heart of Muhanga District, City of Muhanga, between the Minor Basilica of Kabgayi and Imprimerie de Kabgayi, to  the principal road from kigali to Butare. This Hotel with 120 rooms and 9 conference halls, consist of a three complex high buildings with their annex serving  as a reception and a comfortable lounge at the entrance. The rooms offer an amazing view to the main restaurant and it's delightful terrace where you can enjoy the variety of our bar and barbecue,in the perfect smell of the fresh air from our flowerful garden. Breakfast and buffet are served in the restaurant, but we also provide catering service anywhere at any time on command. We have garden rooms for persons with disabilities, where they can easily access the main restaurant, the bar and other facilities.  The serenity and comfort of our Hotel make it an ideal place for vacations, trainings, retreats,....",120,140,"International, African, Rwandan, Rwandan & International, Sandwiches, Soups & Salads, Snacks, Vegan/Vegetarian",www.saintandrekabgayi.com,0788421378,saintandrekabgayi@yahoo.fr
GALAXY HOTEL,Accommodation entity,Town hotel,City Of Kigali,Nyarugenge,https://tourismregulation.rw/en/entity/profile/368/,Licensed,"Galaxy Hotel, one of the high ranked hotels in Kigali, offers superior accommodation, superb cuisine and extensive conference facilities in the center of Rwanda’s capital city Kigali. Catering for the discerning corporate and leisure traveler, the hotel is only a short stroll from the main central business area (Bank headquarters, Art galleries, shopping malls…). GALAXY HOTEL posses an inherent understanding of the requirements of its customers and accordingly have developed a very strong and highly capable team experienced in providing highest quality services. Our attention to detail and commitment to the highest standards is our customers’ satisfaction strategy.",44,50,,www.galaxyhotelrwanda.com,+250252500230; +250788382553;+250788303941;+250788389920,reservations@galaxyhotelrwanda.com
Montana Vista Hotel,Accommodation entity,Vacation hotel or resort,Northern Province,Burera,https://tourismregulation.rw/en/entity/profile/352/,Licensed,"Montana Vista Hotel is located in Kidaho, Cyanika Sector, Burera District in Northern Province, Just a 5 minutes drive to the Rwanda/Uganda border of Cyanika and 15 minutes from Musanze town. It is in a quiet environment on the main road that connects the border towns of Kisolo in Uganda and Ruhengeri in Musanze District. The Hotel is brand new, very clean and has a very efficient staff. Montana Vista is a uniquely spacious hotel offering warm and stylish accommodation to both business and holiday travelers. It offers an ideal setting to work, relaxation, or enjoying a sumptuous meal. The deluxe rooms boast a view of the volcanic mountains or overlooking the beautiful twin lakes. In total, Montana has 25 rooms, but can sleep 58 people. The spacious rooms are furnished with flat screen satellite TVs, personal room safes and daily bottled water with compliments. The Hotel has internet and a free WI-FI service for guests.",25,45,"International, Rwandan",www.montanavistahotel.com,+250781574685,info@montanavistahotel.com
La Palme Hotel ltd,Accommodation entity,Town hotel,Northern Province,Musanze,https://tourismregulation.rw/en/entity/profile/351/,Licensed,"La Palme Hotel is an 48 rooms, comfortable hotel, situated in Northern Province, Musanze District, Muhoza Sector. The Hotel is arranged on two floors without a lift. on the Ground floor, apart  from the reception, there is a comfortable  lounge where you can sit and drink tea, or just read. There is also a splendid terrace, where you can relax and immerge yourself from morning onwards in the atmosphere of Musanze daily life. The rooms are arranged on the Ground floor, First floors, second floors and the third floors. Every room has a delightful terrace available for the use of guests, from where you can enjoy the wonderful view. The buffet breakfast is served in the Restaurant on the ground floor. The Hotel provides an internet point, and a free Wi-Fi service.",48,57,,www.lapalmehotel.net,00(250)252546428/0786786890,frontdesk@lapalmehotel.net
KIGALI SERENA HOTEL,Accommodation entity,Town hotel,City Of Kigali,Nyarugenge,https://tourismregulation.rw/en/entity/profile/345/,Licensed,"Ideally located on one of Kigali's most charming boulevards, the five-star Kigali Serena Hotel is built around a polished granite atrium, which showcases the very best of Rwandan cultural art. Relaxed yet elegant, the hotel features 148 rooms,  an Executive Lounge and Bar which opens onto a wide sundeck overlooking the newly refurbished swimming pool. Also overlooking the pool, the popular Milima Restaurant offers a wide range of all-day buffet choices, while the relaxed Sokoni Café offers inside and outside poolside seating. Regarded by many as Kigali’s natural business hub, the hotel also boasts its own extensive conference centre, 500-seater auditorium and lavish ballroom",148,296,,www.serenahotels.com/serenakigali/,0788184500,kigali@serena.co.rw
Best View Hotel ltd,Accommodation entity,Town hotel,Northern Province,Musanze,https://tourismregulation.rw/en/entity/profile/559/,Licensed,"The Best View Hotel Ltd is an 75 rooms, comfortab le hotel, situated in Musanze town. the hotel is arranged on two floors, Best view hotel has 5 conference rooms, the restaurant and bar, free Wifi.",75,120,Rwandan & International,www.bestviewhotelmusanze.com,+250786894922,bestviewhotel1@gmail.com
RWANDA ECO-TOURS,Tour operator/Travel agent/Tour guide,Tour operator,City Of Kigali,Nyarugenge,https://tourismregulation.rw/en/entity/profile/376/,Licensed,"Rwanda Eco-Tours is owned and run by Rwandans who have extensive experience and knowledge in tourism and conservation which allows clients to Rwanda and beyond to experience the natural and human wonders of the country and the region as they encounter the beauty, the people, the culture, the nature and the spirit of Rwanda East Africa in general. Our philosophy is giving back to the community in places we visit to change lives, to protect and conserve our environment and the life of our people. While with us, we will take our clients to visit most of our projects with the communities and if they have time, they can have a hands-on-experience through active participation. Our projects have had significant impact on the livelihoods of communities and the conservation of mountain gorillas.",0,0,,www.rwandaecotours.com,+250280500331,info@rwandaeco-tours.com
VIRUNGA HOTEL LTD,Accommodation entity,Town hotel,Northern Province,Musanze,https://tourismregulation.rw/en/entity/profile/344/,Licensed,"VIRUNGA HOTEL  is located in  Musanze,Northern province in RWANDA.it is situated next to the  Kigali-Rubavu main road. VIRUNGA HOTEL has suite,executive,standard and twin rooms which are self contained and fully equiped neverless guests also have access to free internet access,rooms phone line ,safe and secure parking and a mini bar right in their rooms.The rooms offer an opportunity to enjoy the beauty of Musanze district as it is located in the heart of the town. virunga hotel offers you a taste of local,regional and international cuisine by experienced and professional staff in it cozy and friendly restaurant.VIRUNGA HOTEL  has a conference room ideal for seminars and training equiped with conference facilities  such as internet access,and a nice sound system.",26,31,,www.virungahotel.com,+250788301462/+250788346391,info@virungahotel.com
SPLENDID KARISIMBI LTD,Accommodation entity,Town hotel,City Of Kigali,Nyarugenge,https://tourismregulation.rw/en/entity/profile/333/,Licensed,"Karisimbi Hotel offers 20 guest luxury rooms varying from Executive room double occupancy, Executive room single occupancy, Deluxe double occupancy,Deluxe single occupancy,Standard single occupancy and Twin bed room. The rooms are arranged on the first, second floors. On the second floor, there is also a delightful terrace available for the use of guests, from where you can enjoy the wonderful view of the Kigali sky line. Our main facilities include: Chateaubriand Restaurant, swimming pool, 24 hrs Specialty Coffee Shop and Galaxy sports Bar. Other facilities include:Spacious car park, Doctor on call, Laundry / Dry-cleaning, Car rental, We accept all major credit card as form of payment.",20,24,"International, African, American, BBQ, French, Pizzeria, Rwandan, Rwandan & International, Sandwiches, Soups & Salads, Snacks, Vegan/Vegetarian",www.hotelkarisimbi.com,07885177073,info@hotelkarisimbi.com
GLORIA HOTEL ltd,Accommodation entity,Town hotel,City Of Kigali,Nyarugenge,https://tourismregulation.rw/en/entity/profile/355/,Licensed,"Gloria hotel is a down town hotel with 27 rooms, Clean and comfortable, exceptional breakfast buffet and well equipped Restaurant. Its arranged on three floors.",27,27,,www.gloriahotelrwanda.com,0788930233/ 0785363181,info@gloriahotelrwanda.com
S.G.C.I.T ltd/THE MIRROR HOTEL,Accommodation entity,Town hotel,City Of Kigali,Gasabo,https://tourismregulation.rw/en/entity/profile/367/,Licensed,"The Mirror Hotel is town hotel with 60 bedrooms, offers the best value for quality accommodation. Perfect for families, leisure or business our hotels are located in the very quiet city centre, accessible location and picturesque countryside. The Mirror Hotel locate In The Heart Of Remera, Just On KN 5RD Near Kisimenti Roundabout. It Is 5 Minutes Driving From Kigali International Airport, 5 Minutes Driving From Kigali Convention Center And 10 Minutes From Kigali City Center. It Allows Guests to Experience the Vibrant Rwandan Culture And City Ambiance. Don’t forget our hotel provide FREE Wi-Fi access for residents so you can always keep in touch with business or family and friends while you enjoy your stay with us.",59,72,International,www.themirrorwanda.com,+250782073846,booking@themirrorwanda.com
Lake Kivu Serena Hotel,Accommodation entity,Vacation hotel or resort,Western Province,Rubavu,https://tourismregulation.rw/en/entity/profile/350/,Licensed,"Lake Kivu Serena is serenely sited on the sandy shores of Lake Kivu, the sixth largest lake in Africa, and surrounded by extensive tropical gardens; the tasteful open-plan Lake Kivu Serena Hotel offers the ideal week-end escape that will truly spice up your life. Within several hours drive of both the Rwanda capital - Kigali, and the glorious Volcanoes National Park(Home of the world famous Mountain Gorillas and its overlooking its own private beach).",66,132,International,www.serenahotels.com,+250 788200430/+250 252 541100,lakekivu@serena.co.rw
Park Inn By Radisson Kigali,Accommodation entity,Town hotel,City Of Kigali,Nyarugenge,https://tourismregulation.rw/en/entity/profile/372/,Licensed,"This is a 4-Star Hotel with 161 rooms located at KN 41, Street No. 6 (Former Hotel, Kiyovu). We started operations on May 22, 2017. The Hotel is offering accommodation services, restaurant, Bar, Meeting and Events services and also night Club services. The Hotel is arranged on five floors and a basement well serviced by four lifts. On the first floor we have Gym, a suspended swimming pool, male and female Sauna and hair saloon. We also have a splendid terrace where our Guests can enjoy the beautiful view of the Kimihurura side of Kigali and the Dome at Kigali Convention Centre. The breakfast and buffet is served at our modern with the state of art equipment located at the ground floor.The hotel is also serviced by High speed Internet for our Guests satisfaction. We also have two large meeting rooms and two small meeting rooms.",161,171,,www.rezidor.com,0788 132 500,infor.kigali@rezidorparkinn.com
SPLENDID HOTEL,Accommodation entity,Town hotel,Southern Province,Muhanga,https://tourismregulation.rw/en/entity/profile/346/,Licensed,"Splendid Hotel is a true quiet environment at the heart of central region of Rwanda, a centre with an eternal beautiful climate known as a fantastic location for individuals or groups looking for a great comfort and affordable stay in Muhanga District.  Due to its splendid view, Hotel permits you to overlook the high mountains of central region of Rwanda. It is located mainly at the cross roads Kigali - Huye, Kigali - Karongi, and Kigali - Ngororero. Our enthusiast receptionist is waiting for you to give any information about our peaceful Hotel open 24 hours a day with a Conference hall having the capacity of accommodating wedding Reception, Conferences, Seminars, Parties, Events and Workshops as well as the kind Restaurant and snack bar. The hotel further provides an internet point and a free WI-FI service.",43,50,,WWW.SPLENDIDHOTELRWANDA.COM,0788421573/0788301894,splendidhotel1@yahoo.fr
NYANZA HERITAGE HOTEL,Accommodation entity,Town hotel,Southern Province,Nyanza,https://tourismregulation.rw/en/entity/profile/374/,Licensed,"Nyanza heritage hotel is situated in Nyanza district , busasamana sector , and its operates as hotel town offering different services as : accommodation , restaurant , bar , conferences facilities , laundry service and interne services . Nyanza Heritage Hotel  offers 25 rooms , two conference halls , one restaurant , one bar . It can be found on internet on www.nyanzaheritagehotel.com",25,33,Rwandan & International,www.nyanzaheritagehotel.com,+252533591,lenimaheritagehotel@yahoo.fr
GOLDEN MONKEY HOTEL,Accommodation entity,Town hotel,Southern Province,Nyamagabe,https://tourismregulation.rw/en/entity/profile/373/,Licensed,"Golden Monkey Hotel has 3 stars, it``` is located in Southern Province, Nyamagabe District, Gasaka sector.From Huye centre, on the way going to Nyungwe National Park, which is 30min drive from Huye and 50min drive from Nyungwe National Park.Golden Monkey Hotel has 31 rooms, all of them self contained and divided into 5 categories.Being, 1 Suite room,  spacious to receive VIP guests and his visitors, two private wash rooms.10 VIP rooms, being self contained rooms, with a very nice view, big bed as well which can fit two people.Then  TWINS rooms where two people can stay, being 8 nice rooms.Our  8 Double rooms as well, have a double bed all in the same wing, compared to VIP rooms described before difference relies on the bed size and these rooms can fit two people. The last category is  5 Singles, designed for 1 person each.Facilities and amenities; WIFI, SATELLITE DV CHANNELS, extension telephone. Golden Monkey Hotel has a cozy restaurant, a nice bar and big hall to receive many different events.",32,40,,www.goldenmonkeyhotel.com,+250788322217,info@goldenmonkeyhotel.com
Western Mountain Hotel,Accommodation entity,Town hotel,Western Province,Rubavu,https://tourismregulation.rw/en/entity/profile/378/,Licensed,"Rubavu, Gisenyi",40,44,,www.westernmountainhotel.rw,0782068000,westernmountainhotel@gmail.com
One & Only Nyungwe House,Accommodation entity,Lodge,Western Province,Nyamasheke,https://tourismregulation.rw/en/entity/profile/388/,Licensed,"Nyungwe Lodge Rwanda Ltd, trading as One&Only Nyungwe House, is perched in a working tea plantation on the fringes of the ancient and mystical Nyungwe Rain Forest National Park, Rwanda. It is designed to fit harmoniously within its beautiful natural surroundings and is fashioned in ""plantation style"" with timber, stone and local clay tiles. Expect superior African elegance combined with International style and exceptional 5 star comfort, in all the 20 luxurious  rooms and 2 spacious 2 bedroom suites. A serene haven of indulgence where one can disconnect from the outside world for soul changing experiences.",24,31,,,+250 788310082,Deo.kamurase@kerzner.com
CLASSIC HOTEL LTD,Accommodation entity,Town hotel,City Of Kigali,Kicukiro,https://tourismregulation.rw/en/entity/profile/377/,Licensed,"classic Hotel is a town hotel that offers a variety of services that include; Accommodation, Conference Facilities, Restaurant and Bar services, Laundry services, Gym, Sauna-Steam and massage and outside catering services in general. We are located at KK 3 Ave, KN 3 RD  in kicukiro District, Kigali Rwanda. We have wi-fi all over the hotel premises, Terrace is available for the guests to enjoy the nice kigali view and we also offer free Airport shuttle and Free Live Band Music at the Terrace besides the Water Fountain and the cozy  ever green garden where you can relax from.",48,66,Rwandan & International,www.classichotelkigali.com,0787554192,info@classichotelkigali.com
URBAN CITYBLUE LTD,Accommodation entity,Town hotel,City Of Kigali,Nyarugenge,https://tourismregulation.rw/en/entity/profile/375/,Licensed,"Perched atop an ideal vantage point across the garden city of Kigali, Urban by CityBlue is just 15 minutes from the airport, the new International Convention center, and almost all other areas of Kigali, capital city of Rwanda, “the Land of a Thousand Hills”. Recently expanded, the hotel features a variety of room types for all needs and budgets as well as one of the city’s hottest restaurants, The Bistro, and the unmissable rooftop bar, Sky Lounge.",34,34,,www.citybluehotels.com,+250733510510,urban.kigali@citybluehotels.com
HILL VIEW HOTEL Lake Kivu,Accommodation entity,Town hotel,Western Province,Rubavu,https://tourismregulation.rw/en/entity/profile/379/,Licensed,"HILL VIEW HOTEL Lake Kivu is a town hotel category located in Gisenyi RUBAVU Western Province, within 10 minutes to the border of Rwando-DRC, 2h30 to the National Volcano Park and 4 hours driving from Kigali International Airport. HILL VIEW HOTEL is a building of 3 levels which has 47 bed rooms with different categories single room, silver room, gold room, suite and family room, we have also air conditionning 3 conference halls equipped with modern sound system, a speed free wireless connection 4G;  a restaurant with  varieties and delicious food on international standard,  1 bar facing the pool; the hotel has also facilities like sauna, swimming pool and gym, a splendid view with air flesh from the lake.",47,53,International,www.hillviewhotelrwanda.com,+250 (0) 780 34 58 58,info@hillviewhotelkivu.com
ISANGE HILLSTAR,Accommodation entity,Villa,Northern Province,Musanze,https://tourismregulation.rw/en/entity/profile/995/,Licensed,"The ISANGE HILLSTAR is comfortable villa, situated in Musanze Town. The Villa is arranged on one floor, apart from the reception, there is a comfortable lounge where you can sit and just read. You can relax and immerge yourself from morning onwards in the atmosphere of Musanze daily life. Where you can enjoy the wonderful view. The Villa provides an internet and a free Wi-Fi service",9,9,,,+250786651666,isangeaccom18@gmail.com
LA PALISSE GASHORA,Accommodation entity,Vacation hotel or resort,Eastern Province,Bugesera,https://tourismregulation.rw/en/entity/profile/364/,Licensed,"LA PALISSE GASHORA IS LOCATED IN GASHORA DISTRICT, NEXT TO RIVER HAS 40 GUEST ROOM 3 CONFERENCE CENTER AND PLAYING GROUNDS",40,80,Rwandan & International,,0788306111,lgashora@yahoo.com
Governors safaris,Tour operator/Travel agent/Tour guide,Tour operator,City Of Kigali,Nyarugenge,https://tourismregulation.rw/en/entity/profile/381/,Licensed,"Governors safaris is a tour operator based at Kigali city tower its a branch of Governors camp which is a lodge in Musanze district,Governors safaris operates with all its clients coming in from different destination of the world  to visits the Gorilla at the Volcanoes National park where the Lodge is located.",0,0,,www.governorscamp.com,+250 784321287,william@governorscamp.com
Bizidanny Tours and Safaris,Tour operator/Travel agent/Tour guide,Tour operator,City Of Kigali,Nyarugenge,https://tourismregulation.rw/en/entity/profile/454/,Licensed,"Bizidanny Tours and Safaris is a rwandan tour company that organise  tours in Rwanda these tours , include gorilla treks, nature/leisure and culture activities, hotel bookings, airport transfers, gorilla tracking and other permits etc...",0,0,,www.bizidanny.com,0788501461,bizidannytours@yahoo.fr
JK Safaris Rwanda Ltd,Tour operator/Travel agent/Tour guide,Tour operator,City Of Kigali,Gasabo,https://tourismregulation.rw/en/entity/profile/452/,Licensed,"JK Safaris Rwanda Ltd is a tour operator registred with RIEPA since 2006. JK Safaris offers package in Rwanda. Our main markets are Australia / New Zeeland, Scandinavia, UK and also markets itself to individual cleints.",0,0,,http://gorillasafaris.net/,0788300649,kris@gorillasafaris.net
KIBO SLOPES RWANDA LIMITED,Tour operator/Travel agent/Tour guide,Tour operator,City Of Kigali,Nyarugenge,https://tourismregulation.rw/en/entity/profile/394/,Licensed,"Kibo slopes Rwanda Ltd is a sister company of Kibo Slopes Safaris Ltd which offers the best tours services in Rwanda,Kenya, Uganda, Tanzania and Ethiopia. As pioneers of cross border tourism, our regional presence enables us to efficiently coordinate unique programs for our clients. Our client base includes traditional markets in Europe, North  America as well as emerging markets in Asia and South America.",0,0,,www.kiboslopessafaris.com,0782363638,kigali@kiboslopessafaris.com
SCHEBA HOTEL,Accommodation entity,Town hotel,City Of Kigali,Nyarugenge,https://tourismregulation.rw/en/entity/profile/384/,Licensed,"Welcome to Scheba Hotel: Scheba Hotel is situated in the up market area of Kiyovu, Kigali, Rwanda. Experience a wonderful stay as the contemporary elegance of  Scheba Hotel provides the perfect setting of a stylish restaurant and luxury rooms. It has the spectacular scenic view of Gikondo, Kimihurura and Kicukiro surburbs. The magnificent pool view and thestilly street view on the other side. Scheba restaurant offers guests a range of continental, indian, italian, and oriental cuisine while Scheba pool view bar offers a relaxed atmosphere for a memorable experience. Scheba hotel has 35",35,44,,www.schebahotel.com,0788307560,info@schebahotel.com
HILLS IN THE MIST TOURS,Tour operator/Travel agent/Tour guide,Tour operator,City Of Kigali,Gasabo,https://tourismregulation.rw/en/entity/profile/427/,Licensed,"Hills in The Mist Tours, it is a tour company based in Rwanda, Kigali. We are specialist tour planners for East African countries. Our team has decades of combined travel experience in the area and we have personally visited and approved all of the destinations we recommend.",0,0,,www.hillsinthemisttours.com,+250788504756,hillsmistours@gmail.com
KWIZERA EMMANUEL,Tour operator/Travel agent/Tour guide,Tour guide,City Of Kigali,Kicukiro,https://tourismregulation.rw/en/entity/profile/1055/,Licensed,Guide,0,0,,,0788523854,emmanuelkwizera183@gmail.com
LA PALISSE NYANDUNGU,Accommodation entity,Town hotel,City Of Kigali,Kicukiro,https://tourismregulation.rw/en/entity/profile/366/,Licensed,"LA PALISSE NYANDUNGU IS SUBDISIARY OF CLUB HOUSE LA PALISSE HOTELS WE AHAVE 72 ACCOMMODATION ROOMS IN 3 CATEGORIES STANDARD ROOMS, EXECUTIVE ROOMS AND SUITE ROOM, WE ALSO KNOWN AS SPORTS AND RECEREATION CENTER",72,144,,,0788305505,PALISSEHO@YAHOO.FR
EAGLE RIDE LTD,Tour operator/Travel agent/Tour guide,Tour operator,City Of Kigali,Kicukiro,https://tourismregulation.rw/en/entity/profile/424/,Licensed,"Eagle Ride offers highly personnalized services in east africa as tour operator. We propose different tour packages around East Africa, guided tours to different parks, specialized group tours or exclusive tailor made journeys for individual traveler, car hire service (all type of vehicles)...We can plan and organize your holiday from A to Z, and we will be happy to offer you the unique experience of a travel in East Africa...",0,0,,www.eagle-ride.com,+250788308446,sales@eagle-ride.com
uwase Anuarite,Tour operator/Travel agent/Tour guide,Tour guide,City Of Kigali,Kicukiro,https://tourismregulation.rw/en/entity/profile/402/,Licensed,"uwase Anuarite known as Annie,am a tour/driver guide and a secretary of Rwanda safari guides association.Annie just finished her bachelor's degree in tour and travel management,in the university of tourism and business technology.Apart from being a university student of tourism i also attended different training related to guiding in Rwanda and Uganda.Am currently working with kiboslopes Rwanda LTD.",0,0,,,0785230097,strongerannie@gmail.com
EXCLUSIVE RWANDA,Tour operator/Travel agent/Tour guide,Tour operator,City Of Kigali,Kicukiro,https://tourismregulation.rw/en/entity/profile/390/,Licensed,"Exclusive Rwanda is a destination management company welcoming our clients, organizing tourism safaris into Rwanda since May 2015.",0,0,,,+250782776930,exclusiverwanda@gmail.com
Safari SEGATARAMA,Tour operator/Travel agent/Tour guide,Tour guide,Northern Province,Musanze,https://tourismregulation.rw/en/entity/profile/393/,Licensed,Driver guide,0,0,,,0788416186,ssegatarama@gmail.com
HOTEL GORILLAS/GOLF,Accommodation entity,Town hotel,City Of Kigali,Gasabo,https://tourismregulation.rw/en/entity/profile/386/,Licensed,"Gorillas Golf Hotel’s 83 rooms and suites have been carefully appointed to the highest degree of comfort and convenience. All rooms have en-suite bathrooms and Balcony, International Direct Dial telephones, Internet, color television and a fully stocked mini bar. Children 12 Years or above will be considered as Adult and full Room Rate will be charged. Room Rates are on Bed & Breakfast basis. Meal Lunch US $ 25 Dinner US $ 30 Swimming Children RWF 5000 Adult RWF 6000 All above rates are inclusive of taxes",83,94,"International, African, Other (specify)",www.gorillashotels.com,0788174000,reservation@gorillashotels.com
GREAT SEASONS HOTEL,Accommodation entity,Town hotel,City Of Kigali,Gasabo,https://tourismregulation.rw/en/entity/profile/385/,Licensed,"INTRODUCTION Great Seasons Hotel is a three star hotel, a modern facility, comfortable and conveniently located in the quiet and high end suburb of Gacuriro/Kagugu hills, just 15 minutes’ drive from Kigali International Airport, 10 minutes to the Centre City and only 5 minutes’ drive away from the famous RWANDA GENOCIDE MEMORIAL CENTER. The hotel has a total of 31 rooms including 24 standard rooms, 2 Twin rooms, 3 Junior Suites and 2 Executive Suites. The Executives suites have two separate bedrooms, a large sitting room and a fully equipped kitchenette with Fridge, Microwave, a gas cooker and air condition. The junior suites have one separate bedroom and a sitting room fitted with air condition and a kitchenette too. All rooms have a private bathroom, Wi-Fi connection, flat screen TV’s, air conditioner, tea and coffee making facilities, hairdryers, Iron box and Ironing board, and are tastefully furnished to create the unforgettable cozy experience of your stay in Kigali. The hotel has five conference halls ranging from the capacity of 12, 30, 80, 100 and 200 people per seating, a coffee shop and a pool bar. It has a 24 hrs. Manned reception and a wakeup call service. We offer free airport transfer services to our guests. Town shuttle can be provided upon request. Other  facilities within the hotel includes a restaurant with a capacity of 45 people seating comfortably , swimming pool, pool bar, a wellness center with   sauna , massage services ,  and a pool restaurant specializing in barbeques.",31,33,"Indian, Rwandan & International",www.greatseasonshotel.rw,0783814000,info@greatseasonshotel.rw
MOSTEJ HOTEL,Accommodation entity,Town hotel,Western Province,Rubavu,https://tourismregulation.rw/en/entity/profile/387/,Licensed,"Mostej Hotel Gisenyi is an 20 roomss,comfortable hotel,situated in the heart of Rubavu town.the hotel is arranged on one floor,without a lift.one the ground floor,a part from the reception,there is a comfortable lounge where you can sit and drink tea,or just read.There is also a splendid terrace,where,you can relax and immerge yourself from morning onwards in the atmosphere of Rubavu dail life. The rooms are arrannged on the first,floors.one first floor,there is also a delightful terrace available for the use of guests, from where you can enjoy the wonderful view.The buffet breakfast is served in the restaurant on the ground floor.The hotel provides an internet point,and a free Wi-Fi sevice.",19,37,Rwandan & International,www.mostejhotel.net,0788350366,mostejhotel@yahoo.com
Kalisa Tumaini,Tour operator/Travel agent/Tour guide,Tour guide,City Of Kigali,Kicukiro,https://tourismregulation.rw/en/entity/profile/392/,Licensed,safari guide/ driver guide,0,0,,,0788350048,kalisatumaini@gmail.com
HAKIZAMUNGU Aimable Jean Claude,Tour operator/Travel agent/Tour guide,Tour guide,City Of Kigali,Kicukiro,https://tourismregulation.rw/en/entity/profile/395/,Licensed,Drive guide,0,0,,,0788433499,aimableclaudeh@yahoo.fr
The Far Horizons Ltd,Tour operator/Travel agent/Tour guide,Tour operator,City Of Kigali,Gasabo,https://tourismregulation.rw/en/entity/profile/391/,Licensed,"The Far Horizons is an expert Destination Management Company for East Africa offering tailor-made safaris and excursions in Rwanda and Uganda. Experience of handling small, intimate, luxury safaris to medium sized special interest groups (photography, birding, wildlife expeditions), to large scale incentive and conference travel.",0,0,,www.thefarhorizons.com,+250785658777,info@thefarhorizons.com
Mapendano Voyages Rwanda,Tour operator/Travel agent/Tour guide,Tour operator,City Of Kigali,Gasabo,https://tourismregulation.rw/en/entity/profile/398/,Licensed,"WILDLIFE SAFARIS Africa is the ultimate destination for wildlife safaris. In Swahili, the word SAFARI means 'journey'. Our journeys are a cocktail of African wildlife, nature and culture. As you follow the contours of the Great African Rift Valley from the Virunga volcanoes to the Indian ocean, through Congo, Rwanda, Uganda, and Tanzania, you will experience some of the most breathtaking sights in the World. This part of Africa is a hive of natural and cultural diversity. It is a must for nature lovers. Our suggested itineraries and tours have been carefully planned and selected to allow you to be different, daring and individual, enabling you to enjoy this truly unique experience with us. We cross many borders -sometimes venturing into neighboring Kenya, Burundi… We have been organizing safaris in Eastern and Central Africa since 1985 and we are considered experts in our field. Come and discover with us at Mapendano Voyages the unique combination of wildlife, landscape and culture that is the magic of Africa. Mapendano Voyages is a team of experienced individuals who have worked together for many years and have an extensive knowledge of Central and Eastern Africa.",0,0,,www.mapendanovoyages.com,0784500466,mapendanovoyages@aol.com
Bilima Innocent,Tour operator/Travel agent/Tour guide,Tour guide,City Of Kigali,Kicukiro,https://tourismregulation.rw/en/entity/profile/399/,Licensed,Tour & Safari Guide operating under the umbrela association (Rwanda Safari Guide Association) We drive and guide tourists that visits Rwanda in National parks and other sites .,0,0,,www.rwasaga.org,+250788505343,bilimaj@hotmail.com
SPORTSVIEW HOTEL KIGALI LTD,Accommodation entity,Town hotel,City Of Kigali,Gasabo,https://tourismregulation.rw/en/entity/profile/397/,Licensed,"Sports view hotel is a three start hotel located in Remera in front of the main gate of amahoro national stadium. It is a fashionable luxury, first class hotel set to the international standards of hospitality and comfort. It is especially enticing venue for the business firms and professional organizations, who wish to host seminars, workshops, conferences or tour groups seeking to itinerate accommodation with a different tranquil atmosphere The hotel facilities cover a total area of 2 ha and 2.5 ha, self contained rooms with modern wash rooms, all rooms have TVs, telephones, wireless connection and the hotel has a health club that offers  Gym & aerobics, Sauna & massage. Additionally the hotel also has 5 conference facilities that host people arranging from 1300 people, 1000 people, 80 people, 50 people and 25 people. The hotel walls are well furnished and all floors modern tiled, it has big parking yard built of bricks surrounded by a variety of trees and flowers which brings in fresh air The hotel services are hospitality and other hotel services aimed at satisfying our guests with a consideration Sports view hotel was constructed purposely for hospitality and hotel services with a consideration of persons living with disabilities, where   someone can move from room to conference hall, to the restaurant, to the parking easily without having to pass through the stairs.",39,45,,www.sportsviewhotelkigali.com,0788301003/0788301109/0783236997,info@sportsviewhotelkigali.com
Pangolin's Burrows Ltd.,Restaurant/Bar/Nightclub,Restaurant,City Of Kigali,Gasabo,https://tourismregulation.rw/en/entity/profile/1211/,Licensed,"Burrows is a restaurant with a bar, with nice quality both local and international food. Burrows is situated in Kacyiru, Gasabo, and is opened from 8am to 2 am. It is a open space, where people enjoy their meal with smoothing music while watching your favorite sports games. Its a comfortable place where people have their birthday celebrations, and other social parties.",0,0,,,+250788307987,pangolinsburrows@gmail.com
HOTEL HILLTOP AND COUNTRY CLUB,Accommodation entity,Town hotel,City Of Kigali,Kicukiro,https://tourismregulation.rw/en/entity/profile/396/,Licensed,"Hilltop is the the leading budget hotel in Kigali City, Rwanda. Located within 5 minutes from Kigali airport and only 10 minutes drive to the city centre, Hilltop Hotel is your perfect choice for your business and leisure stay in Kigali and Rwanda. Our competitive rates make Hilltop Hotel on top of hotels in Kigali and Rwanda. Here at Hilltop hotel and country club, we believe in delivering on a promise. With one of the widest choice of meeting space in Kigali, state-of-the-art accommodation facilities, unprecedented improved customer service and award winning catering we're certain that Hilltop hotel and country club can deliver the perfect package for you and your business.Within 5 minutes from Kigali International Airport, meet our friendly team on hand to take care of your every last detail. At Hilltop hotel and country club it is the people that matter. We know how important afforable accommodation and quality services are important to you business or your event  and that is why you can be sure that our dedicated teams will be on hand every step of the way to ensure a successful and stress-free stay and event, every time you are based to Hilltop Hotel. Enjoy your stay in this contemporary room with a city view. The comfortable room has large soundproofed windows. Catch up on work at the desk, check your emails with internet access.   Features Conference Facilities : Accommodation : 116 ROOMS Bar & Restaurant : 3 Bar and Restaurant Out door Catering Multipurpose Halls : 8 Conference Halls Internet cafe Wireless connection Buffet at any minute of the day Live Band Every Friday",116,166,,www.kigalihotelhilltop.com,0788305120,hilltopcountryclub@yahoo.com
UBUMWE GRANDE HOTEL,Accommodation entity,Town hotel,City Of Kigali,Nyarugenge,https://tourismregulation.rw/en/entity/profile/400/,Licensed,"Ubumwe Grande Hotel (that means unity in Kinyarwanda) brings a touch of 21st century hospitality to the peaceful and serene city of Kigali. The modern design located amidst the Central Business District next to government ministries and banks makes a strong design statement. The roof top tent design resembles Rwandan mountains and together with the highest infinity pool in Rwanda, makes it clear that Ubumwe Grande Hotel is daringly beautiful. Ubumwe Grande Hotel is young, contemporary and relevant, offering professional hospitality on a true 4- star level with excellent value for money. You will be taken care of by a passionate, professional hand-picked Rwandan-international team that is determined to add a big smile to your day.",153,200,,www.ubumwegrandehotel.com,00250788744755,info@theapdl.com
Kawira Safaris Ltd,Tour operator/Travel agent/Tour guide,Tour operator,City Of Kigali,Kicukiro,https://tourismregulation.rw/en/entity/profile/1009/,Licensed,"Kawira Safaris , travel leaders provides personalized customer service to our guest. We assist in coordinating every detail of your dream holiday plans. Whether you're looking for relaxation or adventure, solitude or socialization, we've got great vacation ideas for you. Choose what you'd like to do from Gorilla Trekking to Game safari, Walking tours to Volcano hikes, we'll help you decide where to go. Our travel packages offer a wide range of activities and destinations - which means you're guaranteed to find the perfect escape from everyday life. We offer East Africa safaris too, including Kenya, Uganda, Tanzania safaris.",0,0,,www.kawirasafaris.net,+250787976905,info@kawirasafaris.net
MANIRIHO Augustin,Tour operator/Travel agent/Tour guide,Tour guide,City Of Kigali,Gasabo,https://tourismregulation.rw/en/entity/profile/409/,Licensed,I am MANIRIHO Augustin Come from Northern province I am tour guide in Rwanda  especially nature and Culture   I was promoted by NDAYAMBAJE Kassim who is tour operator in hills in the mist tours  and MANZI  from thousand hills  I was promoted by them  as to support the local people come from near volcanoes nation park.,0,0,,,+250783580908,augustinguidee@gmail.com
BELVEDERE HOTEL,Accommodation entity,Town hotel,Western Province,Rubavu,https://tourismregulation.rw/en/entity/profile/401/,Licensed,"L’hôtel Belvédère est situé en République Rwandaise, dans la Province de l’Ouest, District de Rubavu, Secteur Gisenyi. Il est localisé précisément sur le mont Rwaza, près du siège de la Communauté Economique des Pays des Grands Lacs (CEPGL) et à 300m du Lac Kivu à 1km de l’aérodrome de Gisenyi. De l’hôtel, on a une vue plongeante sur le Lac Kivu, sur les villes de Gisenyi et de Goma.",25,29,International,www.belvederehotel.com,+250788301730,manager.belvederehotel@gmail.com
NSHABAMUNGU Nuuru,Tour operator/Travel agent/Tour guide,Tour guide,City Of Kigali,Gasabo,https://tourismregulation.rw/en/entity/profile/404/,Licensed,Driver guide,0,0,,,078887937,nuurun@gmail.com
KWIZERA Patrick,Tour operator/Travel agent/Tour guide,Tour guide,City Of Kigali,Gasabo,https://tourismregulation.rw/en/entity/profile/405/,Licensed,Driver guide,0,0,,,0788758534,patricko745@gmail.com
wildlifetours-rwanda,Tour operator/Travel agent/Tour guide,Tour operator,City Of Kigali,Gasabo,https://tourismregulation.rw/en/entity/profile/417/,Licensed,"Wildlifetours-Rwanda is a professional inbound and outbound Tour company , based in Kigali , the capital city of Rwanda; specializing in high quality tours that incorporate pro-poor tourism and ecotourism approaches in the development,operation and management of all our packages. In addition, we organize cultural and community based tours within Rwanda and other East African countries.",0,0,,www.wildlifetours-rwanda.com,0788357052,info@wildlifetours-rwanda.com
Andrew KALINDA MUGEMA,Tour operator/Travel agent/Tour guide,Tour guide,City Of Kigali,Kicukiro,https://tourismregulation.rw/en/entity/profile/406/,Licensed,Driver Guide,0,0,,,0788409744,mugekali@yahoo.com
AMAHORO TOURS,Tour operator/Travel agent/Tour guide,Tour operator,Northern Province,Musanze,https://tourismregulation.rw/en/entity/profile/410/,Licensed,"Amahoro Tours a private limited tour company in Rwanda with head offices in Ruhengeri-Home town to the endangered Mountain Gorillas and the Virunga Mountains. Our brand Amahoro Tours www.amahoro-tours.com is a tour and safari operator that caters for both local and international tourists. Our primary goal aims at promoting a high-quality tour experience in an environment that benefits an increasing number of local people directly as our partners, yet without compromising the very assets upon which the destination depends. Our clientèle include tourists, volunteers, students and researchers who wish to visit on holidays for different reasons that include but not limited to Safari tours, Honey Moon and adventure.",0,0,,http://www.amahoro-tours.com,+250788687448 | +250788655223,info@amahoro-tours.com
Umubano-Tours,Tour operator/Travel agent/Tour guide,Tour operator,Northern Province,Musanze,https://tourismregulation.rw/en/entity/profile/411/,Licensed,"Umubano-Tours and Intercultural Expedition a Rwandan owned business is a successful and reputable tour company based in Musanze District in the Northern province of Rwanda. We now have over 5 years of experience in ecological and nature oriented safaris in Rwanda and the East African region. We offer exceptional Rwanda tours with a distinctive Cultural and community activities. Our services also include Gorilla and Primate Trek Tours, Wildlife Safaris, Camping, Hiking and canoeing, bird watching, adventure tours, biking, Volunteering Vacation, Tailor Made Holidays and Honey moon Vacation. Our Wide services explore the forgotten treasures of Rwanda and the neighborhood country. Our Primary Goal is to insure we provide the best and quality experience to our Guests in an environment which benefits and makes happy a good number of the local people and that entertain the pleasure of our Guest through a certain cultural and historical manner.",0,0,,www.umubanotours.com,0782175174,info@umubanotours.com
Songa Africa The Tourism Company,Tour operator/Travel agent/Tour guide,Tour operator,City Of Kigali,Gasabo,https://tourismregulation.rw/en/entity/profile/423/,Licensed,"Songa Africa is a tourism company based in Rwanda that offers luxurious experiences within Rwanda and the rest of  East Africa and Africa.  We provide people with a unique experience into discovering Africa, with packages that meet one’s desires and the assurances that you are in safe hands.",0,0,,www.songaafrica.com,+250727770101,info@songaafrica.com
HAKIZIMANA Yassin Hamdan,Tour operator/Travel agent/Tour guide,Tour guide,City Of Kigali,Gasabo,https://tourismregulation.rw/en/entity/profile/414/,Licensed,Tour guide,0,0,,,0788417331,yasinhamd17@yahoo.com
GAKARAMA Makindi,Tour operator/Travel agent/Tour guide,Tour guide,City Of Kigali,Nyarugenge,https://tourismregulation.rw/en/entity/profile/415/,Licensed,Tour guide,0,0,[],,0788586641,shitowa.tours@gmail.com
Eric KINYANZA,Tour operator/Travel agent/Tour guide,Tour guide,City Of Kigali,Kicukiro,https://tourismregulation.rw/en/entity/profile/416/,Licensed,Tour guide,0,0,,,0788669191,kinyanzaeric@gmail.com
PRIMATE SAFARIS,Tour operator/Travel agent/Tour guide,Tour operator,City Of Kigali,Gasabo,https://tourismregulation.rw/en/entity/profile/421/,Licensed,"Primate Safaris Ltd, incorporated in the year 2000 under the Companies Act, specializes in tours within Rwanda ""the land of a thousand hills"", and Uganda ""The pearl of Africa"". We just won the World Travel Awards, 2017 award - The Leading Tour Operator in Rwanda. We are Professional Inbound Tour Operator, providing tailor made itineraries in the land ‘with abundance of natural beauty and breath taking scenery. Primate Safaris, just as the name suggests, evokes dreams of mysterious jungles filled with rare flora and fauna and the world of free-living primates. The reality will not disappoint the traveler bored with mass tourism, seeking an exclusive, highly enlightening and enjoyable eco-tourism experience.",0,0,,www.primatesafaris.info,+250788300495/+25078430079,info@primatesafaris.info
DUFATANYE Lucian,Tour operator/Travel agent/Tour guide,Tour guide,Northern Province,Musanze,https://tourismregulation.rw/en/entity/profile/420/,Licensed,tour guide,0,0,,,0785331096,lucianduf@yahoo.co.uk
KAYIRANGA Eric,Tour operator/Travel agent/Tour guide,Tour guide,City Of Kigali,Gasabo,https://tourismregulation.rw/en/entity/profile/422/,Licensed,tour guide,0,0,,,0788510671,ekayirang@gmail.com
TUMUSIME Charles,Tour operator/Travel agent/Tour guide,Tour guide,City Of Kigali,Gasabo,https://tourismregulation.rw/en/entity/profile/425/,Licensed,Tour guide,0,0,,,0788596414,moreenurujeni@yahoo.com
MUHIRE Jeremiah,Tour operator/Travel agent/Tour guide,Tour guide,City Of Kigali,Gasabo,https://tourismregulation.rw/en/entity/profile/426/,Licensed,driver guide,0,0,,,0788851616,muhirejeremiah@yahoo.com
RINGUYENEZA Protais,Tour operator/Travel agent/Tour guide,Tour guide,City Of Kigali,Kicukiro,https://tourismregulation.rw/en/entity/profile/431/,Licensed,Tour guide,0,0,,,0788638712,ringostonecompany@gmail.com
KALISA Valens,Tour operator/Travel agent/Tour guide,Tour guide,City Of Kigali,Nyarugenge,https://tourismregulation.rw/en/entity/profile/433/,Licensed,tour Guide,0,0,,,0788406676,kalvalens094@gmail.com
International Tours and Travel Ltd (ITT),Tour operator/Travel agent/Tour guide,Tour operator,City Of Kigali,Nyarugenge,https://tourismregulation.rw/en/entity/profile/441/,Licensed,"International Tours and Travel Company (ITT) is a local owned tour and travel Company based In Kigali, Rwanda. The company was established in 1995, by Mrs. Jeannette GISA. It took only three years for the company to be accredited by International Air Transport Association (IATA) and today, we are on Bill and Settlement Plan (BSP). ITT is rated as one of the leading tour and travel of choice in Rwanda handling standards number of travelers a year, all without losing focus on the competence and personalized service that has been our groundwork, tradition and brand. Our services include airline ticketing and reservations, tours/packages ,hotel reservations and car rental.",0,0,,www.itt.co.rw,(+250) 252578831,info@itt.co.rw
MUTABAZI Fabrice,Tour operator/Travel agent/Tour guide,Tour guide,City Of Kigali,Gasabo,https://tourismregulation.rw/en/entity/profile/419/,Licensed,tour guide,0,0,,,0788720213,mutabazifabrice13@gmail.com
BYIMANA CLEMENT,Tour operator/Travel agent/Tour guide,Tour guide,City Of Kigali,Kicukiro,https://tourismregulation.rw/en/entity/profile/428/,Licensed,With much respect for my clients,0,0,,,+250788628754,cbyimana@gmail.com
UBER LUXE SAFARIS,Tour operator/Travel agent/Tour guide,Tour operator,City Of Kigali,Gasabo,https://tourismregulation.rw/en/entity/profile/439/,Licensed,"Uber Luxe Safaris is a boutique luxury Safari company based in Kigali, Rwanda that provides the ultimate Bespoke Safari Experience within East Africa to our discerning traveler. From Gorilla Trekking to Helicopter & Philanthropic Tours, Culinary & Cultural experiences, birding and Game Viewing drives.",0,0,,www.uberluxesafaris.com,250782500598,info@uberluxesafaris.com
KAYITARE Deogratias,Tour operator/Travel agent/Tour guide,Tour guide,City Of Kigali,Kicukiro,https://tourismregulation.rw/en/entity/profile/432/,Licensed,Tour guide,0,0,,,0788312539,kayideo72gratias@gmail.com
ATTRACTIVE SAFARIS LTD,Tour operator/Travel agent/Tour guide,Tour operator,City Of Kigali,Nyarugenge,https://tourismregulation.rw/en/entity/profile/429/,Licensed,"ATTRACTIVE SAFARIS provides tour and travel packages to tourists primarily in Rwanda, but also in East African Community countries. It is located in NYARUGENGE District not far from the Roundabout in downtown, Kigali City Center. ATTRACTIVE SAFARIS’ADDRESS Company name: ATTRACTIVE SAFARIS LTD CENTRE SAINT PAUL Road KN 1 ST, Nyarugenge P.o.Box: 5503 Kigali, Rwanda Tel No: +250788487682 / +250785376367 Email:info@attractivesafaris.com Website: www.attractivesafaris.com SERVICES ATTRACTIVE SAFARIS offers the following services: 	Tourism services: Safaris planning and management, Mountain Gorilla permits booking and tracking, chimpanzee and other primates trekking, wildlife safaris, cultural and historical tours, eco-tourism and community based tourism, Kibeho pilgrimage, hotels booking, airport transfers, trek, hiking, walking, biking, etc 	Travel services: Cars hire services ( tourists and other travelers), air ticketing, …",0,0,,www.attractivesafaris.com,+250 788 487 682 / +250 785 376367,info@attractivesafaris.com
KABATSI Jean Marie,Tour operator/Travel agent/Tour guide,Tour guide,City Of Kigali,Gasabo,https://tourismregulation.rw/en/entity/profile/430/,Licensed,Tour Guide,0,0,,,0788646397,kabatsij@yahoo.com
NTABANGANYIMANA Anaclet,Tour operator/Travel agent/Tour guide,Tour guide,City Of Kigali,Kicukiro,https://tourismregulation.rw/en/entity/profile/434/,Licensed,Tour Guide,0,0,,,0788539606,anacletmana@gmail.com
SIBOMANA Emmanuel,Tour operator/Travel agent/Tour guide,Tour guide,City Of Kigali,Gasabo,https://tourismregulation.rw/en/entity/profile/435/,Licensed,Tour Guide,0,0,,,0785220831,sibomanae004@gmail.com
MUSONI Innocent,Tour operator/Travel agent/Tour guide,Tour guide,City Of Kigali,Kicukiro,https://tourismregulation.rw/en/entity/profile/443/,Licensed,Tour guide,0,0,,,0788519388,musoniinnocent180@yahoo.com
GAKUBA Fred,Tour operator/Travel agent/Tour guide,Tour guide,City Of Kigali,Nyarugenge,https://tourismregulation.rw/en/entity/profile/436/,Licensed,Tour guide,0,0,,,0788589050,gakubafrederick@gmail.com
NZABONIMPA Theodore,Tour operator/Travel agent/Tour guide,Tour guide,Northern Province,Musanze,https://tourismregulation.rw/en/entity/profile/449/,Licensed,"NZABONIMPA Theodore is the Founder and Managing Director of Beyond the Gorillas Experience, Ltd (BGE) and also a tour guide from Musanze (the former Ruhengeri). BGE has, for a long time (from 2010), proved its professional experience in providing to tourists (local, regional and international) exciting experiences and attractions. Beyond the visits to National Parks, BGE provides Community Based Tourism (CBT) activities such as authentic village tours, scenic walk and bird watching, booze cruise in Burera and Ruhondo, local hills hiking, scenic tour around Volcanoes National Park, home stay, umuganura tour, local beer brewery, beekeeping experience, community volunteering, cultural entertainment, local project visits, night fishing, coffee tour experience, biking in village, tented camp site and live culture interpretation, etc. For more details: Website: www.beyondgorillasexperience.com Facebook: Beyond the Gorillas Experience",0,0,,www.beyondgorillasexperience.com,+250788495604,beyondgorillasexperience@gmail.com
BARANYERETSE Tharcisse,Tour operator/Travel agent/Tour guide,Tour guide,City Of Kigali,Gasabo,https://tourismregulation.rw/en/entity/profile/437/,Licensed,Tour Guide,0,0,,,0788407334,tbaranyeretse@gmail.com
TWAMBAZE Jean Marie Vianney,Tour operator/Travel agent/Tour guide,Tour guide,City Of Kigali,Kicukiro,https://tourismregulation.rw/en/entity/profile/438/,Licensed,Tour Guide,0,0,,,0788586345,kagaba7@gmail.com
UNLIMITED TRAVEL AGENCY LTD,Tour operator/Travel agent/Tour guide,Travel agent,City Of Kigali,Gasabo,https://tourismregulation.rw/en/entity/profile/445/,Licensed,UNLIMITED TRAVEL AGENCY LTD  is a registered  company  TIN 103625006  LOCATED in KIGALI  GASABO ISTRICT KACYIRU SECTOR with an office at KUBAHO House 2nd Floor with three staff offering  travel agency services . office operating hours  08.00hrs    -1700hrs  with a 24hrs  telephone line to be used after office hrs.,0,0,,www.unlimitedtravel.co.rw,+250786581894,info@unlimitedtravel.co.rw
Individual Tours LTD,Tour operator/Travel agent/Tour guide,Tour operator,City Of Kigali,Gasabo,https://tourismregulation.rw/en/entity/profile/440/,Licensed,"Individual Tours LTD is a small, Rwandan owned and based company since 2009. The office is located in Nyarutarama/ Kigali near the Tennis Club and Park View Hotel. The company aims at tourists who want to be actively involved in their itinerary and expect a service that addresses their individual needs and interests as well as that of small groups and families such as learning about the Rwandan culture, wildlife, as well as go for hiking, or just enjoying unspoilt nature.",0,0,,www.individualtours.net,+250 788 35 26 61,contact@individualtours.net
KARANGWA Moses,Tour operator/Travel agent/Tour guide,Tour guide,City Of Kigali,Gasabo,https://tourismregulation.rw/en/entity/profile/444/,Licensed,TOur Guide,0,0,,,0788596370,kalanmoses@yahoo.fr
MUREKEZI Theogene,Tour operator/Travel agent/Tour guide,Tour guide,City Of Kigali,Gasabo,https://tourismregulation.rw/en/entity/profile/442/,Licensed,TOUR GUIDE,0,0,,,0788509212,themurekezi@yahoo.fr
GASIGWA Omar,Tour operator/Travel agent/Tour guide,Tour guide,Northern Province,Musanze,https://tourismregulation.rw/en/entity/profile/446/,Licensed,Tour guide,0,0,,,0788473495,omagas78@gmail.com
Jean Bosco GAHONGAYIRE,Tour operator/Travel agent/Tour guide,Tour guide,City Of Kigali,Kicukiro,https://tourismregulation.rw/en/entity/profile/447/,Licensed,tour guide,0,0,,,0788352524,jeanbosco29@yahoo.com
RUTAYISIRE Joseph,Tour operator/Travel agent/Tour guide,Tour guide,City Of Kigali,Kicukiro,https://tourismregulation.rw/en/entity/profile/450/,Licensed,Tour Guide,0,0,,,0788502055,rutayisire.joe@gmail.com
Innocent BAGUMA,Tour operator/Travel agent/Tour guide,Tour guide,City Of Kigali,Gasabo,https://tourismregulation.rw/en/entity/profile/451/,Licensed,tour guide,0,0,,,0788423869,innobag15@gmail.com
NGOBOKA SERAGO,Tour operator/Travel agent/Tour guide,Tour guide,City Of Kigali,Nyarugenge,https://tourismregulation.rw/en/entity/profile/457/,Licensed,Tour GUIDE,0,0,,,0782229560,etienne.ngoboka@gmail.com
INTERNATIONAL TRAVEL AGENCY /BCD TRAVEL RWANDA,Tour operator/Travel agent/Tour guide,Tour operator,City Of Kigali,Nyarugenge,https://tourismregulation.rw/en/entity/profile/456/,Licensed,"International Travel Agency (ITA) is one of the biggest and most experienced Travel Agency in Kigali (established since 1995) and is  BCD travel  Rwanda I.T.A is an approved travel agency by International Air Transport Association (IATA), located at the Union Trade Centre (Second floor). We hold stock of tickets of Brussels Airlines, Kenya Airways, KLM, Rwandair, Ethiopian, South African Airways, Turkish Airlines, Delta, Etihad Airways and Qatar, also tickets of Airline which are not operating in Rwanda.",0,0,,www.ita.rw,+250 788303598  / +250788308353,info@ita.rw
MAGEZI Jean Sauveur,Tour operator/Travel agent/Tour guide,Tour guide,City Of Kigali,Gasabo,https://tourismregulation.rw/en/entity/profile/455/,Licensed,Tour Guide,0,0,,,0788306559,msus07@gmail.com
Lets Go Tours Rwanda,Tour operator/Travel agent/Tour guide,Tour operator,City Of Kigali,Gasabo,https://tourismregulation.rw/en/entity/profile/562/,Licensed,"Lets go Tours Rwanda is a tour company based in Kigali offering all different kind of tourism packages, Situated in Remera-Gasabo District ,Kigali City on  KN5 airport Roa",0,0,,www.letsgotoursrwanda.com,0788461913,safaris@letsgotoursrwanda.com
GASANA Samuel,Tour operator/Travel agent/Tour guide,Tour guide,City Of Kigali,Gasabo,https://tourismregulation.rw/en/entity/profile/459/,Licensed,Tour Guide,0,0,,,0788484064,samgasana757@gmail.com
KABALISA Jean Paul,Tour operator/Travel agent/Tour guide,Tour guide,City Of Kigali,Nyarugenge,https://tourismregulation.rw/en/entity/profile/460/,Licensed,Tour Guide,0,0,,,0788306436,pkalisajean@gmail.com
BYARUGABA Duncan,Tour operator/Travel agent/Tour guide,Tour guide,City Of Kigali,Kicukiro,https://tourismregulation.rw/en/entity/profile/461/,Licensed,A pro-active Tour Guide with over 8 years experience. Working as a Tour Guide I Posses great skills in this career and. This role has enabled me to develop a valuable and transferable skill set which stands me in good state as a tour guide”,0,0,,,0788777429,duncanbyarugaba1@gmail.com
NKUSI NDAGAMYAMBI Guillaume,Tour operator/Travel agent/Tour guide,Tour guide,City Of Kigali,Gasabo,https://tourismregulation.rw/en/entity/profile/462/,Licensed,Tour Guide,0,0,,,0788383666,nkusiguillaume@gmail.com
HAGENIMANA Mansoor,Tour operator/Travel agent/Tour guide,Tour guide,City Of Kigali,Nyarugenge,https://tourismregulation.rw/en/entity/profile/463/,Licensed,Tour Guide,0,0,,,0788518602,hagenimanamansoor@gmail.com
fidele Muhire,Tour operator/Travel agent/Tour guide,Tour guide,Northern Province,Musanze,https://tourismregulation.rw/en/entity/profile/465/,Licensed,Fidele Muhire is a driver guide working with Governors Camp since 2011 He is reliable and hardworking and well  behaved with clients and to the community in general,0,0,,n/a,0788472460,fidelemuhire@gmail.com
Gilbert Bahati,Tour operator/Travel agent/Tour guide,Tour guide,Northern Province,Musanze,https://tourismregulation.rw/en/entity/profile/466/,Licensed,Bahati Gilbert is a qualified driver guide who works tireless and liked by all his clients that come across him.He is well recommended and has appeared into the trip adviser twice for his ability and  behaviour. He has been working with Governors safaris since the year 2012 to date,0,0,,N/A,0788356597,bahatigilbert23@gmail.com
NKURANGA Moses,Tour operator/Travel agent/Tour guide,Tour guide,City Of Kigali,Gasabo,https://tourismregulation.rw/en/entity/profile/467/,Licensed,Tour Guide,0,0,,,0789535757,nkuranga2@gmail.com
GARR APARTMENTS,Accommodation entity,Serviced apartment,City Of Kigali,Gasabo,https://tourismregulation.rw/en/entity/profile/478/,Licensed,"GARR Apartments is made up of 15 apartments; 8 being two bedrooms and 7 are one bedroom. It is located in the up market of Gaculiro, 90 meters of the main road which gives it serenity. GARR Apartments is a four level Building with adequate Hallway/Staircase to ease movement. All bedrooms and living rooms have good balconies for relaxation. For short-term stay clients, a dining is available on the Ground floor next to the reception area. The Apartment is equipped with televisions each and a high speed internet where free Wi-fi is provided.",23,31,Other (specify),www.garrapartments.com,+250783831292,reservations@garrhotel.com
Rudasingwa Emmanuel,Tour operator/Travel agent/Tour guide,Tour guide,City Of Kigali,Gasabo,https://tourismregulation.rw/en/entity/profile/468/,Licensed,I have been a Tour guide since 2012,0,0,,,+250788353060,dadytonton@gmail.com
DUSABUMUKIZA Ally Saddy,Tour operator/Travel agent/Tour guide,Tour guide,Northern Province,Musanze,https://tourismregulation.rw/en/entity/profile/469/,Licensed,Tour Guide,0,0,,,0788511098,ally.saddy@yahoo.com
SILENTHILL HOTEL,Accommodation entity,Town hotel,Eastern Province,Kayonza,https://tourismregulation.rw/en/entity/profile/543/,Licensed,"Silent  hill hotel is an20 rooms , comfortable hotel , situated in Kayonza District in Eastern Province . The hotel has a conference halls can accommodate different groups according to their capacity, there is  a good restaurant, it has fitness center includes gym tonic, sauna, massage, deep shower, we have tens can accommodate 800people in different ceremonies,  The hotel provides an internet point and a free Wi-Fi service, hotel provides breakfast, there is a big garden you can relax and taking your order and taking good pictures. hotel has big car parking can  host ninety vehicles at the same time. hotel has a terrace where many people use for seeing different channels on TV",20,30,African,www.silenthillhotel.rw,+250788313275,silenthillhotel@yahoo.com
KAMUGISHA Sam Elliot,Tour operator/Travel agent/Tour guide,Tour guide,City Of Kigali,Nyarugenge,https://tourismregulation.rw/en/entity/profile/470/,Licensed,Tour Guide,0,0,,,0785152333,keliotsam@gmail.com
BIMENYIMANA Alphonse,Tour operator/Travel agent/Tour guide,Tour guide,City Of Kigali,Gasabo,https://tourismregulation.rw/en/entity/profile/471/,Licensed,Tour Guide,0,0,,,0788806416,bimenyimanaa@yahoo.fr
GOLDEN ERA COMPANY LTD,Accommodation entity,Motel,City Of Kigali,Nyarugenge,https://tourismregulation.rw/en/entity/profile/1126/,Licensed,"The Golden Era Guest House is an 12 rooms, comfortable Guest, situated in Muhima Sector, Kigali City. The Guest is arranged on two floors, without a lift. On the ground floor. Each room has  a splendid terrace, where, you can relax and enjoy the beautifull view on the Nyabugogo view from morning on wards in the atmosphere of Muhima daily life. The rooms are arranged on the first and room service is provided for. The Guest provides an internet point, and a free Wi-Fi service.",12,12,"BBQ,Thai,Sandwiches,Soups & Salads",goldeneraltd@gmail.com,0788415205/0788571184,goldeneraltd@gmail.com
NDATIMANA Jean Marie Vianney,Tour operator/Travel agent/Tour guide,Tour guide,City Of Kigali,Nyarugenge,https://tourismregulation.rw/en/entity/profile/473/,Licensed,Tour Guide,0,0,,,0788517202,johnkiguge@gmail.com
HOTEL URUMULI Ltd,Accommodation entity,Town hotel,Northern Province,Gicumbi,https://tourismregulation.rw/en/entity/profile/733/,Licensed,"The hotel offers Urumuli twenty very clean rooms including bungalows scattered in a garden overlooking the hill. You will be surprised by the wasting of space: the distances are short between the rooms, the bar and restaurant. It has a large menu, and the huge bar has something to quench your thirst the toughest, including in highly alcoholic beverages. L'Urumuli, wrote management on the website when it was still in use, ""is the only place in the north of the country where you can have a drink, which it is sweet or under pressure or strongly concentrated to heat the soul and rejuvenate your confidential discussion."". It is worth a visit!",13,13,International,,0788302268,hotelurumuli@yahoo.fr
TWIZERE Samuel,Tour operator/Travel agent/Tour guide,Tour guide,City Of Kigali,Gasabo,https://tourismregulation.rw/en/entity/profile/475/,Licensed,Tour Guide,0,0,,,0788505807,twizeresamuel1@yahoo.fr
SINZINKAYO Eustache,Tour operator/Travel agent/Tour guide,Tour guide,City Of Kigali,Kicukiro,https://tourismregulation.rw/en/entity/profile/476/,Licensed,Tour Guide,0,0,,,0788325319,estachette@gmail.com
MUTEZINTARE Hussein,Tour operator/Travel agent/Tour guide,Tour guide,City Of Kigali,Kicukiro,https://tourismregulation.rw/en/entity/profile/477/,Licensed,Tour Guide,0,0,,,0788471278,mutsafari@yahoo.com
Birding and Educational Tours Ltd,Tour operator/Travel agent/Tour guide,Tour operator,City Of Kigali,Gasabo,https://tourismregulation.rw/en/entity/profile/504/,Licensed,"Birding and Educational Tours is Rwandan-based Tour company experienced in Birdwatching and Training in bird guiding; with supplement packages including Gorillas tracking,  Educational and Cultural tours and Wildlife Game Driving. Our mission is to make difference in tourism, increase awareness in our living nature and vital employment opportunities for communities’ well being and sustainable conservation. The company was created in 2012 and we have an experienced team: special bird guides, perfect and well recognised wildlife drivers.",0,0,,www.birdingrwanda.com,+250 788754615,info@birdingrwanda.com
MWIZERA Anderson,Tour operator/Travel agent/Tour guide,Tour guide,City Of Kigali,Kicukiro,https://tourismregulation.rw/en/entity/profile/479/,Licensed,"A tour guide, with over 8 years of experience.",0,0,,,0788525365,mbanneranderson@yahoo.com
GIHOZA Gilles Marius,Tour operator/Travel agent/Tour guide,Tour guide,City Of Kigali,Kicukiro,https://tourismregulation.rw/en/entity/profile/480/,Licensed,Tour Guide professional with 4 years of experience informing and guiding tourist. Superior talent for guiding visitors and delivering a high level of customer service. Extensive knowledge of history and visual arts; able to learn retain and recall extensive amounts of information quickly.,0,0,,,+250788306906,gihozagilles@gmail.com
MUNGUMOJA Fred,Tour operator/Travel agent/Tour guide,Tour guide,City Of Kigali,Gasabo,https://tourismregulation.rw/en/entity/profile/481/,Licensed,Tour Guide,0,0,,,0788501068,fredmungumoja@gmail.com
CIVITAS HOTEL LTD,Accommodation entity,Town hotel,City Of Kigali,Gasabo,https://tourismregulation.rw/en/entity/profile/482/,Licensed,"The Civitas  hotel is located in kigali ,Rwanda  ,the Civitas hotel is keenly located  a stone's central business centre .It is conveniently and easly accessible  to variety of banks ,exchange bureau ,bussiness centers,and public transport .It is an ideal venue for those wo wish to be centrally  centre .  it is close  to public transport as well. We  invite you to stay in our tourist  board approved hotel with  all the  comfort  one would  expect .Civitas  hotel is stylish and colourful .Our room are tastefully furnished,self contained with all the modern amenities . Ceramic tiles are beautiful  appointed in  all bedrooms/spacious  living areas /dining  and  outstanding  indoor restaurent &bar . we also have special packages  ideal  for the guest who are staying in kigali for more than a month. Distance  from airport 10minites Distance from town center 15 minites",23,23,"International,African,Rwandan & International",www.civitashotelrwanda.com,0788887823,info@civitashotelrwanda.com
CENTRE D'ACCUEIL SAINT FRANCOIS D'ASSISE,Accommodation entity,Motel,Western Province,Rusizi,https://tourismregulation.rw/en/entity/profile/485/,Licensed,"CENTRE D'ACCUEIL SAINT FRANCOIS D'ASSISE 37 rooms, comfortable, located new RISIZI1 boarder few minutes from BUKAVU, we are the perfect host for all your events ENJOY THE LAKE KIVU OFFSHORE SCENERY, SPECIALISED SOUP (Potage)",37,45,Rwandan & International,,0784093490,rusizicentrede39@yahoo.fr
BIZIMANA DAMIEN,Tour operator/Travel agent/Tour guide,Tour guide,Southern Province,Kamonyi,https://tourismregulation.rw/en/entity/profile/484/,Licensed,Bizimana Damien is a professional tour Guide who is very abicious  and of respects to all He  is very hardworking and liked by many especially all his foreign Visitors that come across him are very happy and recommend him to there friends and even Agents.,0,0,,n/a,+250788500305,bdamiengaston@yahoo.com
GRAND LEGACY HOTEL,Accommodation entity,Town hotel,City Of Kigali,Gasabo,https://tourismregulation.rw/en/entity/profile/487/,Licensed,"stamp ABOUT US Stylish modern, comfortable and conveniently located in the up and coming suburb of Remera, Grand Legacy Hotel is your ultimate choice for your stay in Kigali. The hotel lies just 5 minutes drive away from Kigali international airport, and about a 15 minutes drive to the city center. Nearby, a host of commercial headquarters, business facilities, restaurants, shops, Kigali’s stadium and local attractions are found, adding even further to the convenience of this prime location and stay in Kigali. Features The hotel boasts a total of 43 en-suite rooms, which include specious 33 Superior Rooms, 9 Superior Twin bedded rooms and one Executive suite. Two of the 9 twin rooms inter leads with a King room to create a family room. Each of our spacious air-conditioned room consists of en suite bathroom, Mini Bar, satellite flat screen TV’s, all-in-one desktop computer, free Wi-Fi, tea and coffee making facilities, hairdryer, electronic safe, porter service and wakeup facility . Apart from the exclusive complementary technology and amenities, each room is tastefully furnished and carpeted to create the unforgettable cozy experience of your stay in Kigali. Within the rest of the hotel, you can enjoy many other services and facilities designed at making your stay enjoyable. These include an outdoor pool, an on-site gym, fully equipped Business Centre, complimentary airport shuttle, Laundry services, sauna, steam room and massage services and outstanding service. Dining can be enjoyed at any of our two restaurants. Our Breakfast restaurant situated on the ground floor serving sumptuous breakfast buffets as well as eggs to order. The pool side restaurant serves a la carte lunch and dinner. The hotel also futures state of the art conference facilitates, 3 rooms that can accommodate up to 30pax school room set up, 1 private lounge and one large conference room that can accommodate a maximum of 100pax.",43,52,,http://grandlegacy.rw,0788303483,info@grandlegacy.rw
MUYENZI Martin,Tour operator/Travel agent/Tour guide,Tour guide,City Of Kigali,Nyarugenge,https://tourismregulation.rw/en/entity/profile/488/,Licensed,Tour Guide.,0,0,,,0788501541,muyebmart@gmail.com
BRAMWEL MUNYAO MUTWIWA,Tour operator/Travel agent/Tour guide,Tour guide,City Of Kigali,Gasabo,https://tourismregulation.rw/en/entity/profile/486/,Licensed,Tour Guide,0,0,,,0786575111,welbram7@gmail.com
QUIET HAVEN HOTEL,Accommodation entity,Town hotel,City Of Kigali,Gasabo,https://tourismregulation.rw/en/entity/profile/494/,Licensed,"Quiet haven hotel is Kigali’s newest hotel conveniently located in Nyarutarama, Kigali City. Situated next to the former ADRA  office with a fantastic view of the surrounding hills. Quiet haven hotel offers you a comfortable stay in a classy and relaxed atmosphere. The Hotel is less than 10 minutes drive to Kigali International Airport, 13 minutes to the City Centre. The atmosphere of Quiet Haven, as its name suggests, is relaxed yet luxurious. The hotel’s innovative multiple-building design grants each guest room direct access to the hotel’s abundant and lush grounds. Here, busy businesspeople can unwind, while curious travelers can use Quiet Haven as a jumping-off point to explore the city and the country. Quiet Haven offers shuttle service to and from the airport, eliminating the need to hail a taxi or deal with public transportation after a long flight. Quiet Haven Hotel also makes for an ideal place to plan an event or a business meeting, as there is a meeting room on the premises that can accommodate up to 30 people. Even larger gatherings can be arranged outdoors, with capacity for up 100 people in the gardens. For those with an appetite or a taste for a cold beer, a glass of champagne, or a fun cocktail, Quiet Haven’s restaurant is a great option. With ample indoor and outdoor space, it makes for the perfect place to unwind after a long day. The restaurant has proven popular with locals as well. Quiet Haven Hotel periodically hosts fun events such as its popular “board games meet-ups,” offering Kigali citizens and guests alike the chance to indulge in some childhood favorites while enjoying some decidedly adult beverages.",17,22,Rwandan & International,www.quiethavenhotel.com,+250 786689763,info@quiethavenhotel.com
MUGABE Abbas,Tour operator/Travel agent/Tour guide,Tour guide,Northern Province,Musanze,https://tourismregulation.rw/en/entity/profile/489/,Licensed,Tour Guide,0,0,,,0783172607,mugabeabbas@gmail.com
KARANGWA Emile,Tour operator/Travel agent/Tour guide,Tour guide,City Of Kigali,Gasabo,https://tourismregulation.rw/en/entity/profile/490/,Licensed,Tour Guide,0,0,,,0788539306,emile7076@gmail.com
NAYABARE Sam,Tour operator/Travel agent/Tour guide,Tour guide,City Of Kigali,Gasabo,https://tourismregulation.rw/en/entity/profile/491/,Licensed,Tour Guide,0,0,,,0788621291,samnayeb6381@gmail.com
NTWARI Gabriel,Tour operator/Travel agent/Tour guide,Tour guide,Western Province,Rubavu,https://tourismregulation.rw/en/entity/profile/492/,Licensed,Tour Guide,0,0,,,0789628526,gakwayagabriel6@gmail.com
MALAIKA TRAVEL SERVICES Ltd,Tour operator/Travel agent/Tour guide,Travel agent,City Of Kigali,Nyarugenge,https://tourismregulation.rw/en/entity/profile/495/,Licensed,"Malaika Travel Services is a travel management company. We are based in Rwanda and operate from the city center of Kigali in 2000 Building. We aim at the satisfaction of the traveler by being a one stop point for the traveler’s needs. With our humble beginnings we believe in the quality of the service we offer and looking ahead for a long-term relationship with our customers, suppliers, partners, staff and Investors. Our services are divided into three components; services related to; before the journey, during the journey and after the journey. Before the journey we provide information and assistance related to visa application and destination specials, we accompany the client through the visa application process and advise on the pros and cons. During the journey, we make sure that we choose the right flight for the customer that is cost effective, best itinerary and having in mind the client’s requirements. After the journey the client might need services related to ground transportation, Accommodation and other enquiries. We and our partners we make sure that our clients get the maximum of care and services offered from one point. We believe in continuous learning and improvement of the way we work and the way we deliver services and also the kind of services we deliver. We are conscious of our local travelers.",0,0,,malaika.business.site,(+250)788650008/784226785,malaikatravel21@mail.com
SHIMA TRAVEL AGENCY AND TOURS LTD,Tour operator/Travel agent/Tour guide,Travel agent,City Of Kigali,Nyarugenge,https://tourismregulation.rw/en/entity/profile/503/,Licensed,"Shima Travel Agency and tours is a travel agency operating in Nyarugenge, Kigali, Rwanda. Our Office is situated in La Bonne Adresse Building, 1st Floor. We offer better customer services to our clients. We have been operating in travel industry for more than almost 30 years, which makes us perfectly meet our customer satisfaction. Our office is open from Monday to Friday, 8 am to 5:30 pm and on Saturday from 8:30am to 1:30pm.",0,0,,,SHIMA TRAVEL AGENCY AND TOURS LTD,shimaltd123@gmail.com
Innocent MUSEMINALI,Tour operator/Travel agent/Tour guide,Tour guide,City Of Kigali,Kicukiro,https://tourismregulation.rw/en/entity/profile/493/,Licensed,Tour Guide with over 8 years of experience.,0,0,,,0788772643,imuseminali@gmail.com
ELITE TRAVEL AND TOURS LTD,Tour operator/Travel agent/Tour guide,Travel agent,City Of Kigali,Nyarugenge,https://tourismregulation.rw/en/entity/profile/497/,Licensed,"Elite Travel and Tours is a management travel company located in Kigali, Nyarugenge, CHIC COMPLEX, 1st Floor, No E 0664 A. We exist to become the leading travel agency here in Rwanda and be the best partner to our clients. We want to connect each and everyone to the world’s famous destinations and taste more of what life can offer. Always providing the best product and packages with the highest quality of services. We live and breathe to our commitment in experiencing the Elite way of satisfaction. We believe that traveling should be easy, special and affordable. Here at Elite Travel & Tours, we make sure that your trips, whether business or leisure, are tailored specially for your needs. We seek to achieve your travel requirements and add value to your travel spend. We focus on the clients’ desires & come up with well-organized strategies in order to meet their demands in an efficient manner. Our mission is to offer affordable first class travel experiences and become one of the biggest travel agencies in Rwanda.",0,0,,elitetravelandtours.biz,"+250788670825, +250788747265, +250788859050",elitetravelrw@gmail.com
SUNSET TRAVEL AGENCY LTD,Tour operator/Travel agent/Tour guide,Travel agent,City Of Kigali,Nyarugenge,https://tourismregulation.rw/en/entity/profile/502/,Licensed,"Sunset Travel Agency is one of the travel agencies operating in Rwanda, providing comprehensive services for groups and individuals from and to the country. It is situated in Kigali, Nyarugenge. Our offices is located in  La Bonne Adresse, 2nd Floor, KN 2 Roundabout, Kigali. Our offices is open from 8 am till 6 pm, 6 days a week; you can freely call our agents 24/7 for urgent requests or emergency. We pride ourselves in customer satisfaction. A large percentage of our bookings are from repeat clientele while much of our new business if from word of mouth recommendations. We believe in treating our customers with respect and faith, we grow through creativity, invention and innovation, we integrate honesty, integrity and business ethics into all aspects of our business functioning.",0,0,,,0788484326,sunsetagency17@gmail.com
LINKS TRAVEL AGENCY LTD,Tour operator/Travel agent/Tour guide,Travel agent,City Of Kigali,Nyarugenge,https://tourismregulation.rw/en/entity/profile/501/,Licensed,"Links travel agency (LTA) is based in the heart of Kigali Rwanda, GRAND PENSION PLAZA, Lower Ground Floor, Street KN 7 and was established in August 2016.We are special in providing comprehensive travel management service combining our unsurpassed expertise and vast network of worldwide contacts to create a tailor-made solution for each of our clients. Renowned for our excellent personal service, we constantly strive to assemble and deliver premium bookings to free independent travelers and corporate clients.",0,0,,,+250788775454,linkstravelltd@gmail.com
NZITO TOURS AND TRAVEL AGENCY LTD,Tour operator/Travel agent/Tour guide,Travel agent,City Of Kigali,Nyarugenge,https://tourismregulation.rw/en/entity/profile/498/,Licensed,"NZITO TOURS AND TRAVEL AGENCY LTD is a travel company situated in Kigali City, nearby Mosque Madina, in a building behind IMPALA TRADING COMPANY LTD in it's backyard, office No: 7.",0,0,,,+250788306396,nzitotourstravel@yahoo.com
MUGAMBIRA APHRODIS HOTEL GOLF EDEN ROCK,Accommodation entity,Town hotel,Western Province,Karongi,https://tourismregulation.rw/en/entity/profile/569/,Licensed,"Golf Eden Rock Hotel is one of the few hotel at Kibuye with a warm welcome and a quiet night is guaranteed. It is located in the city of  Kibuye -Rwanda  Karongi precisely on the shores of lake Kivu, the sixth largest lake of Africa. It was constructed aon the Sandy beach in 1972 and was renoved in 1995 ,the Hotel is ideally located on a sand beach with center hotel near the Western Province office and nearby the national environment museum. The  hotel has ideal locations for home meetings and events wedding ceremonies and cocktail, business meetings, status meetings and functions. Our Restaurant offers a beautiful lake Kivu view with a lunch or dinner at little prices.Our accommodation offers spacious with large bay windows. Business travelers from our benefit hotel room has a free wireless internet up to comfortable office debited.The hotel has 45 rooms",45,57,Rwandan & International,http://www.golfedenrockhotel.com,0788560016,golfedenhotel@yahoo.fr
STAR TRAVEL LTD,Tour operator/Travel agent/Tour guide,Travel agent,City Of Kigali,Nyarugenge,https://tourismregulation.rw/en/entity/profile/496/,Licensed,"Star Travel ltd is a travel management company. We are based in Rwanda and operate from the city center of Kigali at La Bonne Address Building, 2nd Floor. We aim at the satisfaction of the traveler by being a one stop point for the traveler’s needs. With our humble beginnings we believe in the quality of the service we offer and looking ahead for a long-term relationship with our customers, suppliers, partners, staff and Investors. Our services are divided into three components; services related to; before the journey, during the journey and after the journey. Before the journey we provide information and assistance related to visa application and destination specials, we accompany the client through the visa application process and advise on the pros and cons. During the journey, we make sure that we choose the right flight for the customer that is cost effective, best itinerary and having in mind the client’s requirements. After the journey the client might need services related to ground transportation, Accommodation and other inquiries. We and our partners we make sure that our clients get the maximum of care and services offered from one point. We believe in continuous learning and improvement of the way we work and the way we deliver services and also the kind of services we deliver. We are conscious of our local travelers.",0,0,,,+250788626364,startravelrw@gmail.com
ROXY CLUB LTD,Restaurant/Bar/Nightclub,Nightclub,Western Province,Rubavu,https://tourismregulation.rw/en/entity/profile/996/,Licensed,"ROXYCLUB est une boite de nuit branchee sur les bords du lac kivu,on peut y boire,y danser toute la nuit sur des tubes des annees 80 et d'aujourd'hui.le lieu ideal pour une nuit d 'ambiance et de fete",0,0,Snacks,,+250788347272,bienvenu@gmail.com
LOBELIA TOURS AND TRAVEL AGENCY LTD,Tour operator/Travel agent/Tour guide,Travel agent,City Of Kigali,Nyarugenge,https://tourismregulation.rw/en/entity/profile/500/,Licensed,"Lobelia Tours and Travel Agency is a travel agency situated in Kigali City, Nyarugenge Distric, Opposite Ex.VENANT, Upper Floor, Door No. 2. It was created with a sole purpose to assist travelers in their daily travel needs. Ever since we came into existence, we never stopped ferreting out the best prices and schedules for our customers while booking their airline tickets and reserving favorite seats. In the same respect, we recommend the best routing itineraries for our customers after taking into account how long they have to stay at the intermediate point waiting for their next flight as well as in relation to the transiting visa requirements. We do also assist with visas, guide and provide counsel to our clientele about any other requirements such as inoculation and other requirements specific to particular destinations.",0,0,,www.africanlobelia.com,+250781537733,info@africanlobelia.com
MERICATOR TRAVEL COMPANY LTD,Tour operator/Travel agent/Tour guide,Travel agent,City Of Kigali,Nyarugenge,https://tourismregulation.rw/en/entity/profile/506/,Licensed,"Mericator Travel Company is a travel company situated in Kigali, Nyarugenge nearby Inkurunziza Church. We give better customer services to our clients, making sure that we maximize their satisfaction. Our office is open from Monday to Saturday, from 8:00AM to 6:00PM, and we are ready to give services even out of this schedule in case the customer needs it. We are ready to serve everyone, at any time.",0,0,,,0788455214/0787073853,mericatortravelcompanyltd@gmail.com
COMFORT TRAVEL AND TOURS AGENCY,Tour operator/Travel agent/Tour guide,Travel agent,City Of Kigali,Nyarugenge,https://tourismregulation.rw/en/entity/profile/507/,Licensed,"The Comfort Travel and Tours Agency is a travel agency situated in Kigali, Nyarugenge. The Agency provides better travel services, i.e Affordable Air tickets, Reservations and make sure that our clients meet their satisfaction. Our office is open from Monday to Saturday, from 8:00am to 5:00pm. But with emergency case we do break this schedule in case the we a client, at any time and any where we are able to give our best to meet client's needs.",0,0,,,0788640329,comforttraveltours@yahoo.com
MK-CONNECT TRAVEL SERVICES LTD,Tour operator/Travel agent/Tour guide,Travel agent,City Of Kigali,Nyarugenge,https://tourismregulation.rw/en/entity/profile/508/,Licensed,"MK-CONNECT TRAVEL SERVICES is a travel agency having it's office in Kigali, Nyarugenge,BELECOM, upper floor, nearby GLORIA HOTEL. We provide travel services including Visa application assistance, Reservation and Ticketing. We do provide these services at any time, regardless of our weekly schedules. We receive everyone at any time in case he/she is looking for these services. Your satisfaction is our sole target.",0,0,,,0785326068,mdinette1@yahoo.fr
MORIAH HILL RESORT,Accommodation entity,Vacation hotel or resort,Western Province,Karongi,https://tourismregulation.rw/en/entity/profile/514/,Licensed,"Moriah hill resort is a 20 rooms, comfortable resort, situated on the shores of Lake Kivu in Karongi . The hotel is arranged on 4 floors, without a lift. On the ground floor, below the reception, there is a comfortable lobby lounge where you can sit and drink tea, watch TV or just read. There is also a splendid terrace, where, you can relax and enjoy the view of Lake Kivu . The rooms are arranged on the first, second and third floors. Each room has a delightful terrace available for the use of guests, from where you can enjoy the wonderful view. The buffet breakfast is served in the restaurant on the ground floor. The hotel provides an internet point, and a free Wi-Fi service.",20,33,Rwandan & International,www.moriah-hill.com,+250788512222,info@moriah-hill.com
WORLD LINK-UP LTD,Tour operator/Travel agent/Tour guide,Travel agent,City Of Kigali,Nyarugenge,https://tourismregulation.rw/en/entity/profile/509/,Licensed,"World link-up is a travel agency situated in Kigali city, Nyarugenge, Downtown Building. We provide travel agency activities including ticketing and reservations, Visa application assistance. We are the best ever in meeting our clients' desires.",0,0,,www.world-link-up.rw,0788299782,info@world-link-up.rw
ORIENTAL TRAVEL AND SAFARIS LTD,Tour operator/Travel agent/Tour guide,Travel agent,City Of Kigali,Nyarugenge,https://tourismregulation.rw/en/entity/profile/510/,Licensed,"Oriental Travel & Safaris is a professional travel company registered with the government of Rwanda in RDB, whose office is at MUHIMA IMVESTIMENT COMPANY (MIC) , 1st Floor, Office No. 21. We Provide all Travel Support and Handle your stay with our Travel Services.",0,0,,www.orientalsafaris.com,0783149516,orientaltravelandsafarisltd@gmail.com
CARE TRAVEL AND TOUR AGENCY (CTTA) Ltd,Tour operator/Travel agent/Tour guide,Travel agent,City Of Kigali,Nyarugenge,https://tourismregulation.rw/en/entity/profile/511/,Licensed,"Care Travel and Tour Agency is a travel agency having it's office in the building of The Headquarters of the Seventh-Day Adventist Church-Rwanda Union Mission, Kigali, Nyarugenge.",0,0,,,0783499080,caretravel24@gmail.com
SANGO TRAVEL AGENCY LTD,Tour operator/Travel agent/Tour guide,Travel agent,City Of Kigali,Nyarugenge,https://tourismregulation.rw/en/entity/profile/513/,Licensed,"Sango travel Agency is a travel agency situated in Kigali, Nyarugenge. Our office is in La Bonne Adresse Building, 2nd Floor, KN 2 Roundabout. Sango travel Agency is ready to help you in making all kind of your journey unforgettable.",0,0,,,0788673822,sangotravelagency@gmail.com
SUNRISE TRAVEL AGENCY,Tour operator/Travel agent/Tour guide,Travel agent,City Of Kigali,Nyarugenge,https://tourismregulation.rw/en/entity/profile/512/,Licensed,"Sunrise Travel Agency is a travel agency situated in Kigali City, Nyarugenge District,  having it's office in M-PEACE PLAZA, 2nd Floor.",0,0,,,0788504581,sunriset20@yahoo.fr
MESSENGER TRANSPORT AND CLEARING LTD,Tour operator/Travel agent/Tour guide,Travel agent,City Of Kigali,Nyarugenge,https://tourismregulation.rw/en/entity/profile/516/,Licensed,"Messenger Transport and Clearing is an agency best in running travel agency activities, having it's offices in CHIC BUILDING, 2nd Floor, Room No. F034, in Nyarugenge District, Kigali City.",0,0,,,0787393650,messengertravelagency@gmail.com
E.T.A LTD,Tour operator/Travel agent/Tour guide,Travel agent,City Of Kigali,Gasabo,https://tourismregulation.rw/en/entity/profile/518/,Licensed,"E.T.A LTD, also called Ebenezer Travel Agency is a travel agency situated in Kigali City, Gasabo District, Gisozi Sector, in COPCOM Building.",0,0,,,0788494092,ebenezertravelagencyltd@gmail.com
SABUSHI Aimable,Tour operator/Travel agent/Tour guide,Tour guide,City Of Kigali,Gasabo,https://tourismregulation.rw/en/entity/profile/519/,Licensed,Tour Guide,0,0,,,0788574359,aisabushi@gmail.com
NGARAMBE KARENZI Isaac,Tour operator/Travel agent/Tour guide,Tour guide,City Of Kigali,Gasabo,https://tourismregulation.rw/en/entity/profile/520/,Licensed,Tour Guide,0,0,,,0788778277,nk2isaac@gmail.com
MURASANYI Karim,Tour operator/Travel agent/Tour guide,Tour guide,Northern Province,Musanze,https://tourismregulation.rw/en/entity/profile/521/,Licensed,A tour Guide with over 5 years of experience.,0,0,,,0788862654,murasanyikarim2000@gmail.com
U&I TRAVEL AGENCY LTD,Tour operator/Travel agent/Tour guide,Travel agent,City Of Kigali,Nyarugenge,https://tourismregulation.rw/en/entity/profile/522/,Licensed,"U&I Travel Agency is one of the travel agencies operating in Rwanda, providing comprehensive services for groups and individuals from and to the country. It is situated in Kigali, Nyarugenge. Our physical addresses are; Av. Kalisimbi, Inkurunziza Street, Behind BK Building. We believe in treating our customers with respect and faith, we grow through creativity, invention and innovation, we integrate honesty, integrity and business ethics into all aspects of our business functioning.",0,0,,,0788574043,ui250@yahoo.com
PALM BREEZE TOURS AND TRAVEL LTD,Tour operator/Travel agent/Tour guide,Travel agent,City Of Kigali,Gasabo,https://tourismregulation.rw/en/entity/profile/523/,Licensed,"Palm Breeze Tours is a Company incorporated in Rwanda. Our office is in Kisimenti, KG 11 Avenue, Yyussa Plaza RII-04. We are a travel agency with contracts with the major Airlines operating in Rwanda. Quality service, Customers satisfaction, Compliance to the law, and Employee welfare are our guiding virtues.",0,0,,www.palmbreezetours.com,+250 785 921 676,info@palmbreezetours.com
SWIFT HOLIDAYS LIMITED,Tour operator/Travel agent/Tour guide,Travel agent,City Of Kigali,Nyarugenge,https://tourismregulation.rw/en/entity/profile/535/,Licensed,"Swift Holidays Limited is situated in Kigali City, Nyarugenge District, CHIC COMPLEX, Shop No. 45",0,0,,,+250734595357,swiftholidayslimited@gmail.com
Nziza Safaris,Tour operator/Travel agent/Tour guide,Tour operator,City Of Kigali,Kicukiro,https://tourismregulation.rw/en/entity/profile/566/,Licensed,"NZIZA SAFARIS is an owner-managed company providing Tours and Safaris services fully registered and licensed in Kigali-Rwanda with operations in East African countries, Uganda, Tanzania, Burundi and Kenya very soon in R.D of Congo. Nziza Safaris providing tours & safaris in all segments – individuals, families, group travelers, leisure travel• Car rentals and hiring services• Gorilla tracking safaris• Wild game drive tours in all East African national parks• Mountain Climbing adventures• City tours• White water fall• Boat cruise trips• Fishing trips• Horseback riding• Bird watching• Hotel booking , incentives & conferences at affordable prices. Our dedicated and experienced team will serve you with all of your travel requirements within and shall go an extra mile to ensure your adventure satisfaction. Effective service to your travel needs is our priority yet your budget and personal needs matter when choosing accommodation for your trip. if you need any extra information about any of our products and services, please get in contact with us via nzizasafaris@yahoo.com, www.nzizasafaris.com or give us a call +250781792752 or +250788423796 our base offices Kanombe KN 3 RD Opposite Kigali International Airport.",0,0,,www.nzizasafaris.com,0788423796 / 0781792752,nzizasafaris@yahoo.com
ONOMO Hotel Kigali,Accommodation entity,Town hotel,City Of Kigali,Nyarugenge,https://tourismregulation.rw/en/entity/profile/717/,Licensed,"ONOMO Hotel Kigali is located in the Nyarugenge district, situated a few minutes from the city center and a short 8kms drive to the International airport. The hotel features 109 modern and comfortable rooms, including 10 suites with separate lounge areas and kitchenettes as well as attractive views of the Kiyovu valley. There are 2 rooms for the physically handicapped as well as twin bedded and family rooms. All rooms offer a comfortable work space, complimentary broadband wi-fi access, electronic lap top sized safes, separate shower and toilet, flat screen TV and a wide choice of DSTV and Canal+ channels to choose from. The hotel provides meeting facilities for up to 120 guests in a variety of meeting rooms accessible through the hotel lobby and equipped with modern AV equipment and complimentary broadband wi-fi. The conference facilities are also ideal for events, cocktail receptions and informal or formal dinner occasions with tailor made menu and beverage options to choose from. ONOMO Hotel has a discreet and efficient business corner with all equipment on hand for effective communication and assistance is available if you require it. Staying in shape and exercise are important to us all and ONOMO Hotel has a fitness room with a variety of equipment  for use as well as an outdoor swimming pool, or simply relax by the pool or on the terrace area and enjoy an afternoon tea.",109,121,Rwandan & International,www.onomohotel.com,+250 252 554700,onomo.kigali@onomohotel.com
LA POSH HOTEL,Accommodation entity,Town hotel,City Of Kigali,Nyarugenge,https://tourismregulation.rw/en/entity/profile/527/,Licensed,"La Posh Hotel is a premier new hotel located in the center of Kigali City. We offer superior accommodation with 40 superb rooms in four different classes. All rooms have air conditioning, flat screen TV's with international channels, wi-fi, room service and a full continental breakfast is inclusive in the cover.La Posh is the ideal base from which to explore the beauty and variety of Kigali City. The magnificent architecture of the city buildings, the serenity of the city by night, driving on the beautiful hill slopes. It is within convenient reach of all major financial institutions within the Central Business District of Kigali.We cater for the discerning corporate and leisure traveler so we ensure that we cover your various needs by ensuring we have in place facilities like wi-fi, airport transport, parking, conference room and facilities, fitness center among others. Come stay with us for the true taste of hospitality that Kigali is famous for.",40,45,"International,BBQ,Rwandan",www.laposhhotel.rw,0788314403,info@laposhhotel.rw
UMOJA TRAVEL AGENCY COMPANY LTD,Tour operator/Travel agent/Tour guide,Travel agent,City Of Kigali,Nyarugenge,https://tourismregulation.rw/en/entity/profile/526/,Licensed,"Umoja Travel Agency Company Ltd is a travel agency situated in Kigali City, Nyarugenge District in La Bonne Adresse Building, 1st foor, 2nd door",0,0,,,0785098330,umojatravelagency@gamil.com
Charleston Travel Rwanda,Tour operator/Travel agent/Tour guide,Tour operator,City Of Kigali,Nyarugenge,https://tourismregulation.rw/en/entity/profile/544/,Licensed,"Charleston Travel Rwanda Ltd is a private Rwandan Travel and Tour Company established in 2013, a subsidiary of the Charleston Travel Ltd group originally established in 2003 in Kenya. We are a group of passionate travel professionals with over 30 years extensive experience in the Travel and Tours industry. FCM Travel Solutions is a worldwide corporate travel and expense management specialist delivering the best travel solutions to a diverse clientele. Our affiliation with FCM internationally enables us to offer outstanding value and travel experience to our customers. Each and every one of our employees represents the spirit of our company: driven, committed, and acutely aware of how limitless Charleston’s potential is to grow. We go to great lengths to identify self-starters with diverse experience and skillset to produce not just an effective workforce, but also a well-rounded, talented and complementary team.",0,0,,www.charlestontravel.tours,0788306911,info@charlestontravel.tours
MUHANGA TOURISM LTD,Tour operator/Travel agent/Tour guide,Tour operator,City Of Kigali,Gasabo,https://tourismregulation.rw/en/entity/profile/540/,Licensed,"Muhanga Tourism Limited is a tour operator registered in Rwanda. Our office is at KG11 Yyussa Plaza RII-04, Remera Sector, Gasabo District Kigali. In our hands, visitors of all spheres of life are in safe hands and are guaranteed of first class treatment from our very qualified staff. We endeavor to to up our game day by day to suit the changing operating environment.",0,0,,www.muhangatourism.rw,0782 260 719,sultanbinsaid@gmail.com
TOP TRAVEL AND TOURS AGENCY LTD,Tour operator/Travel agent/Tour guide,Travel agent,City Of Kigali,Nyarugenge,https://tourismregulation.rw/en/entity/profile/530/,Licensed,"Top Travel and Tours Agency (TTA) was established in 1998 a family owned business with the aim to help travelers coming to or leaving Rwanda to get air tickets. At the time, Rwanda was still recovering from the 1994 Genocide against the Tutsi and it needed international connections in order to attract tourists and investors. For over 18 years, TTA has gained reach experience in assisting travelers coming to or leaving Rwanda to make proper travel choices",0,0,,www.toptours.co.rw,+250788303474,socor_tta@yahoo.com
GOLDEN RWANDA SAFARIS LTD,Tour operator/Travel agent/Tour guide,Tour operator,City Of Kigali,Nyarugenge,https://tourismregulation.rw/en/entity/profile/601/,Licensed,"Golden Rwanda Safari is full-service incoming Operator in Africa. Its founders are 100% Rwandan Tourism Professional’s knowledge in each destination and services in this regional. in the 2014 year, we decided to create a travel and tour company by the name ” Golden Rwanda Safari Ltd” with the purpose of specializing in the receptive tourism market. In this regard, we have contracts and alliances with most hotels and tourism Organizations and Companies in the Country and Africa, we are active members in sustainable Projects, with Diverse Associations and foundations, this is why we look into every detail of your trip, to ensure each itinerary has all the ingredients to satisfy our Clients. Golden Rwanda Safari Ltd maintains a strong focus on sustainable tourism and a commitment to constant forward movement in terms of service, quality and value for money. Motivated by an aspiration for development of the disenfranchised communities of Kigali, we fully support the government’s policy on black economic empowerment and present a fine example of entrepreneurship and employment equity.",0,0,,www.goldenrwanda.com,+250 788 319 727,Goldenrwanda@gmail.com
BERCEDOU TRAVEL AGENCY LTD,Tour operator/Travel agent/Tour guide,Travel agent,City Of Kigali,Nyarugenge,https://tourismregulation.rw/en/entity/profile/531/,Licensed,"Bercedou Travel Agency is a travel agency situated in Kigali City, Nyarugenge District, Centre St Paul.",0,0,,,0788490521,bercedoutravelagency@gmail.com
AGETRATOUR SERVICES LTD,Tour operator/Travel agent/Tour guide,Travel agent,City Of Kigali,Nyarugenge,https://tourismregulation.rw/en/entity/profile/533/,Licensed,"Agetretour Services is situated in Kigali City, Nyarugenge District, Madina Mosque.",0,0,,,0789193561,agetratour@gmail.com
SHEWHAT TRAVEL AND TOUR AGENCY LTD,Tour operator/Travel agent/Tour guide,Travel agent,City Of Kigali,Nyarugenge,https://tourismregulation.rw/en/entity/profile/532/,Licensed,"Shewhat Travel and Tour Agency is a travel agency situated in Kigali City, Nyarugenge District, Athene Building, 4th Floor, Room 65.",0,0,,www.shewhatta.com,0788353074,shewhattravel@gmail.com
WINGS TRAVEL AGENCY LTD,Tour operator/Travel agent/Tour guide,Travel agent,City Of Kigali,Nyarugenge,https://tourismregulation.rw/en/entity/profile/534/,Licensed,"Wings Travel Agency is a travel agency situated in Kigali City, Nyarugenge District, Muhima Sector, Road Roundabout-Nyabugogo",0,0,,,0788461015,wingstravel01@yahoo.com
KIVU PARADISE HOTEL,Accommodation entity,Vacation hotel or resort,Western Province,Rubavu,https://tourismregulation.rw/en/entity/profile/537/,Licensed,"The KIVU PARADISE HOTEL is a 10 rooms confortable  vocational hotel located in Nyamyumba Sector in Rubavu District. The hotel is constructed at 8 kms from Rubavu Town. Luxurious vocational hotel with a very good garden with various ornamental trees increasing the hotel environment. A part from reception, there is a comfortable lounge where you can sit and drink tea, coffee or just read. There is also a splendid restaurant and bar terrace, where, you can relax and enjoy the unforeseeable view on the lake Kivu. The rooms are arranged in various cottages having each delightful terrace  for the use of guests, from where you can enjoy the wonderful view on the lake Kivu. The hotel provides an internet point, and a free Wi-Fi service and all security measures are in place at the hotel.",10,12,"International,African,Asian,BBQ,French,Italian,Pizzeria,Rwandan,Rwandan & International,Soups & Salads,Snacks,Vegan/Vegetarian",www.paradisekivu.com,0780522890/0788828258,parmalahide@yahoo.fr
GO HILLS TRAVEL AGENCY LTD,Tour operator/Travel agent/Tour guide,Travel agent,City Of Kigali,Nyarugenge,https://tourismregulation.rw/en/entity/profile/538/,Licensed,"GO HILLS TRAVEL AGENCY is a travel agency situated in Kigali City, Nyarugenge District, Nyarugenge Sector, Kiyovu Cell Downtown Building.",0,0,,,0782288981,gohillstravelagency@gmail.com
MINU TOURS LTD,Tour operator/Travel agent/Tour guide,Travel agent,City Of Kigali,Nyarugenge,https://tourismregulation.rw/en/entity/profile/539/,Licensed,"Minu Tours is a Travel Agency situated in Kigali City, Nyarugenge District near Mosque Madina",0,0,,www.minutours.com,0788536508,minutours.ltd@gmail.com
STEP TOWN HOTEL,Accommodation entity,Town hotel,City Of Kigali,Nyarugenge,https://tourismregulation.rw/en/entity/profile/572/,Licensed,"WELCOME TO STEP  HOTEL STEP TOWN hotel is a picturesque leisure and business medium hotel, extremely choice for visitors who are searching for a combination of superb friendly service,charm,peace,quiet and value for their money at a convenient position from which to explore Kigali. Situated in a local setting friendly neighborhood within a walking distance to city center, Genocide memorial, government offices,banks and other touristic attractions.Its a twenty minutes drive from the airport and ten minutes drive to Kigali convention centre. At Step Town hotel we offer range of comfortable en suite rooms which are modern and well appointed with facilities to ensure the comfort of our guests whether on holiday or business trip. Experience  a high level of service that is both personalized and attentive with spectacular panoramic views of the city on our terrace or in lush gardens while enjoying a cold drink from our on site bar or even order a meal on our menu with a taste of of both local and international cuisine. When it comes to meetings and training sessions we have conferencing facilities complete with wireless internet access for our guests use. The fitness inclined guests can get their heart racing in our fitness center.",17,24,"African,American,BBQ,Indian,Pizzeria,Rwandan & International,Vegan/Vegetarian",www.step-town.com,+250785005662,stepst22@yahoo.com
VALLEY GUEST HOUSE LIMITED,Accommodation entity,Villa,Western Province,Rubavu,https://tourismregulation.rw/en/entity/profile/541/,Licensed,"With magnificent views from its entry up to inside room, easily accessible and in centre of Gisenyi town, the Valley Guest House Ltd's 16 luxuriously appointed  rooms (12 double rooms and 4 twin bed rooms), set in over 1420 square meters inclusive parking, landscaped gardens and other facility infrastructures, offer a unique blend of comfort, relaxation and adventure. Valley Core Values are to deal with all our partners, clients and stake holders with integrity, honesty, diplomacy and dexterity. It offers accommodation, ideally located a 4 minute walk from main road Kigali-Gisenyi and 1 km from Rwanda Development Board, Regional office whereas you can get freely all information related to national tourism guidelines and requirements. Featuring a 24 hour front desk, this property also provides guests with private bathroom fitted with free toiletries. Only buffet breakfast is served daily at the property. Also Sports Club, Kivu Beach, Islamic Mosque or any Christian church are located in less 1 km from Guest House. For those who wish to spend time relaxing at Rubavu district, specifically Gisenyi city and its surrounding environment, there are many Gisenyi recreational activities available such as Tam tam beach, Pfunda tea, Rubavu Methane Gas Station, Bralirwa Fishing Experience, Busasamana Cave, Mugongo cave, and much more. For reservations or more information, please call +250 788871962.",16,20,Rwandan,,+250 788871962,franckcyuba@yahoo.co.uk
IGIRANEZA Simeon,Tour operator/Travel agent/Tour guide,Tour guide,City Of Kigali,Gasabo,https://tourismregulation.rw/en/entity/profile/546/,Licensed,A tour/safari/driver Guide with over 15 years of experience.,0,0,,,0788409740,isimeonn@gmail.com
FANAD GUEST HOUSE,Accommodation entity,Town hotel,Western Province,Rubavu,https://tourismregulation.rw/en/entity/profile/549/,Licensed,"The FANAD GUEST HOUSE is an 20 rooms, comfortable hotel, situated in Rubavu District. The Guest House is arranged on two floors, without a lift. On the ground floor, apart from the reception, there is a comfortable lounge where you can sit and drink tea, or just read. There is also splendid terraces at each floor from where you can enjoy the wonderful view on the lake Kivu and  the atmosphere of Rubavu life. The rooms are arranged on the first, second floors.  . The buffet breakfast is served in the restaurant on the ground floor. The hotel provides an internet point, and a free Wi-Fi service.",20,24,"International,BBQ,Pizzeria,Rwandan,Rwandan & International,Sandwiches,Soups & Salads,Snacks,Vegan/Vegetarian",www.fanadguesthouse.com,0781061642,fanadguesthouse@gmail.com
ALPINE TRAVELS AND TOURS PRIVATE LTD,Tour operator/Travel agent/Tour guide,Travel agent,City Of Kigali,Nyarugenge,https://tourismregulation.rw/en/entity/profile/542/,Licensed,"ALPINE TRAVELS AND TOURS PRIVATE is a travel agency situated in Kigali City, Nyarugenge Distict. It has it's office in MIC Building, Ground Floor, G37.",0,0,,www.alpinetravels.com,0780565299,reservation@alpinetravels.com
RIGHT TRAVEL & SAFARIS AGENCY LTD,Tour operator/Travel agent/Tour guide,Travel agent,City Of Kigali,Nyarugenge,https://tourismregulation.rw/en/entity/profile/545/,Licensed,"RIGHT TRAVEL & SAFARIS AGENCY is a travel agency situated in Kigali City, Nyarugenge District, Street KN 4, Avenue de La Paix, M.PEACE PLAZA Building.",0,0,,,0788550848,righttravel.safaris@gmail.com
UBUMWE HOTEL,Accommodation entity,Town hotel,Western Province,Rubavu,https://tourismregulation.rw/en/entity/profile/548/,Licensed,"The Ubumwe Hotel Hotel is an 25 rooms, comfortable hotel, situated in the Rubavu District in Western Province. The rooms are arranged on the first. The hotel has a restaurant with a delightful terrace available for the use of guests, from where you can enjoy the wonderful view on the lake Kivu. The buffet breakfast is served in the restaurant on this terrasse. The hotel provides an internet point, and a free Wi-Fi service. The hotel has a beautiful garden where visitors can seat and enjoy the  weather. A conference hall with all required conference equipment is also available at the hotel.",25,25,"International,African,BBQ,Rwandan,Rwandan & International,Soups & Salads,Snacks,Vegan/Vegetarian",www.ubumwehotel.com,0788506647,ubumwehotel2006@yahoo.fr
The Retreat,Accommodation entity,Town hotel,City Of Kigali,Nyarugenge,https://tourismregulation.rw/en/entity/profile/635/,Licensed,"The Retreat is an 11-room luxury hotel created by the American owners of Heaven, designed by Italian architects, brought to life by an extraordinary team of Rwandan builders and technicians. The Retreat will offer luxury amenities in the form of expansive custom-built rooms with peaked ceilings, front and rear private patio areas, bathrooms with indoor & outdoor showers, a heated saltwater solar powered swimming pool, hot tub, sauna, spa and fully equipped gym. An onsite restaurant & bar will offer delicious, local farm-to-table cuisine, refreshing cocktails and wellness menus. Our team is dedicated to providing our guests with unique experiences that highlight the best of Rwanda, including exclusive experiences such as our urban bush dinners, intimate evenings with local music and traditional dance, and the opportunity to take a local cooking class or engage in Rwandan drumming, dancing and crafts workshops.",11,13,"International,African,Asian,BBQ,French,Rwandan,Sandwiches,Soups & Salads,Snacks,Vegan/Vegetarian",www.heavenrwanda.com,0782000001,info@heavenrwanda.com
AMARIS HOTEL,Accommodation entity,Town hotel,City Of Kigali,Gasabo,https://tourismregulation.rw/en/entity/profile/1026/,Licensed,"The Amaris Hotel is an 22 rooms, comfortable hotel, situated in the centre of of Kigali Town, at Kimihurura surrounded by restaurants. The hotel is arranged on two floors, without a lift. On the ground floor, apart from the reception, there is a comfortable lounge where you can sit and drink tea, or just read. There is also a splendid terrace on the top with a splendid view of the town. The buffet breakfast is served in the restaurant on the ground floor. The hotel provides an internet point, and a free Wi-Fi service. Transport from/to airport is provided.",22,24,"International,African,BBQ,French,Rwandan,Soups & Salads,Vegan/Vegetarian",www.amarishotel.rw,+250788304627,amarishotelrwanda@gmail.com
MIDLAND MOTEL,Accommodation entity,Motel,Eastern Province,Kayonza,https://tourismregulation.rw/en/entity/profile/550/,Licensed,"Midland Motel is a Good Place located in Eastern Province, Kayonza Distric Near the round -about and Kayonza district head office. Opposite Bpr to the akagera nation park Entrance road . we have affordable 17 rooms and different training and meeting hall even big wedding hall with 4G wifi. we have active restaurant and special Bar.",17,27,International,www.midlandmotelkayonza.com,0788494002,midlandhotel77@gmail.com
high ground villa ltd,Accommodation entity,Serviced apartment,City Of Kigali,Kicukiro,https://tourismregulation.rw/en/entity/profile/554/,Licensed,"The villa sits atop Rebero Mountain with panoramic views of Kigali and the endless hills of Rwanda. Its unique floorplan offers guests a variety of lodging options, from single room guesthouse stays to apartment-style living for researchers & business travelers. For larger groups, the entire villa can be easily booked to accommodate all your needs for short or long-term visits. Your host, Claude, designed High Ground Villa with guest satisfaction in mind. There are four kitchens with 14 rooms & 12 bathrooms, colorful gardens, & peaceful balconies where you can enjoy a book in solitude or join your friends in good conversation. Spacious indoor living areas welcome guests with comfortable beds & sofas.",14,24,Other (specify),www.highgroundvilla.com,+25788505777,highgroundvilla@gmail.com
Bethany B Hotel,Accommodation entity,Vacation hotel or resort,Western Province,Karongi,https://tourismregulation.rw/en/entity/profile/599/,Licensed,"Bethany B hotel is the right choice for visitors who are searching for combination of charm,  quiet and peace This is place is  formally known as IKAZE HOLIDAY HOTEL , IT's a small comfortable hotel situated on lake Kivu with 28 rooms , on the grand floor there is a restaurant. The place have 14 rooms in bungalo form with a terrace where you can  relax and enjoy yourself. The reception service is 24 h, free WIFI and parking. If you are looking for tranquility in Karongi bethany b hotel offers you refreshments",28,28,"African,American,French,Indian,Italian,Rwandan & International,Soups & Salads,Vegan/Vegetarian",Bethanyinvestmentgroup.com,0787320326,biglimitedbethany@hotmail.fr
Niyongira Magnifique,Tour operator/Travel agent/Tour guide,Tour guide,City Of Kigali,Nyarugenge,https://tourismregulation.rw/en/entity/profile/555/,Licensed,Magnifique NIYONGIRA is a professional  driver guide.  For the travellers ; Magnifique is  theirs  chief experienced  officer  on  the  ground.,0,0,,,0783224221,clairemnkiko@gmail.com
UMUJYI TECH GROUP LTD,Tour operator/Travel agent/Tour guide,Tour operator,City Of Kigali,Gasabo,https://tourismregulation.rw/en/entity/profile/552/,Licensed,Umujyi Tech group Ltd is a Company that is focused on promoting local tourism mainly through it's web (umujyi.com) and mobile applications equipped with online payment processing solutions. Our umujyi.com Tours are mainly focusing on attracting the Asians particularly the Chinese people from China and also mobilizing the local Rwandans to visit our own beautiful sceneries.,0,0,,www.umujyi.com,0785022410,support@umujyi.com
IWACU SUNSET LAND GUEST HOUSE,Accommodation entity,Lodge,Western Province,Rubavu,https://tourismregulation.rw/en/entity/profile/631/,Licensed,"The IWACU SUNSET LAND is an 15 rooms, comfortable Guest House, situated in the heart of Gisenyi Town. The Guest House is arranged on two floors, cave and ground floor without a lift. On the ground floor, apart from the reception, there is a comfortable lounge where you can sit and drink tea, or just read. There is also a splendid terrace, where, you can relax and immerge yourself from morning onwards in the atmosphere of Gisenyi daily life. The rooms are arranged on the first, second floors. On the second floor, there is also a delightful terrace available for the use of guests, from where you can enjoy the wonderful view. The buffet breakfast is served in the restaurant on the ground floor. The Guest House provides an internet point, and a free Wi-Fi service.",15,15,"Rwandan,Rwandan & International",,0788622889,jhabakwitonda@gmail.com
CENTRE DIOCESAIN DE PASTORALE INCUTI,Accommodation entity,Town hotel,Western Province,Rusizi,https://tourismregulation.rw/en/entity/profile/581/,Licensed,"Centre Diocésain de Pastorale INCUTI(CDPI) is one of catholic institution of Cyangugu Diocese, which is located in western province under mount Cyangugu in Cyangugu Cell, Kamembe Sector in Rusizi District . Centre Diocésain de Pastorale INCUTI started operating since 2012, about 700 m to Rusizi District headquarter and 350 m to Rusizi Stadium. Also the CDPI located where you can enjoy the best view of different natural resources including Kivu Lake, forests, islands and Bukavu town. The Centre Diocésain de Pastorale Incuti (CDPI) is near the Cathedral Parish  of Cyangugu and one kilometer to Evêché Cyangugu. CDPI has capacity of accommodating 50 guests for minimum level  in different room’s categories as well as self contained rooms and oneself contained rooms; including breakfast and wireless which are grouped into different categories such as double rooms including sitting room,telephone,television,barcony... Single rooms, twin rooms. It has also 4 conference halls about the maximum capacity of receiving 100 persons.",50,58,"International,African",www.centrepastoral.diocesecyangugu.com,+250786086663,cpastoralincuti@gmail.com
Rohi Apartments,Accommodation entity,Serviced apartment,City Of Kigali,Gasabo,https://tourismregulation.rw/en/entity/profile/595/,Licensed,"Rohi Apartments is situated in Kigali City, Kimihurura, a very quiet spot 7 minutes drive from the Kigali International Airport, 5 minutes walking distance to the Kigali Convention Center. We have a total of 12 Units comprising of 4 one Bedroom and 8 two Bedrooms Apartments All our Apartments are fitted with state of the art facilities for the  luxury of our guests.  With separated bedroom, sitting room and a Kitchenette, you are bound to enjoy a homely atmosphere. We have round the clock security, 24 Hours reception service, 4G Hi-Speed Internet Connectivity, Flat Screen TV sets with DSTV multi channels, a choice of bathtubs and overhead showers, Fridge and Microwave. In addition our rooms are fitted with smoke detectors to enhance your safety. We have ample parking for our guests and privacy and tranquil is guaranteed.",12,20,,www.rohiaparthotel.co.rw,0788306040,rohibusinessltd@gmail.com
Thousand Hills Africa,Tour operator/Travel agent/Tour guide,Tour operator,City Of Kigali,Nyarugenge,https://tourismregulation.rw/en/entity/profile/584/,Licensed,Thousand Hills Africa is a Tour Operator that specialises in the high end market.,0,0,,www.thousandhillsafrica.com,0788300430,manzik@thousandhillsafrica.com
NEW PLANET AGENCY LTD,Tour operator/Travel agent/Tour guide,Travel agent,City Of Kigali,Nyarugenge,https://tourismregulation.rw/en/entity/profile/561/,Licensed,"New planet agency is a local owned Company based in Kigali, Rwanda, having its offices at M-PEACE PLAZA Lower Ground Floor and specializes in the Gorilla and Chimp safaris; Adventure wildlife Safaris; Mountain climbing, Bird- watching, Cultural safaris, incentive travel in Rwanda and Air Line ticketing.",0,0,,www.planettravel.rw,0788594252,planettravels2000@gmail.com
FARAJA HOTEL,Accommodation entity,Town hotel,Northern Province,Musanze,https://tourismregulation.rw/en/entity/profile/558/,Licensed,"FARAJA HOTEL IS A COMFORT HOTEL LOCATED IN MUSANZE TOWN, JUST AT 800 METERS FROM THE CITY CENTRE ON THE MAIN ROAD GOING TO RUBAVU AND DRC.  IT HAS 38 COMFORT ROOMS, ONE MODERN RESTAURANT, 2 CONFERENCE HALLS AND ONE CONVENIENT BAR.",38,43,International,www.farajahotels.com,+250788306812,farajahotels@gmail.com
ECO-SAFARIS RWANDA,Tour operator/Travel agent/Tour guide,Tour operator,City Of Kigali,Gasabo,https://tourismregulation.rw/en/entity/profile/560/,Licensed,"Eco-safaris Rwanda is the Rwandan registered tourism company in Rwanda development Board which is based in Kigali. Its commitment is to protect environment and community based tourism for sustainable tourism. Our Services We offer different services and tour packages such as: •	Airport Transfers, Car rental/Hire and Hotel reservations. •	Africa wildlife safaris (Game drives, Gorilla & Chimps and trekking) Gorilla Permits & Bird watching. •	Cultural, community and Educational tours/ school trips. •	Hiking, boat ride , camping, Agri-Tours & Congo Nile Trail.",0,0,,http://www.ecosafarisrw.net/,+250 788 452 407,ecosafaris1@gmail.com
Sainte Anne Hotel,Accommodation entity,Town hotel,Northern Province,Musanze,https://tourismregulation.rw/en/entity/profile/563/,Licensed,"Sainte Anne hotel is an economic and comfortable hotel in musanze town, making the difference is our moto and for that the customer care is our strength. We do offer the accommodation services, restaurant and bar services and conference services and in all these services we allow you to feel at home because we have enough experience in this domain.",16,20,International,,+250788386971,hsaintanne@yahoo.fr
RUBAVU MOTEL,Accommodation entity,Motel,Western Province,Rusizi,https://tourismregulation.rw/en/entity/profile/579/,Licensed,"RUBAVU MOTEL is  located in western province, RUSIZI City,Kamashangi Sector,nearby Kamembe market within 1km from kamembe international Airport, and 3km from DRC main border with better view of Kamembe city and Lake Kivu. RUBAVU MOTEL is luxurious motel located at Kamembe market main gate. We have a better view of lake Kivu. From Kamembe international airport to our motel is about 5 minutes with our shuttle services. Our customers enjoy the supper comfort and warm hospitality at RUBAVU MOTEL.",26,28,International,www.rubavumotel.com,0788304143,rubavumotel@gmail.com
BESPOKE TRAVEL AGENCY LTD,Tour operator/Travel agent/Tour guide,Travel agent,City Of Kigali,Gasabo,https://tourismregulation.rw/en/entity/profile/570/,Licensed,"BESPOKE Travel Agency is located in Kigali City, Gasabo District, Kimironko Sector and is committed to provide excellent air line bookings and ticketing to all travelers.",0,0,,,07882862000,sharon@bta.co.rw
A step into Nature Tours,Tour operator/Travel agent/Tour guide,Tour operator,City Of Kigali,Nyarugenge,https://tourismregulation.rw/en/entity/profile/720/,Licensed,"A step into Nature Tours offers guided unique tours across East Africa. We specialize in primate safaris in Rwanda, Uganda and Congo, cultural safaris, mountain climbing, bird- watching, city tours, and we also offer tailor-made tour packages upon request. These tours include luxury and budget tours, group safaris, family trips, and trips for honeymoon travelers.",0,0,,www.astepintonature.com,+250788838109,info@astepintonature.com
CARREFOUR HOTEL,Accommodation entity,Town hotel,Western Province,Rusizi,https://tourismregulation.rw/en/entity/profile/597/,Licensed,"Example: The CARREFOUR HOTEL is an 30 rooms, comfortable hotel, situated in RUSIZI Town. The hotel is arranged on two floors, without a lift. On the ground floor, apart from the reception, there is a comfortable lounge where you can sit and drink tea, or just read. The rooms are arranged on the first, second floors. On the second floor, there is also a delightful terrace available for the use of guests, from where you can enjoy the wonderful view. The buffet breakfast is served in the restaurant on the ground floor. The hotel provides an internet point, and a free Wi-Fi service.",30,30,French,,+250787269068,carrefourhotels@yahoo.com
BIZIMANA Eric,Tour operator/Travel agent/Tour guide,Tour guide,City Of Kigali,Gasabo,https://tourismregulation.rw/en/entity/profile/1103/,Licensed,"Nearly a decade in Environment protection projects  and conservation in my previous work,  triggered me to be passionate about nature in General. For more than 6 years now, I have been helping people to visit unfamiliar areas, nationals and foreigners, always making special trips, showing them important places in the country. Providing assistance, information on cultural, historical and contemporary heritage to people on organized tours and individual clients at educational establishments, religious and historical sites, museums, and at venues of other significant interest. My qualities Strong communication skills Responsible and outgoing Good memory Improvisational skills Enthusiastic Humor Punctuality A keen sense of Direction The knowledge of a local Very passionate with my country RWANDA",0,0,,https://www.instagram.com/erblacky/?hl=en,0788871929,bizerico3@gmail.com
Terra Incognita Ecotours,Tour operator/Travel agent/Tour guide,Tour operator,City Of Kigali,Gasabo,https://tourismregulation.rw/en/entity/profile/517/,Licensed,"Terra Incognita Ecotours is committed to making a difference to you and to the places we visit. We draw on our legacy of adventure, experience and knowledge, our commitment is to provide travelers with opportunities to participate in ecotours, which explore the world with a sense of discovery and wonder, and to preserve our environment for future generations. Indeed, we pledge to engage in responsible travel to natural areas that conserves the environment and improves the well-being of local people. Hence we adhere to the following: •	Minimize impact •	Build environmental and cultural awareness and respect •	Provide positive experiences for both visitors and hosts •	Provide direct financial benefits for conservation •	Provide financial benefits and empowerment for local people •	Raise sensitivity to host countries’ political, environmental, and social climate •	Support international human rights and labor agreements We take these principles to heart, and for every person who joins one of our ecotours we make a donation to one of the leading conservation organizations working in the area. We offer scheduled and custom tours to destinations such as Rwanda, Kenya, Tanzania and Uganda.",0,0,,www.ecotours.com,+250 788385111,carol@ecotours.com
Elevate Suites ltd,Accommodation entity,Town hotel,City Of Kigali,Gasabo,https://tourismregulation.rw/en/entity/profile/575/,Licensed,"Tucked away in the quite tree-lined avenues of Kigali’s upscale neighborhood of Nyarutarama. Elevate Suites ltd benefits from being in one of Kigali’s most picturesque locations. More elegant residence than chic boutique, this property has the comfort and charm of a tasteful home. Spaces are calm and well appointed, with traditional Rwandan touches, and an outdoor pool and patio area ties it all together. This 27 room hotel across the street from Rwanda’s only 9 hole Golf clubs and an easy drive from Kigali’s key attractions, including major shopping areas, is a tranquil escape away from bustle of the city Centre. The rooms are fitted with modern comfort like: -	Free Wi-Fi -	Flat TVs screen -	Mini bar -	Coffee and tea facilities -	Private Safe -	Air Conditioning",27,27,International,www.elevatesuites.com,+250 78200 8088,info@elevatesuites.com
CANABERRA COFFEE SHOP AND BAR LTD,Restaurant/Bar/Nightclub,Restaurant,City Of Kigali,Gasabo,https://tourismregulation.rw/en/entity/profile/688/,Licensed,"CANABERRA is a cozy, comfortable coffeeshop and restaurant with an intimate environment in Remera Kisimenty (Stone Road),is arranged with three halls where customers can sit and have a coffee sharing ideas. We are open all weekly days from 7am to 11:30pm, we have Breakfast in the morning and fast food from 10 am  to 11:30 pm. We have front hall and two back halls which are relaxation places because of their quietness. we provide best free wireless internet which facilitate your work and helps you to not move many times wasting your time.",0,0,"African,BBQ,Pizzeria,Rwandan & International,Sandwiches,Soups & Salads,Snacks,Vegan/Vegetarian",www.canaberra.com,0783935025,info@canaberra.com
LA SERENITE GUEST HOUSE LIMITED,Accommodation entity,Villa,Western Province,Rubavu,https://tourismregulation.rw/en/entity/profile/574/,Licensed,"LA SERENITE GUEST HOUSE Feel at home in ""LA SERENITE GUEST HOUSE LIMITED"" located in Rubavu District, Gisenyi Sector, Nengo Cell, Nyaburanga Village. LA SERENITE has 9 ( 8 double rooms and one twin room). Set in over 993sqm inclusive small parking, and other facility infrastructures. LA SERENITE GUEST HOUSE is in a very quite area not far from Gisenyi city center, it is found 10 minutes from the Lake Kivu Beach, there is a tar road from Gisenyi big market, meeting the road that lead to the Gisenyi Boarder to DRC ""Grande Barriere LA CORNICHE"". The name "" LA SERENITE"" implies it is calm, peaceful place, it has a beautiful garden with many kind of flowers and fruits where a guest can sit, rest and go back without stress. Most important at a cheap place. From our guest house, we can visit in 20 minutes Nengo mountain Where the second war world ended and others touristic sites.",9,20,,None,0788813916,sereniteg5@gmail.com
INFINITY CENTER GATSIBO LTD,Accommodation entity,Motel,Eastern Province,Gatsibo,https://tourismregulation.rw/en/entity/profile/576/,Licensed,"The INFINITY CENTER GATSIBO is an 20 rooms, comfortable Motel, situated in the heart of GATSIBO Town. there is a comfortable lounge where you can sit and drink tea, or just read. There is also a splendid terrace, where, you can relax and immerge yourself from morning onwards in the atmosphere of Gatsibo daily life. The rooms  are arranged in two blocks  . On the one block , there is also a delightful terrace available for the use of guests, from where you can enjoy the wonderful view. The buffet breakfast is served in the restaurant on the ground floor. The Motel provides an internet point, and a free Wi-Fi service.",20,60,African,,0788306724,infinitycenter15@gmail.com
SUNRISE GUESTHOUSE,Accommodation entity,Motel,Eastern Province,Bugesera,https://tourismregulation.rw/en/entity/profile/577/,Licensed,"The SUNRISE GUEST HOUSE  is an 15 rooms, comfortable Motel, situated in the heart of Nyamata Town. The Motel is arranged on Four Blocks . On the ground block, apart from the reception, there is a comfortable lounge where you can sit and drink tea, or just read. There is also a splendid terrace, where, you can relax and immerge yourself from morning onwards in the atmosphere of NYAMATA daily life. The rooms are arranged on the f one Block. On the second floor, there is also a delightful terrace available for the use of guests, from where you can enjoy the wonderful view. The buffet breakfast is served in the restaurant on the ground floor. The Motel provides an internet point, and a free Wi-Fi service.",15,45,African,,0788614655,sunriseguesthouse2@gmail.com
DELTA RESORT HOTEL,Accommodation entity,Vacation hotel or resort,Western Province,Karongi,https://tourismregulation.rw/en/entity/profile/586/,Licensed,"A home away from Home Welcome to Delta Resort Hotel, a quaint 20-room Boutique Hotel located in one of the most sought-after neighborhoods in Karongi City, just a few meters from the beach of Kivu Lake. The Hotel is designed to offer a contemporary luxury experience for the business and leisure traveller Its proximity to Kibuye, Kivu beach and and other touristic places as an ideal Holiday address when you are travelling to Karongi. The Hotel’s unique interiors, chic ambience and personalized service make it a trendsetter. It’s an eclectic blend of traditional architecture and contemporary amenities. The Service design at the Hotel truly reflects rich culture of local housing with a mix of modern and international values.",20,20,"International,African,BBQ,French,Italian,Pizzeria,Rwandan,Rwandan & International,Sandwiches,Soups & Salads,Snacks,Vegan/Vegetarian",www.deltaresorthotel.com,0783981000,deltaresort@yahoo.com
HAVANA GUEST HOUSE AND APPARTMENT,Accommodation entity,Vacation hotel or resort,Western Province,Rubavu,https://tourismregulation.rw/en/entity/profile/585/,Licensed,"HAVANA GUEST HOUSE AND APPARTMENT Ltd id 30 rooms, at Rubavu City.",30,30,International,,+250788415006,havanaguesthouse@gmail.com
BAMBOO INN Ltd,Accommodation entity,Villa,Northern Province,Musanze,https://tourismregulation.rw/en/entity/profile/1135/,Licensed,"BAMBOO INN Ltd is located in Northern province  Musamze district, muhoza sector, Mpenge cell",10,10,International,,0788414326,safarimuberuka@gmail.com
RUSIZI PROGRESS HOTEL LTD,Accommodation entity,Town hotel,Western Province,Rusizi,https://tourismregulation.rw/en/entity/profile/591/,Licensed,"RUSIZI PROGRESS Hotel is an 29 rooms, comfortable hotel, situated in Rusizi Town. The hotel is arranged on two floors, without a lift. On the ground floor, apart from the reception, there is a comfortable lounge where you can sit and drink tea, or just read. e. The rooms are arranged on the ground, first and second floors. On the second floor, there is also a delightful terrace available for the use of guests, from where you can enjoy the wonderful view. The buffet breakfast is served in the restaurant on the ground floor and the Bar on side. The hotel provides an internet point, and a free Wi-Fi service.",29,30,French,,+250781060088,inforphotel@gmail.com
Champion Hotels LTD,Accommodation entity,Town hotel,City Of Kigali,Gasabo,https://tourismregulation.rw/en/entity/profile/589/,Licensed,"The Champion Hotel in order to consistently deliver quality services there is a need for us to become consumer centric, to be focused on the delivery of quality services to its customers. The success of Champion Hotel is in its owners, and knowledgeable staff, with experience in the hotel and hospitality industry. We are committed to making its operation a successful one. Employees have been hand selected and they share the same views and morals as the owners, that is keeping the customer satisfied with the offered service hence assuring repeat business and providing great service at the same time. Champion Hotel anticipates all aspects of the guest needs as well as catering to special requests. Our 24 hr concierge service assures the guest will have the best service possible. Hotel personnel are disciplined, professional, and friendly and maintaining the hotels and first class standards. It is a team expertly trained in offering quick service delivery to our entire guest’s roster. Champion Hotel customer’s and overnight guests are in good hands when they choose our hotel for the services in the area of hospitality.The main Objectives of Champion Hotel for the past 3 Years of Operation include - Exceeding customers expectations for luxury accommodations - Implementing hospitality technology to enable the hotel access to tourist and foreign visitors to Rwanda to boost its visibility, brand and market share in hotels in Kigali, thus allowing our client base to grow. -Assembling an experienced and effective staff that can attract, manage and maintain middle to high income consumer base. - Our mission is to become the number one accommodation choice for multi- scale visitors, guest and locals - Our Vision is to provide high class accommodations, conference, leisure and meals at affordable prices with memorable experiences to customers by our ready and willing staff.",47,55,"International,Rwandan & International",,0787953869,championhotelkgl@gmail.com
KANAMUGIRE Frank,Tour operator/Travel agent/Tour guide,Tour guide,City Of Kigali,Nyarugenge,https://tourismregulation.rw/en/entity/profile/587/,Licensed,A Tour Guide,0,0,,,0783682710,frankkanamugire@gmail.com
KAMI EXECUTIVE APARTMENTS,Accommodation entity,Serviced apartment,City Of Kigali,Gasabo,https://tourismregulation.rw/en/entity/profile/592/,Licensed,"Kami Executive Appartments is a favourite accommodation choice in Kigali. With its 18 units it is well equipped to cater for the business man and woman, overseas tour groups, sports groups, school groups as well as the individual just looking for short and long term accommodation! We offer a variety of superior quality, fully furnished and serviced apartments under world class hotel-standard management. The concept of the design of each apartment is to combine elegant and contemporary furnishings while providing the traditional comforts of home!",2,2,,www.kami-apartments.com,0788305831,info@kami-apartments.com
Airport breeze motel,Accommodation entity,Motel,Western Province,Rusizi,https://tourismregulation.rw/en/entity/profile/590/,Licensed,"The Airport breeze motel is an 15 rooms, comfortable motel, situated in the Airport of Kamembe Town. The Motel is arranged on three floors, without a lift. On the ground floor, apart from the reception, there is a comfortable lounge where you can sit and drink tea, or just read. There is also a splendid terrace, where, you can relax and immerge yourself from morning onwards in the atmosphere of Kamembe daily life. The rooms are arranged on the ground, three floors. On the second floor, there is also a bar terrace available for the use of guests, from where you can enjoy the wonderful view of lac Kivu. The buffet breakfast is served in the restaurant on the ground floor.",20,11,"International,Rwandan & International",,0788356582,munefeli07@gmail.com
ELEGANCIA HOTEL,Accommodation entity,Town hotel,Eastern Province,Kayonza,https://tourismregulation.rw/en/entity/profile/623/,Licensed,"Elegancia hotel is 15 Rooms, comfortable hotel, which is located in Eastern Province, Kayonza District. the Hotel is arranged with one floors without a lift. On the ground floor, apart from the reception, there is a comfortable lounge where you can sit and drink tea, or just read. There is also a splendid terrace, where, you can relax and immerse yourself from morning onwards in the atmosphere of Kayonza daily life. The rooms are arranged on the first floor. The buffet breakfast is served in the restaurant on the ground floor. The hotel provides an internet point, and a free Wi-Fi service.",15,20,"International,African,American,Asian,BBQ,French,Italian,Pizzeria,Rwandan",www.eleganciahotel.rw,0788409017,eleganciahotel@gmail.com
STAMINA RESTO & BAR Ltd,Restaurant/Bar/Nightclub,Bar,City Of Kigali,Gasabo,https://tourismregulation.rw/en/entity/profile/1256/,Licensed,"STAMINA is where you can find every thing to eat like brochette, fish, chips,....we have also different kind of drinks such as soft drinks, liquors,....",0,0,"International,African,Rwandan",,0787808817,staminam2019@gmail.com
Home Saint Jean Ltd,Accommodation entity,Vacation hotel or resort,Western Province,Karongi,https://tourismregulation.rw/en/entity/profile/618/,Licensed,"At  Home Saint Jean we aim at providing you with a good night’s sleep, at the  affordable prices and with the creature comforts you would expect.  We are located on the shores of Lake Kivu in Karongi District,Home Saint Jean has been an existence for more than Fourty years for now. We offer Accommodations, F&B Services, Conference Rooms Both of Theatre Style, Disability facilities for our rooms and a unique ambiance owing to Our location. Room facilities  and High Speed Internet Connection: The best of  facilities in all room categories.  We  Keep Provide a Good  Customer Care Service, Respecting all Hotel Policies and  Clients Conditions. Kibuye’s Residents and Visitors Flocked to Our Amazing Place Getting the advantages of our delicious Lunch, Dinner options and variety of Tasty Snacks as well as enjoyable Breakfast.    We offer Food of both Hot  & Cold Dishes; All icredibly Flavor and Consistently Fresh. Those who have a crving for African Food will particularly Appreciate the comprehensive the Buffet of African dishes; Soups, Salads, Breads and Natural Fruits, Seminors and Coneference Hosting, Food and Beverage Services all from The Menu Card and  Outside  Catering Service. Once you make a choice from our Extensive Menu, enjoy The Food   in or at the Front of  our Restaurant While Gazing out  on the Lake View and out Kibuye’s Street Life.",30,50,International,www.homesaintjean.com,+250784725107,homesaintjean@ymail.com
Khana Khazana Villas & Boutique Hotel,Accommodation entity,Villa,City Of Kigali,Gasabo,https://tourismregulation.rw/en/entity/profile/652/,Licensed,"KHANA KHAZANA VILLAS & BOUTIQUE HOTEL SITUATED IN THE COZY &  GOOD RESIDENTIAL PLACE  IN KIGALI RWANDA.VIRTUALLY ALL OF THE CITY’S MAIN ATTRACTION ARE WITHIN IN FEW MINUTE DISTANCE,MAKING IT THE IDEAL VENUE FOR BUSINESS TRIP OR LEISURELY BREAK.THE KHANA KHAZANA HOTEL HAVE 6 COMFORTABLE ROOM IN WHICH ONE ROOM IS INTERCONNECTED,THE HOTEL HAVE 2 FLOORS WITHOUT LIFT.SOME ROOM ARE ON GROUND FLOOR AND SOME ARE IN FIRST FLOOR.THERE IS A COMFORTABLE LOBBY WHERE YOU CAN SIT AND DRINK TEA,READ BOOKS AND  WATCH TELEVISION WITH YOUR BUDDIES. THERE IS A SPLENDID TERRACE IN FEW ROOM WHERE YOU CAN SIT AND ENJOY  CITY WEATHER WITH A NICE CUP OF COFFEE AND TEA.ALL ROOMS HAVE AN LED TV,TELEPHONE,  FREE WI-FI &ALL ROOM AMENITIES. BREAKFAST, LUNCH&DINNER SERVE IN BEAUTIFUL RESTAURANT OF KHANA KHAZANA WHICH IS IN PREMISES OF HOTEL WHICH GIVES A NICE THEME OF INDIAN CULTURE AND GIVE TASTE OF AUTHENTIC INDIAN FOOD. KHAZANA HAS THE GREAT AMBIANCE,SURROUNDS GARDEN, OFFER YOU OPEN AIR DINING WITH EXTREMELY ATTENTIVE SERVICE CONTRIBUTED TO BRILLIANT DINING EXPERIENCE AND THIS RESTAURANT WE SERVE ENDLESS VARIETIES OF FRESH INDIAN CULINARY ITEMS AND MENU CONSIST OF VARIETIES OF INDIAN FOOD WITH RECIPES DESCRIPTION.ALL WAITERS HAVE GOOD KNOWLEDGE OF INDIAN FOOD WITH A GOOD SMILE AND ETIQUETTE. HOTEL HAVE GOOD PARKING FACILITIES WHERE YOU CAN PARK MORE THEN 40 VEHICLES WITH A BEAUTIFUL GARDEN.",5,6,"Asian,Chinese,Indian,Soups & Salads,Vegan/Vegetarian",www.khanakhazana.rw,"0781849797, 0781522170",khazanavillas@yahoo.com
TAMARIS TOWN Hotel,Accommodation entity,Town hotel,City Of Kigali,Nyarugenge,https://tourismregulation.rw/en/entity/profile/650/,Licensed,"TAMARIS TOWN Hotel is an 57 rooms, comfortable hotel, situated in Nyabugogo. The hotel is arranged on two floors, without a lift. On the ground floor, apart from the reception, there is a comfortable lounge where you can sit and drink tea, or just read. There is also a splendid terrace, where, you can relax and immerge yourself from morning onwards in the atmosphere of Kigali daily life. The rooms are arranged on the first, second floors. On the second floor, there is also a delightful terrace available for the use of guests, from where you can enjoy the wonderful view of Mont Kigali. The buffet breakfast is served in the restaurant on the first floor. The hotel provides a free Wi-Fi service.",57,57,Rwandan & International,,+250788300880,srushomwa@yahoo.fr
RUVA GROUP TRAVEL AGENCY,Tour operator/Travel agent/Tour guide,Travel agent,Western Province,Rubavu,https://tourismregulation.rw/en/entity/profile/617/,Licensed,"RUVA GROUP TRAVEL AGENCY is travel company that provides air tickets to clients from , to Rwanda and worldwide.",0,0,,,0788412731,ruvagroup5@gmail.com
BIRDING SAFARIS LTD,Tour operator/Travel agent/Tour guide,Tour operator,City Of Kigali,Gasabo,https://tourismregulation.rw/en/entity/profile/603/,Licensed,"BIRDING SAFARIS RWANDA LIMITED is a renowned tour operating Company, which has many accolades to it’s credit when it comes to birding, it’s no longer a war zone or battle field as it used to be BUT an ultimate tourist destination and a birding paradise. We have the final word in the Great Lakes region (Rwanda, Uganda, DRC, Kenya, TZ and Burundi), where it’s based. Our knowledge of Birds in the field is second to none particularly within our environment, which is home to over 1090 species of whom 28 species are Albertine endemics! In addition, our unmatched beauty in flora and fauna which has an edge over any other country worldwide, offer us also a wildlife paradise, which is yet another area where tourist from all walks of life have enjoyed a tour experience never before offered elsewhere. We take pride in our team of our vastly knowledgeable and experienced bird guides, who have gone out of their way to identify rare species of birds, their behavioral patterns and preservation ways. In a word, we invite you to book a safari with us, and you will have something to sing about thereafter if not in future.",0,0,,www.birdingsafarisrwanda.com,0784835718,kirenga2@gmail.com
RWANDA ECO COMPANY AND SAFARIS,Tour operator/Travel agent/Tour guide,Tour operator,City Of Kigali,Kicukiro,https://tourismregulation.rw/en/entity/profile/616/,Licensed,"Rwanda Eco Company & Safaris is one of established inbound and outbound Tours and Travel Company based in Rwanda offering tours across the Easter Africa managed by professionals in travel and tourism management. With Rwanda Eco Company& Safaris you can experience the soul of Rwanda at first hand. We provide a flexible, diverse and very competitive tourism products tailored to all the range of the market comprising individuals, families, small groups, special interest groups, business travelers, meetings, and incentive and conferences travelers, among others.",0,0,,www.rwandaecocompany.com,+250788508228,info@rwandaecocompany.com
GOOD NEW GUEST HOUSE,Accommodation entity,Villa,City Of Kigali,Kicukiro,https://tourismregulation.rw/en/entity/profile/614/,Licensed,"Good News Guest House has  16 rooms. It is located in Kigali City, Gikondo inside the Free Methodist Church compound. There is a nice garden where people sit and explore many types of Rwandan birds. The place is quiet and it is a great place for rest. The rooms are nice and each room has a private bathroom. The guest house has a great kitchen and serves breakfast, lunch and dinner. The whole compound is covered by a high speed free Wi-Fi  for people to be connected with the world. The services at Good News Guest House are provided on time with accuracy.",16,22,"American,Rwandan & International",www.gdguesthouse.com,+250 786016677,goodnewsguesthouse@yahoo.fr
ST AUGUSTINE APART AND HOTEL,Accommodation entity,Serviced apartment,City Of Kigali,Kicukiro,https://tourismregulation.rw/en/entity/profile/637/,Licensed,"Leave the worries about accommodation in Kigali up to us at St Augustine Kigali. St Augustine is urban villa of comfort and elegance situated 7KM from the airport and 1.9 KM to mont Rebero (looking over Kigali). Our comfortable full-furnished rooms are calm and equipped with WI-Fi, TVs with different channels.Every room has a bathroom with a hot shower and a private balcony access so that you can enjoy a view of the beautiful Kigali. Our comfortably full-furnished apartments are calm and equipped with modern kitchen and fridge,landline telephone for internal use and TVs .It features a mini-restaurant,mini bar at the property Strategically positioned near the central business district St Augustine Apart & Hotel in Kigali is a place to indulge in absolute ease and luxury as we take care of you with personalize service. When you can't afford to have anything out of reach,it's often difficult to make accommodation choice that will cover every important aspect. A place where you can access all efficient provisions while still catering to your distinguished taste and lifestyle.This is when St Augustine apart and hotel comes into play",19,23,"Rwandan & International,Sandwiches,Soups & Salads",www.staugustinehotelrwanda.com,0787249494,staugustineapartandhotel@yahoo.com
THE PALM BEACH RESORT,Accommodation entity,Vacation hotel or resort,Western Province,Rubavu,https://tourismregulation.rw/en/entity/profile/605/,Licensed,"The palm Beach Resort 18 rooms,situated at RUBAVU District",18,18,African,,+250785695577,palmbeachrubavu@gmail.com
MUKWAYA Rustobe Robert,Tour operator/Travel agent/Tour guide,Tour guide,City Of Kigali,Kicukiro,https://tourismregulation.rw/en/entity/profile/609/,Licensed,Tour Guide,0,0,,,0786340018,muro032@yahoo.com
KARAMUKA Mussa,Tour operator/Travel agent/Tour guide,Tour guide,City Of Kigali,Nyarugenge,https://tourismregulation.rw/en/entity/profile/608/,Licensed,Tour Guide,0,0,,,0788868780,karamukamussa@gmail.com
AMAKORO SONGA LODGE / SONGA AFRICA,Accommodation entity,Lodge,Northern Province,Musanze,https://tourismregulation.rw/en/entity/profile/662/,Licensed,"Amakoro Songa Lodge is nestled in a small village outside the town of Kinigi 15 min drive from the Gorilla trekking office, Amakoro Songa Lodge is a genuine blend of conservation and tourism. Its Luxurious chalets are designed and built to take advantage of its serene surroundings that give everyone who visits the sense of being far away from everything and so at peace. Amakoro Lodge gets its name from the black volcanic rocks that characterize this mountainous northern part of Rwanda that is home to Mountain Gorillas. The lodge is set on a huge open land, surrounded by the mountains Muhabura, Sabinyo and Gahinga with beautiful manicured lawns .If you are looking for rustic elegance ,fresh air and rediscovering your inner self this is the place to be. The total number of beds are 5 : 3 King sized bed and 1 pair of twin beds  in 3 Cottages (Main Cottage & 2 Individual Cottages), Our Cottages are extremely spacious and private, balconies with amazing views of the Mountains , sitting area,  bathroom and Shower, the Main Cottage has a lounge area with a warm cozy Fire place, dining area, and a bar. Complimentary WIFI internet connection is available in all the cottages. The outside seating areas are; Main Cottage balcony, Outdoor Fire place, and Amakoro Stones seating area and Grass Thatched House. All these have amazing views",4,5,,www.songaafrica.com,+250788305500,info@songaafrica.com
Manzi Eric,Tour operator/Travel agent/Tour guide,Tour guide,City Of Kigali,Gasabo,https://tourismregulation.rw/en/entity/profile/1118/,Licensed,Am a guide specialized in wildlife and birding trip with general information about the different sectors of Rwanda's economy.  Passionate about photography and do it as a hobby.,0,0,,,0788952452,ericmanzi70@gmail.com
KAMO AND SONS LTD (City Valley Motel),Accommodation entity,Motel,City Of Kigali,Nyarugenge,https://tourismregulation.rw/en/entity/profile/632/,Licensed,"City Valley Motel is a Motel located nearest of Nyabugogo National Parking on Poids_Lourds Nyabugogo is accommodated for international tourist or visitors and also local visitors. City Valley Motel has 23 rooms and 23 beds with  free 4G internet. It has restaurant of Rwandan food, snack bar and conference room.The buffet and  breakfast are served in the restaurant 24 hrs/7",23,23,Rwandan,kamoandsons,0788578197,kamokash01@yahoo.co.uk
SHADOW HOUSE,Accommodation entity,Villa,Western Province,Rubavu,https://tourismregulation.rw/en/entity/profile/624/,Licensed,"Boasting a garden and a bar, Gisenyi Shadow House is located in Gisenyi. The Villa has 8 self-contained rooms with permanent hot shower. Featuring a 24-hour front desk, this property also provides guests with a restaurant. The property is 700 m from Soccer Field and a 12-minute walk from Gisenyi Hospital. The daily breakfast offers continental, halal or vegetarian options. The area is popular for cycling, and bike hire is available at the guest house. Clinique medical de 'l Arche is a 14-minute walk from Gisenyi Shadow House, while Western Union is a 16-minute walk from the property. We speak your language!",8,9,International,,+250788557695,JeanineShadow@gmail.com
GORILLA SOLUTIONS LODGE LTD,Accommodation entity,Lodge,Northern Province,Musanze,https://tourismregulation.rw/en/entity/profile/627/,Licensed,"Gorilla Solution Lodge is a perfect hotel to stay for your gorilla safari in Volcanoes national park, overlooking the beautiful Virunga Volcanoes – Karisimbi, Bisoke, Sabyinyo, Muhabura and Gahinga. Situated in Musanze a few minutes walk to the volcanoes national park head offices along a tarmac road, the lodge offers you a convenient access point. We offer top quality and ultimate safari lodge facilities to meet our clients’ needs hence providing a memorable experience. The lodge has ten comfortable cottages that have been carefully built each of which has a private veranda allowing wonderful views of the three Volcano Mountains. Inside the spacious cottages, you will find comfortable beds, well appointed en suit bathroom with flash toilets and hot showers with an devoted lounge area complete with table and chairs offers that provide a comfortable environment for discussions.",10,13,"International,African,American,Asian,BBQ,Chinese,French,Italian,Pizzeria,Rwandan,Rwandan & International,Sandwiches,Soups & Salads,Snacks,Vegan/Vegetarian",www.gorillasolutionlodge.com,0785408411,info@gorillasolutionlodge.com
UWIMANA NZAMWITA Alexis,Tour operator/Travel agent/Tour guide,Tour guide,Northern Province,Musanze,https://tourismregulation.rw/en/entity/profile/619/,Licensed,Tour Guide,0,0,,,0788463707,nzamwitaalexis91@gmail.com
LE PRINTEMPS HOTELS LTD,Accommodation entity,Town hotel,City Of Kigali,Gasabo,https://tourismregulation.rw/en/entity/profile/620/,Licensed,"Only ten-minute drive from Kigali International Airport, Le Printemps Hotel is a modern hotel located in a peaceful and quite environment in Kimironko area in Kigali City. Le Printemps Hotel Ltd is located at Kimironko Main Road, (Avenue Kimironko KG 11 AV 53), Opposite Kimironko Bus Station in the immediate neighborhood of Kimironko market place and Amahoro national stadium. Le Printemps Hotel warmly welcomes you to it’s services where more than African experience awaits you with universal standard services in the beautiful country of Rwanda. This place has been designed to offer the guest a heaven of peace and comfort.  With all the grandeur and splendor of Rwandan beauty, Le Printemps Hotel is endowed with a safety parking lot in a precious elegant setting. The Cuisine With a modern cosmopolitan look, the cuisine at Le Printemps Hotel is widely recognized as one of the best in Rwanda’s capital. With great professionalism, the kitchen staffs of the hotel work zealously to the satisfaction of all palates. It goes without saying that le Printemps hotel is nationally and regionally reputed for it’s delicious barbecue. Open for breakfast, Lunch and dinner, the VIP restaurant of Le Printemps hotel offers a friendly dining in a wonderful terrace setting with sweet fresh air where the guests have a beautiful view of the neighborhood. With it’s large, medium and small conference halls, Le Printemps Hotel can accommodate meetings of various sizes, the hotel has a very large hall which can accommodate around 1,000 people (for wedding and other ceremonies) and is equipped with sound system, one conference hall that can receive up to 2",30,31,"International,African,American,BBQ,Pizzeria,Rwandan,Rwandan & International,Soups & Salads,Snacks,Vegan/Vegetarian",www.leprintempshotel.rw,+250-788307133 / +250-788302310,info@leprintempshotel.rw
SHEMA MPORE Didier,Tour operator/Travel agent/Tour guide,Tour guide,Northern Province,Musanze,https://tourismregulation.rw/en/entity/profile/621/,Licensed,Tour Guide,0,0,,,0783598538,mporedidie@gmail.com
Auberge Ikaze,Accommodation entity,Town hotel,Northern Province,Musanze,https://tourismregulation.rw/en/entity/profile/625/,Licensed,"The Auberge Ikaze is an 14 rooms self container. The Auberge Ikaze it has the big garden at front of the bar where you can enjoy the relief of volcano and the Collines of Musanze,Gakenke and Nyabihu . The Auberge Ikaze is an conference hall with 150 person of capacity. The Auberge Ikaze is an Sauna and Massage on the ground floor in the building of three floor where the first and second floor is setting the rooms The Auberge Ikaze is Wi Fi internet connection 4glite and Wi Fi surveillance cameras",14,14,International,www.aubergeikaze.rw,250788403419,aubergeikaze@yahoo.fr
New Dawn Associates,Tour operator/Travel agent/Tour guide,Tour operator,City Of Kigali,Nyarugenge,https://tourismregulation.rw/en/entity/profile/630/,Licensed,"NDA is a social enterprise based in Kigali Rwanda. We are the pioneers of community based tourism in Rwanda that offers high value intimate experiences. We are located at U.T.C building, 1st floor plot no. 3.25",0,0,,www.newdawnassociates.com,0788558880,info@newdawnassociates.com
FATIMA HOTEL,Accommodation entity,Town hotel,Northern Province,Musanze,https://tourismregulation.rw/en/entity/profile/628/,Licensed,"Situated in the city center, this spa hotel is close to Cathedral of Musanze and Shyira Diocese Cathedral. Area attractions also include Volcanoes National Park.Along with 3 restaurants, this hotel has a full-service spa and an outdoor pool. Free English breakfast, free WiFi in public areas, and free self parking are also provided. Other amenities include 3 bars/lounges, a fitness center, and a poolside bar.",65,195,International,,0787652534,cpndefatima@yahoo.fr
HOTEL GREENWICH LTD,Accommodation entity,Town hotel,City Of Kigali,Gasabo,https://tourismregulation.rw/en/entity/profile/676/,Licensed,"The Hotel Greenwich Ltd is an 16 rooms, confortable hotel, located at Remera, in the Eastern part of the Capital City of Rwanda, on the main road from down town, Hotel Greenwich is at 2,4 km from Kigali International Airport and 900 m from “Amahoro” International Stadium where big national and international events are frequently held. Greenwich Hotel offers you two unique bars and restaurants. Inside the hotel, we have a restaurant that can cater up to 60 guests. We serve breakfast, lunch and dinner in a nice and comfortable atmosphere. A second restaurant is outside. It can cater up to 250 guests; a favorite venue for weddings and banquets. Our cuisine offers international and national dishes. Our cuisine offers international and national dishes. We specialize in Italian cuisine; risotto, pastas, coffees, wines and deserts. You can order a la carte or try our buffet, especially at lunchtime. The outdoor restaurant specializes in grills, locally known as “nyama coma”. We barbeque chicken, fish, goat and beef. The buffet breakfast is served in the restaurant on the ground floor. The hotel provides an internet point, and a free Wi-Fi service. At Hotel Greenwich, we offer a fully equipped Boardroom seating 20 people and our new Main Conference Room seats between 230 – 250 people.",16,26,"International,African,Rwandan & International",http://www.rwandagreenwichhotel.com/,0785993670,info@rwandagreenwichhotel.com
INTARE SAFARIS LTD,Tour operator/Travel agent/Tour guide,Tour operator,City Of Kigali,Kicukiro,https://tourismregulation.rw/en/entity/profile/783/,Licensed,"Intare Safaris is Inbound Tour Operator based in Rwanda, with an office at Remera, Kigali. We do both individualised and group safaris to different sizes of tourists from individuals, small groups and big groups. We specialize in selling Gorilla trips, wildlife safaris, Primate Safaris, Birding Safaris, Cultural and museum Safaris, and Nature walks.",0,0,,,0788319750,intaresafaris@mail.com
GUEST HOUSE HAPPY GARDEN,Accommodation entity,Lodge,Western Province,Rubavu,https://tourismregulation.rw/en/entity/profile/634/,Licensed,"The guest house happy garden is an 11 rooms, comfortable guest house, situated in the heart of Gisenyi Town. The guest housel is arranged on two floors, without a lift. On the ground floor, apart from the reception, there is a comfortable lounge where you can sit and drink tea, or just read. There is also a splendid terrace, where, you can relax and immerge yourself from morning onwards in the atmosphere of Gisenyi daily life. The rooms are arranged on the first, second floors. On the second floor, there is also a delightful terrace available for the use of guests, from where you can enjoy the wonderful view. The buffet breakfast is served in the restaurant on the ground floor. The guest house provides an internet point, and a free Wi-Fi service.",11,11,Rwandan & International,,0780394240,mugabehappy123@gmail.com
Moon's charity Ltd,Accommodation entity,Town hotel,Eastern Province,Nyagatare,https://tourismregulation.rw/en/entity/profile/1013/,Licensed,"Moon's Charity  is an 21 rooms, comfortable hotel, situated in the heart of Nyagatare Town, It has a specialty of catering for different conferences , receptions and weddings and accommodates different guests on different basis of accommodation .There is also a splendid terrace, where, you can relax and immerge yourself from morning onward in the atmosphere of Nyagatare daily life. Moon's Charity is situated in the Eastern province, Nyagatare District and sector, Barija cell on the road going to the police station. For more information kindly contact : +250788533961, 0783886652",19,21,"African,Rwandan,Rwandan & International",,0783886652,nyirakirindo@gmail.com
TREKS 2 RWANDA LTD,Tour operator/Travel agent/Tour guide,Tour operator,City Of Kigali,Kicukiro,https://tourismregulation.rw/en/entity/profile/1069/,Licensed,"With its headquaters in Minnesota, USA, Treks 2 Rwanda is a small tour company, sister to Acess 2 Tanzania. It was opened in 2015 but started in 2016. T2R offers customized and private tours withing Rwanda to gorilla trekking as well as explore other natural wonders and the local culture. We are also a ground handler of Access 2 Tanzania from Arusha, Tanzania. WHAT WE OFFER: Treks 2 Rwanda specializes in customized adventures in Rwanda for the curious and thoughtful traveler: Gorilla Trekking (of course!) Access to all the great sites available in Rwanda Excellent and quick pre-safari customer service Unlimited mileage with our 4X4 Vehicles Trained, knowledgeable & friendly English-speaking Fleelancer driver/guides Fair & competitive prices",0,0,,www.treks2rwanda.com,8665896116,inquire@treks2rwanda.com
CENTRE D'ACCUEIL FIAT,Accommodation entity,Town hotel,Northern Province,Gicumbi,https://tourismregulation.rw/en/entity/profile/638/,Licensed,"CENTRE D'ACCUEIL FIAT has 60 rooms and is situated in GICUMBI town. The CENTRE D'ACCUEIL FIAT is arranged on two floors.  The rooms are arranged on the  first, second floors.  WE also have large conference room ( 1000 people)  and five small conference room (100 people). Our hotel has large garden for wedding and other events. The buffet breakfast is served in the restaurant on the ground floor. The hotel provides an internet point, and a free Wi-Fi service, free parking.",60,70,"International,African,French,Rwandan,Rwandan & International,Sandwiches",www.diocesebyumba.com,0787842723,centredaccfiat@gmail.com
GALILEO HOTEL STADIUM Ltd,Accommodation entity,Town hotel,Southern Province,Huye,https://tourismregulation.rw/en/entity/profile/649/,Licensed,"Galileo Stadium Hotel is located in the heart of the historic center of the Southern Province of Rwanda in an extremely characteristic, quite and lively area within reasonable distance to all sites . Galileo Hotel Stadium features a restaurant and free WiFi throughout the property. The hotel has a barbecue and views of the garden, and guests can enjoy a meal at the restaurant or a drink at the bar. Free private parking is available on site. Free use of bicycles and bike rental are available at this hotel and the area is popular for biking. The hotel also provides car rental. The nearest airport is Kigali International Airport, 52 miles from the property.",24,26,International,www.galileohotelstadium.com,0788500467,galileohotelrwanda@gmail.com
5 Swiss Hotel,Accommodation entity,Town hotel,City Of Kigali,Nyarugenge,https://tourismregulation.rw/en/entity/profile/927/,Licensed,"5 Swiss hotel is one of the newest hotel in Kigali. It started off as an adventure of 5 friends originally from Switzerland who on their first visit to Rwanda, fell in love with this beautiful country of a thousand hills and a thousand smiles. To them, Kigali resembles a lot to Geneva and they all agreed that Rwanda was the Switzerland of Europe. From there, they agreed to open up this beautiful hotel and made the commitment to provide the utmost quality hotel and dining services in town with a little Swiss touch.",16,20,International,www.5swisshotel.com,0785511155,info@5swisshotel.com
CREDO HOTEL Ltd,Accommodation entity,Town hotel,Southern Province,Huye,https://tourismregulation.rw/en/entity/profile/636/,Licensed,"Credo Hotel features a garden, terrace and bar in huye. Each accommodation at the hotel has mountain views, and guests can enjoy access to an outdoor swimming pool. Every room has a terrace. At the hotel, each room has a desk. Each room is fitted with a private bathroom with a shower. At Credo Hotel, rooms come with a flat-screen TV with satellite channels. A continental breakfast can be enjoyed in the breakfast area. When guests need guidance on where to visit, the reception will be happy to provide advice. Guests praise Credo Hotel for its superb service.",29,29,International,,0788302216,credohotel@yahoo.fr
REWARD GUEST ROOMS LIMITED,Accommodation entity,Villa,Western Province,Rubavu,https://tourismregulation.rw/en/entity/profile/573/,Licensed,"REWARD GUEST ROOMS LTD Welcome to the Reward Guest rooms are beautiful and modern rooms located in the city center of Gisenyi 200 meters away from Gisenyi  big market  in front of Anglican church. The tar road that connects Gisenyi general hospital to ""Umuganda""stadium passes by Reward. Reward is clean and is very well kept and helpful staff. we have eleven room some on the ground floor others on the first floor where you can be able to see the lake from far. there is a free high speed internet 4G to help our customers to stay up  to date. At a very affordable price you can't find any better place. Reward's Customer is king. We have a permanent car which help our Guests if the any medical emergency for them to be taken to the hospital.From Reward you can be able easily visit the tomb of German military who died during the second wold war. From Reward to a beach of lake Kivu it's takes 15 minutes.",11,12,,None,0784466044,uwajeanne08@gmail.com
Musanze Cave Hotel,Accommodation entity,Vacation hotel or resort,Northern Province,Musanze,https://tourismregulation.rw/en/entity/profile/1037/,Licensed,"Musanze Cave Hotel LTD is an 12 rooms, comfortable hotel, situated at Musanze, the hotel is arranged on ground, apart from the reception, there is a comfortable lounge where you can sit and drink tea or just read.",12,20,International,www.musanzecavehotel.rw,+250784519999,musanzecaveshotel@gmail.com
MERCATOR ASSISTANCE LTD,Tour operator/Travel agent/Tour guide,Tour operator,Western Province,Rubavu,https://tourismregulation.rw/en/entity/profile/660/,Licensed,"MERCATOR ASSISTANCE LTD is a Tour Operator , located in western Province of Rwanda in Rubavu district. The company is  specialized in organizing tourism activities like: Mountain biking  , hiking tour, Mountain Gorillas visit , National parks visit and cultural events in appropriate environmental settings. We organise itineraries for tourists group according their capacities,our experienced drivers and tour guide safety get you up close and enjoying the magnificent mountains terrain of 100 hills of Rwanda.",0,0,,www.mercatorassistance.rw,+250788306830,info@mercatorassistance.rw
Heartland Hotel,Accommodation entity,Town hotel,City Of Kigali,Nyarugenge,https://tourismregulation.rw/en/entity/profile/864/,Licensed,"Heartland  hotel ,The former Mount kigali Hotel located at Nyamirambo(cosmos) kn169 st,AV 55  only 300 m from the  Main road.this hotel is  located in the  heart of the city because of its  top view whole sides of Kigali.We deliver numerous  services such as accommodations on affordable prices,30sweet rooms  with Tv Ton 46 screen  free wifi,sauna, massage.The lobby lounge as the good place to meet and talk about  business over coffee. our restaurant offers international and rwandan dishes after drink of sophisticated atmosphere of our bar. we do not only offer those stared services but  also we have the good conference hall and attractive garden for wedding ceremony.",30,42,Other (specify),www.heartlandhotel.com,07889910711,heartlandhotel1@gmail.com
NYUNGWE TOP VIEW HILL HOTEL LTD,Accommodation entity,Cottage,Western Province,Nyamasheke,https://tourismregulation.rw/en/entity/profile/752/,Licensed,"Strategically located on the top of one of the hills of Gisakura, Nyungwe Top View Hill Hotel offers a unique experience due to its design embedded into the surrounding environment, location and size. Composed of two distinct compartments, the hotel has twelve cottages with a capacity of 24 beds night. Whereas the Rwandan traditional house architecture and design Style, distinction, warmth, and intimacy are key characteristics of the main building, its circular design enables the customers to enjoy a 360O of panoramic view of the surroundings. The second compartment offers guests with a sense of different themes in each cottage, making every single stay unique, even for the repeat guests. Each cottage is composed of a sitting room, a spacious bed room; a bathroom and a wider balcony with a specific view rendering the room enjoyable. The sitting room offers guest with opportunity to not only enjoy a fire place, that is lit every evening, but also to contemplate purchase of hand crafts and other souvenir products (mostly locally made) strategically displayed on local made shelves embedded in the sitting room. In addition, Nyungwe hotel has a functional bar, restaurant, and a state of the art kitchen, a very well equipped laundry that makes it easier for the hotel to provide timely services for not only in-house guests and walk-in but also outside catering.",12,24,International,www.nyungwehotel.com,+250787109335,nyungwetopview@gmail.com
SOLELUNA LTD,Restaurant/Bar/Nightclub,Restaurant,City Of Kigali,Gasabo,https://tourismregulation.rw/en/entity/profile/1430/,Licensed,"There’s a small Italian island in Rwanda. In Kigali, the restaurant SoleLuna, started in 2001 and is still managed by Dionigi, together with his Rwandese wife Beatrice, and offers the best Italian specialities in a comfortable setting. Pizza, pasta, meat, seafood and more, cooked according to traditional recipes. Using the best authentic ingredients straight from Italy and those carefully selected at the local market. A classy and relaxed atmosphere, comfortable and faraway from the city’s noises, an ample bar where you can enjoy Italian wines and amazing cocktails, wide terraces to relish our dishes while enjoying the nice weather. To meet the needs of our usual customers, we also offer take-away services.",0,0,,www.soleluna.company,0788859593,soleluna.rw@libero.it
ANTHURIUM RESIDENTIAL HOTEL,Accommodation entity,Town hotel,City Of Kigali,Nyarugenge,https://tourismregulation.rw/en/entity/profile/880/,Licensed,"ANTHURIUM RESIDENTIAL HOTEL is a hotel located in MUMENA NYAMIRAMBO (KN 159 St 1), 2.4 km from Belgian Peacekeepers Memorial, Located around 4.7 km from Kigali Centenary Park, the hotel is also 6.8 km away from MTN Centre Kigali, Caplaki Craft Village is at 2.9 km from Anthurium Residential Hotel, while Kandt House Natural History Museum is 3.4 km away. The Hotel boasts of twenty (20) self-contained luxury rooms. A reliable high speed internet service, hot water facility in all rooms, flat screen TV connected to star media and breakfast all included in our room rate. We have 1 conference room with a capacity of receiving between 20 participants respectively,  African and Grill/bbq dishes are served at the in-house restaurant. This property is also rated for the best value in Kigali! Guests are getting more for their money. We are speaking your language.",20,22,"International,African,French,Rwandan",www.anthuriumresidentialhotel.com,"0786456663 , 0783000582 , 0782895325",info@anthuriumresidentialhotel.com
MURENZI Gerard,Tour operator/Travel agent/Tour guide,Tour guide,City Of Kigali,Kicukiro,https://tourismregulation.rw/en/entity/profile/610/,Licensed,Tour Guide,0,0,,,0783677444,mrnzgerald@yahoo.com
KAMANZI Emmanuel,Tour operator/Travel agent/Tour guide,Tour guide,City Of Kigali,Gasabo,https://tourismregulation.rw/en/entity/profile/615/,Licensed,Tour Guide,0,0,,,0789771188,kamanzi.immanuel.2018@gmail.com
RUTAYITERA Patrick,Tour operator/Travel agent/Tour guide,Tour guide,City Of Kigali,Gasabo,https://tourismregulation.rw/en/entity/profile/653/,Licensed,"Born in Lubumbashi (DRC) in 1977, Patrick attended Primary and half Secondary education in Lubumbashi (Katanga   Region), and complete his Diploma in Rwanda. His love for wildlife and nature came during his childhood. After several experiences on different institutions in 2007, he joined a Safaris Company where he was given the opportunity to be a professional Tour Guide on wildlife, Here Patrick had the opportunity to develop and attend different training courses as driver guide.  With his knowledge and skills coupled by his hard work and passion for conservation, he has quickly risen from Driver guide to be a successful trip leader working with many travelers from all over the world.",0,0,,,0788451477,rutatembe@gmail.com
CENTRE NATIONAL D'EDUCATION TRANSFORMATRICE(CENETRA),Accommodation entity,Town hotel,City Of Kigali,Gasabo,https://tourismregulation.rw/en/entity/profile/654/,Licensed,"Set in Kabuga, Cenetra Hotel provides 3-star accommodation with private terraces. With free WiFi, this 3-star hotel offers a 24-hour front desk and luggage storage space. Grill/bbq, French and African dishes are served at the on-site restaurant. At the hotel all rooms include a balcony with a garden view. Rooms are complete with a private bathroom fitted with a bath, while some rooms also offer a seating area. All units have a desk.",15,15,International,,0783884485,cenetra1@gmail.com
LA VOISINA HOTEL Ltd,Accommodation entity,Town hotel,Northern Province,Musanze,https://tourismregulation.rw/en/entity/profile/655/,Licensed,"Featuring free WiFi, La Voisina Hotel offers accommodations in Ruhengeri. Guests can enjoy the on-site restaurant. Free private parking is available on site. Every room at this hotel is air conditioned and features a flat-screen TV with satellite channels. Certain accommodations have a sitting area where you can relax. A terrace or balcony are featured in certain rooms. All rooms are equipped with a private bathroom with a bathtub and bidet, with bathrobes provided. For your comfort, you will find slippers and free toiletries. You will find a 24-hour front desk at the property. Kigali International Airport is 75.6 km away. We speak your language!",16,16,International,,0783270665,info@lavoisinamotel.com
RUBAVU HAKUNA MATATA 2 Ltd,Accommodation entity,Lodge,Western Province,Rubavu,https://tourismregulation.rw/en/entity/profile/656/,Licensed,"akuna Matata Rubavu Lodge, Camping and Restaurant is located in one of the most elegant parts of the shores of Lake Kivu. Hakuna Matata Lodge is 7 kilometers from Gisenyi city, and will surely make your Rwandan as well as African sojourn an experience of a lifetime. Hakuna Matata Lodge, has a great choice of menu. Be it African, Asiatic or European cuisine, we assure you the best. Enjoy your lifetime on the view of kivu lake or drinks at sunset as you watch fishermen in their old boats fish on the lake. And just like home, you may buy raw ingredients from us and use our kitchen if you choose to make yourself a meal.",16,16,International,,0787484954,josphine.hsamon@yahoo.fr
BEST CHOICE GUEST HOUSE Ltd,Accommodation entity,Lodge,Western Province,Rubavu,https://tourismregulation.rw/en/entity/profile/658/,Licensed,"Best Choice Lodge is located near Rubavu Town, Rwanda and offers lodging services to guests within and outside the region. Each room has a toilet and a shower. On-site parking is available. Laundry/dry cleaning services can also be arranged. There is also a business centre on-site which offers secretarial services at a fee.",50,50,International,,0782723895,choicebest10@gmail.com
HOTEL VILLA PORTOFINO KIGALI LTD,Accommodation entity,Town hotel,City Of Kigali,Gasabo,https://tourismregulation.rw/en/entity/profile/596/,Licensed,"The view makes all the difference Peacefully tucked away in Kigali’s serene district of Nyarutarama , Hotel Villa Portofino is not only an ideal place to stay but a calm environment to hold your meetings in state of the art conference facilities or celebrate life events with family and friends under Kigali’s beautiful sky. All day terrace dining with breathtaking views of Kigali offers revitalization of the mind, body and soul that can only be found in the land of a thousand hills.",51,54,"International,African,American,Asian,BBQ,Chinese,French,Italian,Pizzeria,Rwandan,Rwandan & International,Sandwiches,Soups & Salads,Snacks,Vegan/Vegetarian",www.hotelvillaportofinokigali.com,"+250781579654, +250252500555",info@hotelvillaportofinokigali.com
LOGEMENT LA PETITE ISIMBI,Accommodation entity,Lodge,Western Province,Rusizi,https://tourismregulation.rw/en/entity/profile/668/,Licensed,Logement-lapetite isimbi-is in close proximity to the Democratic Republic of Congo border in Rusizi and 5-minute walk to Kamembe International Airport,25,25,International,www.isimbilogement.com,0788500564,buregeyajoseph2@gmail.com
IBIGABIRO RESORT MOTEL,Accommodation entity,Motel,Western Province,Nyamasheke,https://tourismregulation.rw/en/entity/profile/669/,Licensed,"IBIGABIRO-RESORT-MOTEL is located in NYAMASHEKE-DISTRICT,  5-minute from  NYAMASHEKE-DISTRICT-Building . This property is  a short distance-5min from attractions such as IBIGABIRO.ZCBY,UMWAMI-RWABUGIRI,5min-fro-main-road,Overview-of-Kivu-lac,15Km-from-",10,10,African,www.ibigabiro.com,0788685088,irm18@gmail.com
Nathan BYIRINGIRO,Tour operator/Travel agent/Tour guide,Tour guide,City Of Kigali,Gasabo,https://tourismregulation.rw/en/entity/profile/667/,Licensed,Tour Guide,0,0,,,0781629525,nathan.byiringiro@gmail.com
INZU Lodge,Accommodation entity,Vacation hotel or resort,Western Province,Rubavu,https://tourismregulation.rw/en/entity/profile/759/,Licensed,"The INZU Lodge is an tented camp located close to Rubavu Town in front of Kivu lake. Situated 7 kilometers away from Rubavu Town, the INZU Lodge is perched on one of the hilltops surrounding beautiful Lake Kivu. Complemented by several islands, Lake Kivu is along the borders of Rwanda and the DRC. The view that you have from the INZU Lodge, is absolutely breathtakin. Opened in march 2012, INZU Lodge is a eco-lodge type. It offers lodging in 8 safari tents that can hold up to 2 or 3 people each. The tents are handsomely decorated and furnished with one double size bed or 3 single beds. The reception area and the INZU Lodge restaurant were built according to traditional rwandan architecture. The roofs for the reception and the restaurant are made of straw. The restaurant’s menu contains an interesting mix of traditional dishes as well as international dishes. The reception area contains a gift shop where delightful surprises await you. The majority of the art here is made by local non profit organizations or local cooperatives. The perfect place to  find all sorts of souvenirs made in Rwanda.",8,16,International,inzulodge.com,+250784179203,info@inzulodge.com
MUNYAWERA Swaib,Tour operator/Travel agent/Tour guide,Tour guide,City Of Kigali,Kicukiro,https://tourismregulation.rw/en/entity/profile/670/,Licensed,Personal Objective To provide the most worthwhile and enriching tour experience for local and foreign tourists alike and to make a significant contribution to Rwanda’s tourism industry.,0,0,,,0788860036,smunyawera@yahoo.com
BAMBOO RESTAURANT AND HOTEL (2000 Hotel),Accommodation entity,Town hotel,City Of Kigali,Nyarugenge,https://tourismregulation.rw/en/entity/profile/677/,Licensed,"2000 Hotel Downtown Kigali welcomes you to Rwanda's capital city  with  impeccable service .Ideally situated along KN82 Avenue in city center ,near the financial district and Kigali City Tower ,our hotel has 105 rooms and we provide a luxurious home away from home for business and leisure travelers . Settle in to your beautifully appointed room or suite, which features pillow to bedding , marble bathrooms  and flat -screen TVs. Take advantage of free internet access in your  accommodation and throughout the hotel ,or take a break with a pampering treatment in our spa. Additional amenities here at 2000 Hotel Downtown Kigali include a fully -equipped gym . Dine at one of our outstanding restaurant ( Bamboo Rooftop Restaurant ),or enjoy a drink at the lobby bar.Those planning events here in Rwanda will be thrilled with our versatile venues, including the lovely garden terrace and  romantic views of the Kigali .Whatever your reason for joining us we know you'll love your stay at 2000 Hotel Downtown Kigali.",105,134,Chinese,www.2000hotel.com,+250784793332/+250252577077,reservation@2000hotel.com
CENTRE D'ACCUEIL SAINTE MARIE,Accommodation entity,Villa,Western Province,Karongi,https://tourismregulation.rw/en/entity/profile/671/,Licensed,"Centre d'Accueil Sainte Marie is located in Karongi District Bwishyura Sector with a good view of the lake and other islands. It is a simple guest house with 25 rooms comfortable, simple rooms and self-contained rooms, there is an available buffet served in the restaurant only by order. there is also internet and free WI-FI for customers",25,25,Rwandan,,+250788742303,saintemarie.acceuil@gmail.com
LA CHARITE GUEST HOUSE,Accommodation entity,Villa,Western Province,Rubavu,https://tourismregulation.rw/en/entity/profile/672/,Licensed,"La charite guest house is an 17 rooms, comfortable situated in the heart of Gisenyi town. The Guest is arranged on two floors without a lift and an other simple house in that we have the reception there is a comfortable lounge where you can sit and drink tea. the Guest provides an internet point, and a free Wi-Fi service.",18,17,,,0788812349,salulu85900@gmail.com
PALM BREEZE TOURS AND TRAVEL LTD,Tour operator/Travel agent/Tour guide,Tour operator,City Of Kigali,Gasabo,https://tourismregulation.rw/en/entity/profile/699/,Licensed,"Palm Breeze Tours is a Tour Company Registered in Rwanda. Our office is in KG 11 Yyussa Plaza RII-04, Remera Sector, Gasabo District. We specialize in Tours, Safari's and Travel agency services. Our rates are competitive, and our clients have always walked away smiling after enjoying our services. We are a true travel partner.",0,0,,www.palmbreezetours.com,+250 785 921 676,info@palmbreezetours.com
LIGHT HOUSE HOTEL,Accommodation entity,Town hotel,Southern Province,Huye,https://tourismregulation.rw/en/entity/profile/674/,Licensed,"Situated in Huye, Light House Hotel has a fitness centre. Boasting a 24-hour front desk, this property also provides guests with a terrace. Each room includes a terrace with views of the mountain. At the hotel, every room comes with a desk. Every room has a private bathroom with free toiletries. Light House Hotel offers a continental or à la carte breakfast. Church is 3.2 km from the accommodation. We speak your language!",23,24,International,,0788538805,casrligaht@gmail.com
EMERAUDE KIVU RESORT,Accommodation entity,Vacation hotel or resort,Western Province,Rusizi,https://tourismregulation.rw/en/entity/profile/556/,Licensed,"Emeraude Kivu Resort is a high standard hotel designed to provide guests with luxurious and comfortable surroundings at reasonable rates while vacationing or doing business in the region of Cyangugu (Rusizi-Nyamasheke districts) in Rwanda. All our rooms have balconies facing Lake Kivu. With our 24 executive rooms, a family and a single suite, a VIP suite and a meeting room with the capacity to host 30-50 people, Emeraude Kivu Resort is fully fledged to host big groups of guests, groups of families, meeting and team building sessions in a very relaxing set up. Our restaurant serves African and western cuisine, but our chief is talented to prepare any particular meal for guests with special diets. We are the only hotel in town where guests have good coffee made out of a commercial Espresso machine and offering all sorts of Pizza and homemade Ice creams. For guests who want to visit Nyungwe National Park, Cyamudongo Chimpazee Sanctuary or have a boat ride on Lake Kivu and lake islands, we will make arrangement to meet any of these needs.",26,30,"International,African,American,BBQ,French,Pizzeria,Rwandan,Rwandan & International,Sandwiches,Soups & Salads,Vegan/Vegetarian",https://www.emeraudekivuresort.rw/,+250787010900,emeraudekivu@gmail.com
CENTRE D'ACCEUIL MERE DU VERBE Ltd,Accommodation entity,Motel,Southern Province,Huye,https://tourismregulation.rw/en/entity/profile/675/,Licensed,"CENTRE D'ACCUEIL MERE DU VERBE IS UNDER ROMAN CATHOLIC CHURCH CONTROLLED SPECIFICALLY BY SISTERS C.D.M.V IS LOCATED IN HUYE TOWN,IT HAVE THE HOUSEKEEPING TO SUPPORT THE GUEST AND RESTAURENT,BAR AND 3 MEETING HALL.",73,73,International,,0788891807,centremereduverbe@yahoo.fr
GREAT LAKES SAFARIS RWANDA Ltd,Tour operator/Travel agent/Tour guide,Tour operator,City Of Kigali,Gasabo,https://tourismregulation.rw/en/entity/profile/678/,Licensed,"Great Lakes Safaris Rwanda Ltd is an indigenous East African tour company with more than 15 years experience in tour operations. Great Lakes Safaris has expanded its operation in Rwanda since 2015. Great Lakes safaris Rwanda Ltd seeks to provide high quality personalised  international standards services from conception right through after sales service with integrity, quality customer service, flexibility and Eco-tourism as core values.",0,0,,www.greatlakessafaris.com,+250280550055,info@greatlakessafaris.com
Plata Guest House Ltd,Accommodation entity,Guest House,City Of Kigali,Gasabo,https://tourismregulation.rw/en/entity/profile/1257/,Licensed,TO  be provided later  dear inspector please remember to remind this,11,11,BBQ,,0788559658,egatarick@yahoo.co.uk
Gloria Motel ltd,Accommodation entity,Motel,Western Province,Rusizi,https://tourismregulation.rw/en/entity/profile/710/,Licensed,"Motel Gloria has 24 rooms; It's really a comfortable motel situated at the entry of Kamembe town at 300 meters from the bus station and at 2 kilometers from Airport Kamembe. The area occupied by the motel is very huge, The nice rooms, cleaned and well arranged, Safe restaurant and Bar, very rapid internet are the main characteristics of Motel Gloria. The motel has a very big garden where people can seat and relax, reading or enjoying the fresh air from the garden. apart the good Bar, there is also the best bungalo where clients can seat and enjoy everything, drink or delicious food or both. Welcome to Motel Gloria",24,24,International,,0786103538,gloriamotel@gmail.com
Martin Aviator,Accommodation entity,Motel,City Of Kigali,Kicukiro,https://tourismregulation.rw/en/entity/profile/685/,Licensed,"The Martin Aviator Motel is a 14 rooms, comfortable  Motel , situated in Kigali city around Kigali International Airport .The Motel is arranged on the  ground  ,apart from the reception, there is a comfortable  seats where you can sit and drink tea, or just read. There is also a splendid terrace, where, you can relax and immerse yourself from morning onwards in the atmosphere of Kigali daily life. The rooms are arranged on entire large space .There is also a delightful terrace available for the use of guests, from where you can enjoy the wonderful view. The buffet and breakfast is served in the restaurant . The Motel provides an internet point, and a free Wi-Fi service.",14,17,Rwandan & International,,+2507831126772,martinavimotel@yahoo.com
Christian HIRWA,Tour operator/Travel agent/Tour guide,Tour guide,City Of Kigali,Kicukiro,https://tourismregulation.rw/en/entity/profile/1016/,Licensed,SAFARI TOUR GUIDE,0,0,,,+250788884400,hirwachriss@gmail.com
the courtboutique hotel,Accommodation entity,Town hotel,City Of Kigali,Gasabo,https://tourismregulation.rw/en/entity/profile/681/,Licensed,"The Court Boutique Hotel is situated incite of Kigali, 100 metres from Parliament of Rwanda and half a mile from Kigali convention center . Guests can enjoy the on-site restaurant. Every room at this hotel is air conditioned and is equipped with a flat-screen TV. All rooms include a seating area to relax in after a busy day. A terrace or balcony are featured in certain rooms. Every room is fitted with a private bathroom fitted with a shower. For your comfort, you will find slippers, free toiletries and a hairdryer. There is a 24-hour front desk at the property. Nyarutarama Tennis Club is 1.1 km from The Court Boutique Hotel, while Golf club is 1.5 km from the property. Kigali International Airport is 4 km away.",8,8,Italian,,0788605665,reservations@thecourtboutiquehotel.com
MUMMY'S CUISINE AND COCKTAIL CORNER LTD,Restaurant/Bar/Nightclub,Restaurant,City Of Kigali,Nyarugenge,https://tourismregulation.rw/en/entity/profile/689/,Licensed,"Restaurant of MUMMY'S CUISINE is located above  CHIC building on terrace where, you can relax and enjoy the wonderful view. The buffet is self service and the breakfast is served in the restaurant. The restaurant provides free wi- fi Internet. Mummy's cuisine restaurant serves  African food, and it preparing  out  catering services and wedding ceremonies. The restaurant serve 24/7 there is a snack bar serves 24/7.",0,0,African,www.mummycusine,0788787771,mummycuisine01@gmail.com
RUZINDANA idesbard Michel,Tour operator/Travel agent/Tour guide,Tour guide,City Of Kigali,Gasabo,https://tourismregulation.rw/en/entity/profile/684/,Licensed,Tour Guide,0,0,,,0788517889,idesbard@gmail.com
Trans-Gl Grand Lacs,Accommodation entity,Vacation hotel or resort,Western Province,Rusizi,https://tourismregulation.rw/en/entity/profile/687/,Licensed,"TRANS-GL is located in western province, RUSIZI City,Bugarama Sector,nearby Kamanyora and Ruhwa border  within 9km from Cimerwa Ciment and Bugarama Mashyuza main border with better view of rice plantation and Rusizi River. Trans-GL  is  Motel located neary around about  in Bugarama City. We have a better view of Ngomo mountain . From Ruhwa border to our motel is about 10 minutes . Our customers enjoy the supper comfort and warm hospitality at TRANS-GL.",17,17,International,www.transglgrandlacs.com,0784103583,transglbugarama@gmail.com
KIBERINKA CULTURAL CENTRE HOTEL,Accommodation entity,Town hotel,City Of Kigali,Gasabo,https://tourismregulation.rw/en/entity/profile/693/,Licensed,"Kiberinka Cultural Centre Hotel is comfortable hotel with 18 rooms and 22 beds, situated in Kibagabaga cell, Kimironko Sector in Kigali City.  There is a splendid restaurant and bar where you can relax and enjoy the wonderful view view and  the atmosphere of Kigali in its daily life. The hotel provides an internet point, and a free Wi-Fi service. Apart from the conference hall, The hotel has also a splendid garden that can be used for different parties, introduction and wedding ceremonies with a spacious parking for clients and visitors. In Kiberinka Cultural Centre Hotel services are professionally provided.",22,18,"International,African,BBQ,French,Italian,Pizzeria,Rwandan,Rwandan & International,Sandwiches,Soups & Salads,Snacks,Vegan/Vegetarian",www.kiberinkaculturalcentre.com,0788570121,kiberinkacultural@yahoo.fr
Freelance Guide,Tour operator/Travel agent/Tour guide,Tour guide,City Of Kigali,Gasabo,https://tourismregulation.rw/en/entity/profile/694/,Licensed,Freelance Guide,0,0,,,0787444373,evadytheogen@yahoo.com
REGINA PACIS CENTER Ltd,Accommodation entity,Town hotel,Southern Province,Nyaruguru,https://tourismregulation.rw/en/entity/profile/712/,Licensed,"REGINA PACIS CENTER has 35 rooms comfortable is situated in NYURUGURU DISTRICT KIBEHO PARISH GIKONGORO DIOCESE near to the Shrine of KIBEHO. We have a lounge where you can sit and read . There is some balcony , where you can relax and enjoy the fresh air  from beautiful hills of Nyaruguru. Every rooms have a balcony where you can enjoy the wonderful view, those balcony are available for the use of guests.The buffet breakfast is served in the restaurant on the ground floor. The hotel provides an internet WIFI and parking secured. There is conference hall  for seminars ,meeting and conferences.",35,43,International,benebikirapacis@gmail.com,+250 78630706 / +250 784500259,benebikirapacis@gmail.com
AGENCE PUB ltd,Restaurant/Bar/Nightclub,Bar,City Of Kigali,Kicukiro,https://tourismregulation.rw/en/entity/profile/705/,Licensed,"Agence Pub is a lounge comfortable bar,situated in Kigaki City,Kicukiro District,Remera-Nyakabanda  near Grand Legacy KK123ST. The Pub is on the street of Boulevard de l'OUA. It' arranged on two floors up and down,without lift. on the ground floor you find a huge parking space,Apart from entrance in the Pub there's a comfortable lounge where you can seat snacks ,drink beers and enjoying watching giants screen, movies,games....... when you continue inside you find a great place where people enjoy music while dancing drinking different kind of drinks from all over the world. The second floor there's a VIP place  down stairs   where you can go down for very important persons. You go down and enjoy that greatest place where you find best Djs play music from different parts of the world. For more information you should visit our website: www.agencepub.co.rw",0,0,Snacks,www.agencepub.co.rw,"+250788306371,+250788868844",agencepubinfo@gmail.com
MUNINI HILL MOTEL,Accommodation entity,Motel,Western Province,Rusizi,https://tourismregulation.rw/en/entity/profile/1100/,Licensed,"The MUNINI HILL MOTEL  is an 15 rooms, comfortable MOTEL, situated in RUSIZI Town. and drink tea, or just read. , where, you can relax and immerge yourself from morning onwards in the atmosphere of RUSIZI daily life. there is also a delightful terrace available for the use of guests, from where you can enjoy the wonderful view. The buffet breakfast is served in the restaurant on the ground floor. The hotel provides an internet point, and a free Wi-Fi service.",0,0,International,,0788309235,vicenttwizeyimana@gmail.com
BARTHOS HOTEL LTD.,Accommodation entity,Town hotel,Southern Province,Huye,https://tourismregulation.rw/en/entity/profile/761/,Licensed,"BARTHOS Hotel is an 25 rooms, comfortable hotel, situated in the heart of Huye Town. The hotel is arranged on three floors, without a lift. On the ground floor, apart from the reception, there is a comfortable lounge where you can sit and drink tea, or just read. There is also a splendid terrace, where, you can relax and immerge yourself from morning onwards in the atmosphere of Huye daily life through Arboretum Forest. The rooms are arranged on the first, second and third floors. On the second floor, there is also a delightful terrace available for the use of guests, from where you can enjoy the wonderful view. The buffet breakfast is served in the restaurant on the ground floor. The hotel provides an internet point, and a free Wi-Fi service. You can also find at the premise, the art objects made by the owner of this Hotel",25,55,"International,African,Rwandan",,"0786022299, 0783079269",hotelbarthos2000@yahoo.fr
Motel/smart NYAMATA,Accommodation entity,Motel,Eastern Province,Bugesera,https://tourismregulation.rw/en/entity/profile/707/,Licensed,"Nyamata smart motel is located in eastern province specifically Bugesera district (Nyamata center ) it is a good motel with 12 comfortable self-contained rooms   , The hotel is arranged on one floor, without a lift. On the ground floor there are six self-contained rooms and the rest one on the other floor. it has also a good conference room that can accommodate 60 people.and good restaurant and bar .",12,12,African,,0788847949,ngabokariso@yahoo.fr
Centre D'accueil Notre Dame de Kibeho,Accommodation entity,Motel,Southern Province,Nyaruguru,https://tourismregulation.rw/en/entity/profile/709/,Licensed,"A small association, the OUR lady of Kibeho Foundation has already shown a goodwill by erecting the ""Our Lady of Kibeho Welcome Center"" which has 25 rooms, Comfortable motel  with 50 comfortable beds, situated near Kibeho shrine where mother mary appeared from1981 to 1989. The motel is arranged on three floors without a lift. apart from reception, the rooms are arranged on the first , second and third floors. on each floor, there is a delightful terrace available for the use of guests, from where you can sit and enjoy the wonderful view of Kibeho. The breakfast is served in the retaurant on the ground floor and our guests can order what they want to eat. we provide an internet point and a free Wi-Fi service to our guests.",25,50,International,,+250783404609 or +250788521457,centredaccueil.ndk@gmail.com
PCG Apartments-Gisimenti,Accommodation entity,Serviced apartment,City Of Kigali,Gasabo,https://tourismregulation.rw/en/entity/profile/1024/,Licensed,"PCG Gisimenti apartments are about 2 kms from Kigali International airport behind Gisimenti trading centre on street KG 177 next to the adventist church. They are located in an area with a variety of Banks, Clinics, Restaurants and supermarkets all in a five to ten minutes walk. They have both one bedroom and two bedrooms apartments fully furnished and equipped. They are new having opened our doors towards the end of February 2018. We provide free WI-FI, Laundry and cleaning services. You can check them out on our website ""www.pcgapartments.rw"". You can also contact their managing director on siyadema@yahoo.com or on +250 788303336.",18,18,International,www.pcgapartments.rw,+250788303336,siyadema@yahoo.com
Theogen Evady GASHAGAZA,Tour operator/Travel agent/Tour guide,Tour guide,City Of Kigali,Gasabo,https://tourismregulation.rw/en/entity/profile/711/,Licensed,Theogen Evady GASHAGAZA is a seasoned travel and tourism professional guide with more than 5 years experience in tourism industry. He is a knowledgeable and motivated tour guide with years of experience in leading group tours to different areas. Theogen has the ability to motivate different sets of audience and he has also the ability to communicate effectively.,0,0,,,+250787444373,evadytheogen@yahoo.com
EASTERN COUNTRY HOTEL,Accommodation entity,Town hotel,Eastern Province,Kayonza,https://tourismregulation.rw/en/entity/profile/731/,Licensed,"The EASTERN COUNTRY HOTEL is an 24 rooms, comfortable hotel, situated in the heart of KAYONZA Town. The hotel is arranged on two floors, without a lift. On the ground floor, apart from the reception, there is a comfortable lounge where you can sit and drink tea, or just read. There is also a splendid terrace, where, you can relax and immerge yourself from morning on wards in the atmosphere of Kayonza daily life. The rooms are arranged on the first, second floors. On the second floor, there is also a delightful terrace available for the use of guests, from where you can enjoy the wonderful view. The buffet breakfast is served in the restaurant on the ground floor. The hotel provides an internet point, and a free Wi-Fi service.",24,48,International,,+250788301158,easterncountryhotel.kayonza@gmail.com
CHINA GREAT WALL RESTAURANT,Restaurant/Bar/Nightclub,Restaurant,City Of Kigali,Gasabo,https://tourismregulation.rw/en/entity/profile/714/,Licensed,"CHINA Great Wall Restaurant located in Gasabo District, Kimihurura Sector Rugando Cell near Lemigo Hotel and Simba Super market , operating in Rwanda for more than 10 Years .having a very good view outside at the balcony well air conditioned which makes the restaurant to hold civil weddings every thursdays of the week VIP Rooms for small wedding meetings, bithdays parties  . Is very known for different chinese dishes like most popular called sizzling, dumpling,hot pots, sea food etc... Unlimited 4 G LTE services . opening hours : 10h00-00h00",0,0,Chinese,,0785770588 /0788306487,55786949@qq.com
NICE GARDEN TRAINING CENTER LTD,Accommodation entity,Town hotel,Northern Province,Gicumbi,https://tourismregulation.rw/en/entity/profile/564/,Licensed,"The Nice garden Training center ltd is a 10 rooms hotel,  situated in the heart of GICUMBI Town. It's builiding is one floor. There is sufficient   free garden   used to relax. The rooms are arranged on the ground and first floors. On the first floor a there is also a delightful terrace available for the use of guests, from where you can enjoy the wonderful view. The buffet breakfast is served in the restaurant on the ground floor. The hotel provides an free parking, and a free Wi-Fi service.",10,15,"International,African,French,Pizzeria,Rwandan,Rwandan & International,Soups & Salads,Snacks,Vegan/Vegetarian",www.nicegarden.rw,0788653715,nicegardencompany@yahoo.com
DOVE VOYAGEUR AGENCY LTD,Tour operator/Travel agent/Tour guide,Tour guide,Western Province,Rubavu,https://tourismregulation.rw/en/entity/profile/715/,Licensed,DOVE Voyageur Agency ltd i a company registered in 2016 in aims of guiding and making air ticket,0,0,,,0788595536,dovevoyageuragency@gmail.com
SKY TRAVEL LTD,Tour operator/Travel agent/Tour guide,Travel agent,City Of Kigali,Nyarugenge,https://tourismregulation.rw/en/entity/profile/716/,Licensed,"SKY TRAVEL LTD is a travel agency situated in Kigali City, Nyarugenge District, having its office in Centenery House, Ground Floor2 before RIM, 8 KN 4 Ave. We provide better travel services just to maintain and meet our customer's satisfactions and needs.",0,0,,,0788606231,skytravelrwanda@gmail.com
EXECUTIVE SUITES KIGALI,Accommodation entity,Serviced apartment,City Of Kigali,Nyarugenge,https://tourismregulation.rw/en/entity/profile/751/,Licensed,"Executive suites is located within the city center near major national and international activities eg. Kigali City Council, Serena Hotel, Mariot Hotel and Mile Colline Hotel. Executive Suites offers ultra-modern accomodation facilities that will satisfy even the most discerning tenant.",54,106,,www.executivesuiteskigali.com,0784793121,hillview.kigali@gmail.com
Rwandan-Adventures,Tour operator/Travel agent/Tour guide,Tour operator,Western Province,Rubavu,https://tourismregulation.rw/en/entity/profile/793/,Licensed,"Rwandan Adventures is a full service tour company, offering a large range of activities and products within Rwanda. We focus on rural bike tours and hiking alongside gorilla treks, National Park visits and water sports. Our tours are always delivered with excellent, reassuring customer service pre-departure and in-country.",0,0,,www.rwandan-adventures.com,+250786571414,info@rwandan-adventures.com
BEACH GARDEN BNB LTD,Accommodation entity,Motel,Western Province,Rubavu,https://tourismregulation.rw/en/entity/profile/718/,Licensed,"Set in Gisenyi, a 1-minute walk from Western Union, Beach Garden BnB features a restaurant. Complimentary WiFi is provided. There is a fully equipped private bathroom with bidet and free toiletries. A continental breakfast is served every morning at the property. The lodge offers a children's playground. Guests can also relax in the garden or on the sun terrace. Clinique medical de 'l Arche is a 2-minute walk from Beach Garden BnB. This property also has one of the best-rated locations in Gisenyi! Guests are happier about it compared to other properties in the area. This property is also rated for the best value in Gisenyi! Guests are getting more for their money when compared to other properties in this city. We speak your language!",13,13,International,,0785612169,kivubeachgarden@gmail.com
Gerry tours and Safaris,Tour operator/Travel agent/Tour guide,Tour operator,City Of Kigali,Nyarugenge,https://tourismregulation.rw/en/entity/profile/1170/,Licensed,Gerry Tours and Safari is a Rwandan tour company with over 10 of experience in tourism industry.,0,0,,,0788502808,gerrytours@gmail.com
EMMAUS HOSTEL LTD,Accommodation entity,Motel,Southern Province,Huye,https://tourismregulation.rw/en/entity/profile/724/,Licensed,"Set in Huye, a 9-minute walk from Ethnographic Museum, Emmaus Hostel features a garden, a terrace and a bar, as well as free WiFi. Popular points of interest nearby include Two Schools, G.S. Gatagara and G.S. Butare, Cathedral St. Astrida and Butare Catholic Cathedral. The property is 38 km from Lac Rwihinda Nature Reserve and 1.4 km from Church. At the hostel, the rooms are fitted with a desk. Rooms include a private bathroom, while selected rooms will provide you with a balcony and others also boast a garden view. All rooms have a wardrobe. A continental breakfast is served daily at the property.",20,20,International,,0788865736,emmauscenter@yahoo.com
LIGHT GUEST HOUSE&APARTMENT Ltd,Accommodation entity,Motel,Western Province,Rubavu,https://tourismregulation.rw/en/entity/profile/726/,Licensed,"Guest House Light features free WiFi and views of garden in rubavu. Attractively situated in the rubavu City Centre district, this guest house provides a garden, as well as ski storage space.Free private parking is available on site.each room here will provide you with a balcony, TV and private bathroom.",18,18,International,,0783042408,niyomugabonoel0@gmail.com
SATGURU TRAVELS & TOURS SERVICES,Tour operator/Travel agent/Tour guide,Travel agent,City Of Kigali,Nyarugenge,https://tourismregulation.rw/en/entity/profile/721/,Licensed,We offering Air ticket,0,0,,satgurutravel.com,0788300918,mukesh.sahu@satgurutravel.com
DAC TOURS & TRAVEL LTD,Tour operator/Travel agent/Tour guide,Tour operator,City Of Kigali,Gasabo,https://tourismregulation.rw/en/entity/profile/725/,Licensed,DAC TOURS is part of DAC family which consist of DIAL A CAR Rwanda and Kenya and DAC Tours Rwanda and Kenya. DAC Tours was registered in 2015 but started operation in late 2017  butt was operating before as DIAL A CAR RWANDA LTD. Due to the need to differentiate our services the two companies split roles with DAC Tours dealing in tours while DIAL A CAR dealing in Car hire. DAC Tours was formed with need to promote travel within East African resident and with emphasis of selling Rwanda to Kenyans. It all started in Rwanda being the main office before branching to Kenya. The company  offices are at Remera God is able house Apt 9 Opp hill top Hotel.,0,0,,http://www.dactours.com,0785366131,Jkirubi@dactours.com
IMANIRAKIZA Eric,Tour operator/Travel agent/Tour guide,Tour guide,City Of Kigali,Nyarugenge,https://tourismregulation.rw/en/entity/profile/723/,Licensed,Tour Guide,0,0,,,0788304062,ericmanirakiza57@gmail.com
SHOW ME AROUND RWANDA SAFARI LTD,Tour operator/Travel agent/Tour guide,Tour operator,City Of Kigali,Gasabo,https://tourismregulation.rw/en/entity/profile/1084/,Licensed,"Show me Around Rwanda Safari Ltd is Rwandan company offers transport, accommodation and tourism services. We have a greatly experienced team of tour guides and hospitality personnel that accord international standards services to all our clients. Our offices are based in Kigali, in Kacyiru Sector, Gasabo District. We have team of 6 staff that include a tour guide, hotel reservations,accountant, IT personnel and manager.",0,0,,www.showmearoundrwanda.com,0788579351,showmearoundrwanda@gmail.com
Kinunu wonders ltd,Tour operator/Travel agent/Tour guide,Tour operator,City Of Kigali,Nyarugenge,https://tourismregulation.rw/en/entity/profile/729/,Licensed,"kinunu wonders  LTD is a Rwandan family owned company involved in coffee trading, tourism and hospitality which was established in 2012.",0,0,,www.kinunuwonders.rw,+250784763805,info@kinunuwonders.rw
Busingye Jackline,Tour operator/Travel agent/Tour guide,Tour guide,City Of Kigali,Kicukiro,https://tourismregulation.rw/en/entity/profile/1233/,Licensed,"Jackline Busingye is tour guide who has been in the industry for over 10 years, and has worked with repitable companies in Rwanda and in region .Having borne outside the country she had the zeal to discover her motherland the country that her parents and her grand parents described as the land that flows with milk and honey.As  a little girl she believed so, coming home to Rwanda after the 1994 genocide against the Tutsi ,she turned to her parents and she asked; where is the milk and honey they had told her about?It was now going to be her role to discover it herself in other perspective.",0,0,,,0788436867,jbusingye08@gmail.com
MOTEL MONT HUYE Ltd,Accommodation entity,Motel,Southern Province,Huye,https://tourismregulation.rw/en/entity/profile/738/,Licensed,"Hotel du Mont Huye is the place to stay in Huye, Southern Province, one minute up the red-dirt road to the main street, and 5 minutes or less to the supermarket, taxi stands, or restaurants on main street. There is a very relaxed atmosphere with extremely friendly staff and clean rooms, beautiful gardens, good food and cheap beer. Everything is simple but clean and tidy.",34,34,International,,0788302359,motelmonthuye@gmail.com
GROUP NSENGA COMPANY LTD,Tour operator/Travel agent/Tour guide,Travel agent,City Of Kigali,Nyarugenge,https://tourismregulation.rw/en/entity/profile/727/,Licensed,"GNC is a travel agency situated in kigali City, Nyarugenge District, M-PEACE PLAZA, Ground Floor",0,0,,,0788305381,jpgnc2018@gmail.com
UMUCYO CHRISTIAN GUEST HOUSE,Accommodation entity,Serviced apartment,Western Province,Rubavu,https://tourismregulation.rw/en/entity/profile/734/,Licensed,"The UMUCYO CHRISTIAN  is an 20 rooms, comfortable GUEST HOUSE, situated in the heart of RUBAVU Town. The GUEST HOUSEl is arranged on FOUR BUILDINGS , without a lift. Apart from the reception, there is a comfortable lounge where you can sit and drink tea, or just read. There is also a Bingarot, where, you can relax and immerge yourself from morning onwards in the atmosphere of RUBAVU daily life. The rooms are arranged on the four buildings. there is also a delightful gardens  available for the use of guests, from where you can enjoy the wonderful view. The buffet breakfast is served in the restaurant . The Guest House provides an internet point, and a free Wi-Fi service.",20,20,Rwandan,,0788536957,umucyochristiancenter@gmail.com
NUKO ltd,Accommodation entity,Cottage,Northern Province,Musanze,https://tourismregulation.rw/en/entity/profile/1187/,Licensed,"Our Bed and Breakfast is located in the most quite and green area of Musanze, 15 min walking to the center of the Town, and 25 min to the RDB office in Kinigi. The two charming brick cottage are composed of six rooms self contain, with private entrance and terrace. Our lush garden is the perfect place to relax after a tracking in the National Park. The Lounge with fire place give the access to the main garden where we serve our breakfast in the morning. Our bed and Breakfast provide free parking and Wi-Fi in all the room and living area.",6,6,Italian,www.lalocandarwanda.com,+250 782 637 996,lalocandarwanda@gmail.com
Paul RUGANINTWARI,Tour operator/Travel agent/Tour guide,Tour guide,City Of Kigali,Gasabo,https://tourismregulation.rw/en/entity/profile/735/,Licensed,A tour guide,0,0,,,0788356266,Paulntwali@icloud.com
SHADOWS OF AFRICA,Tour operator/Travel agent/Tour guide,Tour operator,City Of Kigali,Kicukiro,https://tourismregulation.rw/en/entity/profile/736/,Licensed,"We are a World Travel Award winning Travel Agency and have been showing our beloved Africa to our guests for a better part of the last decade. Each time we not only surprise our guests, but also ourselves, for there is no limit to the number of times you can behold the last true wilderness on Earth. Join us on your next African adventure and we promise to make it a trip to last a lifetime. We specialize in tailor making your tour to ensure you get the perfect safari itinerary for you tastes and budget. Safari tour specialists Years of experience Private vehicles Safe traveling Financial insurance",0,0,,,0788356266,paul@shadowsofafrica.com
KABERUKA Kaitan,Tour operator/Travel agent/Tour guide,Tour guide,Northern Province,Musanze,https://tourismregulation.rw/en/entity/profile/739/,Licensed,"i am kaberuka kaitan, tour guide and driver",0,0,,,0786296619,kaitan2kaberuka@gmail.com
BIJOUX AGENCY LTD,Tour operator/Travel agent/Tour guide,Travel agent,City Of Kigali,Nyarugenge,https://tourismregulation.rw/en/entity/profile/758/,Licensed,"BIJOUX TRAVEL AGENCY is a travel agency situated in Kigali City, Nyarugenge District, CHICH BUILDING, 1st Floor, upstairs to Radiant Insurance.",0,0,,,0788305228,bijoux.agency2018@gmail.com
GALAXY GATEWAY LTD,Tour operator/Travel agent/Tour guide,Travel agent,City Of Kigali,Gasabo,https://tourismregulation.rw/en/entity/profile/740/,Licensed,"GALAXY GATEWAY is a travel agency situated in Kigali City, Gasabo District, Remera Sector, Rukiri Cell, Rwakagabo Plaza",0,0,,,0788304430,galaxygateway2020@gmail.com
Honorine Uwayo,Tour operator/Travel agent/Tour guide,Tour guide,City Of Kigali,Gasabo,https://tourismregulation.rw/en/entity/profile/741/,Licensed,"Honorine Uwayo known as Fiscal is a safari tourist guide and A member of Rwanda Safari Guide Association. A 3 stars Bronze level guide in Rwanda by June 2018. Has A2 in tourism and worked in different tour companies where she was assigned marketing and guiding duties. she developed her big interest in birds and trees because of her love of nature and conservation. Travelling, Swimming, Hiking and Reading are her hobbies. Attended tourism related trainings in Uganda and Rwanda. Traveled in different countries including Germany, Kenya and Uganda. As a woman in the tourism industry it can be a great challenge to break into the business sometimes because of culture, etc and sustain a career. I aim to change this with every relationship I forge, that will not only advance the industry by widening the perspectives that influence the kinds of tourism projects offered but will also allow me to mentor and empower more women and girls to participate in tourism and travel work.",0,0,,,+250 781191651,honorinehall@gmail.com
Pamela Giramata Gasana,Tour operator/Travel agent/Tour guide,Tour guide,City Of Kigali,Gasabo,https://tourismregulation.rw/en/entity/profile/743/,Licensed,Bronze Level guide,0,0,,,+250781606770,gasanapamela6@gmail.com
epicurien LTD,Restaurant/Bar/Nightclub,Restaurant,City Of Kigali,Gasabo,https://tourismregulation.rw/en/entity/profile/749/,Licensed,restaurant cuisine Francaise,0,0,French,www.epicurien-kigali.com,+250782392868,epicurienrestaurant@yahoo.fr
HOPE TRAVEL AGENCY LTD,Tour operator/Travel agent/Tour guide,Travel agent,City Of Kigali,Nyarugenge,https://tourismregulation.rw/en/entity/profile/746/,Licensed,"HOPE TRAVEL AGENCY is a travel agency situated in Kigali City, Nyarugenge District, KN 76 ST Car Free Zone.",0,0,,,0784667256,hopetravel017@gmail.com
Travel Abroad Solution and Service Ltd,Tour operator/Travel agent/Tour guide,Travel agent,City Of Kigali,Gasabo,https://tourismregulation.rw/en/entity/profile/748/,Licensed,"Travel Abroad Solution and Services Ltd is a company established in June, 17th 2015 with registered office in Kigali Rwanda, licensed by Rwanda Development Board under certificate number 103669841 with trading license number 103669841 to do Tour & Travel activities; we offer reliable, speedy and economical solutions related to health, education and tour operations in East Africa. Travel Abroad Solution and Services also offers East African tour services, including airline bookings, tour arrangements, hotel reservations, and transport within East Africa. OUR TEAM: Our team presents affordable and the best trip proposals to our clients for their quality healthy treatment and study from overseas institutions and East African tour arrangements. OUR VISION: Our Vision is to become the principal in tourism by reaching undiscovered areas, connecting unconnected and making travelers life Seamless and Positive OUR MISSION: Travel Abroad Solution and Services aims to provide quick and affordable access to clinics, hospitals, universities, and tour and travel services to our clients. OUR VALUES: Customer Service: we focus on taking good care of our clients, listening to their needs and providing solutions to fit their budget in a timely manner. Integrity: we value our customers and partners and our first priority is to operate with honest integrity. Team Work: We believe in working together with our employees and partners to provide the best solutions for our clients. OUR SERVICES: Study Abroad: •	Connect students in Africa with colleges and universities abroad •	Guidance through the application and admission process •	Connect students with other East Africans studying in the same area •	Guidance in the visa application process Medical Tourism: •	Connect patients to overseas Hospitals •	Apply for patient invitations at hospitals abroad •	Access cost from a variety of clinics and hospitals •	Arrange transportation and hotel-stay Tourism in East Africa: •	Book flights •	Arrange hotel reservations and transport •	Organize cultural and wildlife tours We ensure quick, affordable, secure and unequaled services beyond satisfaction!",0,0,,,0788380606,info@tass5.co.rw
Travelcare agency ltd,Tour operator/Travel agent/Tour guide,Travel agent,City Of Kigali,Nyarugenge,https://tourismregulation.rw/en/entity/profile/742/,Licensed,Travel Agency dealing only in air-ticketing having partnership  with major airlines Globally.,0,0,,,0784657767,travelcareagencyrw@gmail.com
Doxa Restaurant and Services Ltd,Accommodation entity,Motel,Northern Province,Gakenke,https://tourismregulation.rw/en/entity/profile/1154/,Licensed,Doxa Restaurant & Services Ltd is a motel located in the district of Gakenke on the main road from Kigali to Musanze. The facility has 10 beautiful guestrooms and one luxury villa type-room that can accommodate a family. There is an elegant bar/resto that serves both a la carte and snacks (barbecue). The facility also has a conference hall that can accommodate up to 300 delegates for conferences and weddings and another small meeting that can cater up to 50 people well seated. There is a spacious garden that uses mobile tents and can host up to 3000 people for weddings or big gatherings.,11,13,"African,BBQ",,0788457273,mukamutaramartha@gmail.com
The Nest Kigali,Accommodation entity,Town hotel,City Of Kigali,Gasabo,https://tourismregulation.rw/en/entity/profile/1180/,Licensed,"Boutique guesthouse in the heart of Kigali. The Nest has eight double en-suite rooms located in Kimihurura, undoubtedly Kigali’s best neighbourhood with a fantastic selection of restaurants and bars all within a 5 minute walk (look out for our recommendations!). We focus on providing super friendly service and encourage guests to relax in our communal areas all decorated with Rwandan flair with art from Rwandan artists. We provide fast free internet, hot showers and a healthy breakfast. We look forward to welcoming you to The Nest!",8,8,,www.thenestkigali.com,0784131375,info@thenestkigali.com
LIGHT BAR,Restaurant/Bar/Nightclub,Bar,Western Province,Rusizi,https://tourismregulation.rw/en/entity/profile/1148/,Licensed,"The Light Bar is a comfortable bar situated in the heart of Rusizi Town in between the third and the fourth road.  There is a comfortable counter were  you are  received and get all needed information on the bar. There is also splendid bungalows where you can relax and enjoys various drinks and barbecue items.  The hotel provides an internet point, and a free Wi-Fi service.",0,0,"BBQ,Snacks",ngijedaus@gmail.com,0788425444,ngijedaus@gmail.com
MUSAFIRI Isaac,Tour operator/Travel agent/Tour guide,Tour guide,City Of Kigali,Kicukiro,https://tourismregulation.rw/en/entity/profile/760/,Licensed,"Isaac is tour guide with over 15 years of experience. During all these years of service, Isaac believes in providing the best service to his guests.",0,0,,,0788592263,musafili70@yahoo.fr
Ndege Tours and Travel,Tour operator/Travel agent/Tour guide,Tour operator,City Of Kigali,Gasabo,https://tourismregulation.rw/en/entity/profile/914/,Licensed,We are a local tour operator based in Kigali. We arrange private tours in Rwanda and East Africa and we provide car rental for various types of vehicles.,0,0,,www.ndegetoursandtravel.com,+250787522510,info@ndegetoursandtravel.com
ALPINE TRAVELS AND TOURS PVT LTD,Tour operator/Travel agent/Tour guide,Travel agent,City Of Kigali,Nyarugenge,https://tourismregulation.rw/en/entity/profile/763/,Licensed,"We would like to take this opportunity to introduce our company. We “Alpine Travels & Tours Pvt. Ltd” is one of the leading Travel Management Company in Kigali (Rwanda). we have a local office in MIC building, office #G-37.We provide comprehensive services for corporate, groups and individuals from and to the country. Our physical offices are located in Kampala-Uganda, Kigali-Rwanda, Lusaka-Zambia & Ahmadabad-India. We have fluent English, French, and Hindi speaking staff. We pride ourselves on our customer service and are available 24X7. (+250789786802) The travel professional at Alpine Travels have over 10+ years of experience, committed to developing, implementing and achieving travel policy goals. We provide schedule, pricing and ticketing for all domestic and international destinations with a focus to control travel cost via our dedicated team or online booking tools. We believe travel is special and personal, that it is about experiencing life and learning about others’ lives through the exploration of new places.  We carefully customize your trip, placing great value on depth and authenticity.  We concentrate on excellence, delivering premium quality focused on a few select offerings.  With our immediate support, knowledge, passion and care, we go the extra mile to offer you the best of travel",0,0,,www.alpinetravels.com,0250789786802,dinesh.rao@alpinetravels.com
Cocobean LTD,Restaurant/Bar/Nightclub,Restaurant,City Of Kigali,Gasabo,https://tourismregulation.rw/en/entity/profile/762/,Licensed,"is a high end Restaurant that specializes in out side catering, Breakfast, Coffee, Tea, pastries, Juices, Fruits and other delicious foods.",0,0,"African,Pizzeria,Snacks",,0788990811,cocobean.kigali2017@gmail.com
GLOBAL HEALTHCARE NETWORK TRAVEL AGENCY,Tour operator/Travel agent/Tour guide,Travel agent,City Of Kigali,Gasabo,https://tourismregulation.rw/en/entity/profile/768/,Licensed,"GLOBAL HEALTHCARE NETWORK  is a medical tourism company which has a travel agency in it. This company plays a big role in healthcare sector where in Rwanda we represent MEDANTA THE MEDICITY HOSPITAL(INDIA)  and we arrange tickets for all our clients depart from Rwanda to India. apart from  clients who are going for treatment  we connect different people to the world. GHN(GLOBAL HEALTHCARE NETWORK TRAVEL AGECY) is now at AIGLE BLANC BUILDING, 1ST FLOOR OPP MINISTRY OF JUSTICE.",0,0,,www.globalhealthcare.rw,0788314175,info@globalhealthcare.rw
"Shalom Sholom ltd, Restaurant",Restaurant/Bar/Nightclub,Restaurant,City Of Kigali,Gasabo,https://tourismregulation.rw/en/entity/profile/764/,Licensed,"Shalom Shalom Restaurant  located Gasabo District, near RDB on Nyarutarama main road, with its specialty in  African cuisine(Rwandan Food) with the option of international cuisine of your choice. operates from 7:00 am to 10:00 pm, buffet and breakfast can be served with in the time period given.",0,0,"African,Rwandan & International",,0788490197,gumubyeyi2002@yahoo.fr
BLESSINGTON MOTEL,Accommodation entity,Motel,Western Province,Rubavu,https://tourismregulation.rw/en/entity/profile/770/,Licensed,"Blessington Motel is an 10 rooms, comfortable Motel, situated in the heart of Rubavu Town. The Motel is arranged on one floors,  apart from the reception, there is a comfortable lounge where you can sit and drink tea, or just read. There is also a splendid terrace, where, you can relax and immerge yourself from morning onwards in the atmosphere of Rubavu daily life. The rooms are arranged , there is also a delightful terrace available for the use of guests, from where you can enjoy the wonderful view.The motel provides an internet point, and a free Wi-Fi service.",14,10,African,,0788359337,motelblessington@gmail.com
CENTRE D'ACCUEIL MATER BONI CONSILII,Accommodation entity,Town hotel,Southern Province,Huye,https://tourismregulation.rw/en/entity/profile/794/,Licensed,"Centre d'Accueil  Mater Boni Consilii is conveniently located in Huye City, Southern Province of Rwanda. We are not far from the main road (Kigali- Bujumbura).The Hotels opened its doors in 2009 and from then it has attracted many Guests due to its quality service and customer care. We offer you the Accommodation with our 100 self contained rooms ranged in five categories (Presidential suites, Executive Suites, Standard King Size, Twin beds rooms, and standard queen size rooms), the Restaurant &bar services and meeting room facilities. Our Flexibility and professionalism are the cornerstones of our service and our staff makes every effort to ensure that your expectations are met. Centre dâ€™Accueil Mater Boni Consilii offers a range of services to match every kind of visit â€“ from family vacations to large conferences and special events as weddings. Our services and hospitability will surely touch your soul. Staying in Centre d'Accueil Mater Boni consilii is helping the congregation of Abizeramariya (The owner) whose ministry is taking care of marginalized people such as people with mental or physical disability, elderly abandoned people and orphans.",132,100,"International,African,French",www.mbcrwanda.com,0788283903/0783777626,management@mbcrwanda.com
Repub Lounge Kigali Ltd,Restaurant/Bar/Nightclub,Restaurant,City Of Kigali,Gasabo,https://tourismregulation.rw/en/entity/profile/1114/,Licensed,"The Republounge is a restaurant located at Kimihurura,we open from 12h noon to 00h our speciality are curry coconut fish, there is a comfortable lounge where you can sit and drink wine or just read.",0,0,African,www.republounge.com,+250788303030,solange@republounge.com
ATARAH GROUP LTD,Tour operator/Travel agent/Tour guide,Travel agent,City Of Kigali,Nyarugenge,https://tourismregulation.rw/en/entity/profile/773/,Licensed,"ATARAH TRAVEL AGENCY is a travel agent situated in Kigali City, Nyarugenge District, Nyarugenge Sector, MAKUZA PEACE PLAZA, Ground Floor, Shop No:007",0,0,,,0780302324,atarahgroupltd@gmai.com
BLUES CAFE,Restaurant/Bar/Nightclub,Restaurant,City Of Kigali,Nyarugenge,https://tourismregulation.rw/en/entity/profile/807/,Licensed,"BLUES COFFEE is a , comfortable coffeeshop and restaurant with an intimate environment in Nyarugenge District, is arranged with three one hall and Veranda where customers can sit and have a coffee sharing ideas. We are open all days from 7:00 am to 8:30 pm, we have Breakfast in the morning and fast food from 07:00 am to 11:30 pm and Buffet from 11:30 am to 3:30 pm.We have one  Big Veranda and one back hall which are relaxation places because of their quietness. with our  internet connection (Wireless) we facilitate your work and helps you to not move many times.",0,0,"African,Rwandan & International,Sandwiches,Soups & Salads,Snacks,Vegan/Vegetarian",,250788323666,bluescafe@gmail.com
MPANO Daniel,Tour operator/Travel agent/Tour guide,Tour guide,City Of Kigali,Gasabo,https://tourismregulation.rw/en/entity/profile/777/,Licensed,"With the coming visitors, I work with the companies who are accommodating these beautiful clients As a co-guide,work a long side the tour driver to interact with visitors and help them enjoy the country of a thousand hills. Developing customer-centric best practices. Building networks, resulting in securing significant new opportunities regarding the company’s and the country best view locally and international.",0,0,,,+250788965631,danmpano@gmail.com
CROWN RESORT HOTEL / FOUR STEPS HOTEL,Accommodation entity,Town hotel,Southern Province,Huye,https://tourismregulation.rw/en/entity/profile/778/,Licensed,"he Crown resort Hotel is an 25 rooms, comfortable hotel, situated in the heart of Huye Town. The hotel is arranged on two floors, without a lift. On the ground floor, apart from the reception, there is a comfortable lounge where you can sit and drink tea, or just read. There is also a splendid terrace, where, you can relax and immerge yourself from morning onwards in the atmosphere of Huye daily life. The rooms are arranged on the first, second floors. On the second floor, there is also a delightful terrace available for the use of guests, from where you can enjoy the wonderful view. The buffet breakfast is served in the restaurant on the ground floor. The hotel provides an internet point, and a free Wi-Fi service",25,28,International,,0788358681,crownresorthotel@gmail.com
DELHI DARBAR INDIAN RESTAURANT Ltd,Accommodation entity,Restaurant,City Of Kigali,Gasabo,https://tourismregulation.rw/en/entity/profile/775/,Licensed,"At “Soul Curry’ we aspire to offer the most original and true renditions of the timeless indian cuisine that has cheered the soul and Spirits of Maharajas and Nawabs with obsession for food over the centuries. These recipes are exceptional and each one is a heavenly delight. We are proud to bring this extravagant experience to our beloved Delhi  so that we may all enjoy the fine cuisines of the Indian Royalty. Authentic Indian Curries & cuisine are famous for their rich spicy flavour appetizing colour & delicious taste & texture. They are slow cooked in sealed clay pot called “HANDEE”. At “Soul Curry” these are skillfully prepared in limited volumes with classical care and integrity. We have included some of the most celebrated Indian Vegetarian and Non-Vegetarian Kababs, Kormas and Curries from across the length and breadth of the country. As a mark of our respect to Delhi, We have faithfully included the proverbial “MURGH MAKHANI” and       “DAL MAHARANI” to avoid last minute displeasure. We believe that our guests are passionate about celebrating life and its bounty of good food. Do settle down now to explore the authentic “Indian Handee Cuisine “in all its glory – you’ve come home………! Let us brighten your world with some distinctive tastes and full bodied aromas our gastronomic legacy that will compel you to you’ve your culinary desires right here at “Soul Curry “in the Bellagio Confluence. We welcome you to DELHI DARBAR INDIAN RESTAURANT.",8,10,"Asian,Chinese,Indian",www.delhidarbar.rw,+250788303031,riteshritesh@hotmail.com
MOses KIRENZI,Tour operator/Travel agent/Tour guide,Tour guide,City Of Kigali,Kicukiro,https://tourismregulation.rw/en/entity/profile/780/,Licensed,A tour guide,0,0,,,0788600441,kirenzim@yahoo.com
HABINEZA Jacques,Tour operator/Travel agent/Tour guide,Tour guide,City Of Kigali,Kicukiro,https://tourismregulation.rw/en/entity/profile/781/,Licensed,A Tour Guide,0,0,,,0788527552,habinezajacques1@gmail.com
Peter NASASIRA,Tour operator/Travel agent/Tour guide,Tour guide,City Of Kigali,Gasabo,https://tourismregulation.rw/en/entity/profile/782/,Licensed,A Tour Guide,0,0,,,0784650423,nasasipee@gmail.com
MARASA UMUBANO HOTEL,Accommodation entity,Town hotel,City Of Kigali,Gasabo,https://tourismregulation.rw/en/entity/profile/869/,Licensed,"The Marasa Umubano Hotel is 100 Rooms hotel located 5 km from the centre of Kigali atop one of the many hills that make up the city. For business travellers we offer the convenience of four meeting rooms, Free WiFi internet and a business centre. The hotel also features a bar and restaurant, various leisure facilities including an outdoor swimming pool, fitness, aerobics, sauna and tennis court. There is also a bank, several shops and parking on site. Umubano Hotel is considered among the best Kigali leisure and business hotels.",100,200,International,www.umubanohotel.rw,0788136000,info@umubanohotel.rw
MUGISHA Ronald,Tour operator/Travel agent/Tour guide,Tour guide,City Of Kigali,Gasabo,https://tourismregulation.rw/en/entity/profile/784/,Licensed,A Tour Guide,0,0,,,0783140000,charitykirezi@gmail.com
VITAMINO RESTAURANT,Restaurant/Bar/Nightclub,Restaurant,Western Province,Rusizi,https://tourismregulation.rw/en/entity/profile/788/,Licensed,Vitamino Restaurant-is near to the Kamembe market and in close proximity to the Democratic Republic of Congo border in Rusizi and 7-minute walk to Kamembe International Airport,0,0,International,www.vitaminorestaurant.com,0788628551,bahatifelixj@gmail.com
Murindwa Didier,Tour operator/Travel agent/Tour guide,Tour guide,Eastern Province,Kayonza,https://tourismregulation.rw/en/entity/profile/785/,Licensed,Murindwa Didier is a tourist guide with experience of 4 years. since 2014 up to date he works as tourist guide in Akagera National park he is passionate about tourism and conservation in general.,0,0,,,0787472147,murindwadidier@gmail.com
Jean Claude RUTAYISIRE,Tour operator/Travel agent/Tour guide,Tour guide,City Of Kigali,Kicukiro,https://tourismregulation.rw/en/entity/profile/786/,Licensed,A tour guide,0,0,,,0788486030,jcrutayisire@gmail.com
Gahigiro Jean Claude,Tour operator/Travel agent/Tour guide,Tour guide,City Of Kigali,Gasabo,https://tourismregulation.rw/en/entity/profile/787/,Licensed,"Gahigiro Jean Claude is an experienced driver guide with 7 years of  experience . he have worked with different companies in tourism like Individual Tours, Jambo travel and tours , attractive safaris. he has thirsty to keep contributing on raising rwandan flag by providing incredible services to tourists.",0,0,,,0788748237,claudgahi@gmail.com
Nshuti Jean de Dieu,Tour operator/Travel agent/Tour guide,Tour guide,City Of Kigali,Gasabo,https://tourismregulation.rw/en/entity/profile/790/,Licensed,Nshuti Jean de Dieu is a rwandan driver and tour guide for a period of 4 years now. he has experience in tourism especially in game driving. he loves his job and passionate to keep growing .,0,0,,,0783102547,nshutis01@gmail.com
Mbabazi Francois Regis,Tour operator/Travel agent/Tour guide,Tour guide,Northern Province,Musanze,https://tourismregulation.rw/en/entity/profile/791/,Licensed,Mbabazi is a tourist guide with a vast experience in guiding he now works with Amahoro Tours Located in Musanze . he enjoys his job as a tour guide and he is willing to keep serving.,0,0,,,0788761622,mfr752000@gmail.com
ISHIMWE Pacifique,Tour operator/Travel agent/Tour guide,Tour guide,Western Province,Rubavu,https://tourismregulation.rw/en/entity/profile/802/,Licensed,"I am pacifique ishimwe  member of Rwanda  safari guide association(RSGA)  tourist driver guide recognized by the government. I am very experienced  especial climbing , city tour , community base tourism and Cong Nile trail  since from 2015 up to now still in my career;I work in different campy wilson tours, Tembeya Africa, I like my job, and am very kind gentleman,  humble, taking much responsible to carter the safety of my clients plus there properties. I call upon anybody to travel with mi and we enjoy together. Any more information please contact mi on Email address:  ishipacifique@gmail.com Tel: on +250783176695 WhatsApp chatting /surfing.",0,0,,,0783176695,ishipacifique@gmail.com
Masala St Restaurant,Restaurant/Bar/Nightclub,Restaurant,City Of Kigali,Gasabo,https://tourismregulation.rw/en/entity/profile/940/,Licensed,"a mixture of ground spices used in Indian cooking. For India that churns on its tummy, masala isn’t something that can be crammed into 8 words as above. It’s the Heart of India, It’s magical, its that blend of spices that add colors to life, causes the flavors to explode, tickles your taste buds, boosts the immunity, detoxifies and full of anti-oxidants and even to increase the beauty. Masala is basically a blend of spices but it varies from home to home in India. We have taken the recipes of the garam masala blend from various states of India, and have created an eclectic diverse menu, respecting the major culinary power horses. The Major Indian cuisines we represent are: Kashmir: The crown of India, the cuisine is influenced by the Muslims and Hindus, rice and vegetables, saffron and spices, mild on heat and great fruity flavors Delhi: Capital of India, Haute cuisine of India influenced by the Mughal emperors. In Delhi, food has the same value of the deities and there are even streets named after the age old famous restaurants handed down from generation to generation. Rajasthan: The Sahara of India has raised the finest warriors and the cuisine is influenced by the scarcity of fresh produce and the long journeys that a warrior has to undertake during their hunting expeditions. Punjab: “Granary of India” or “Bread basket of India” “Land of Five Rivers”, Punjab is known by many names. It’s better known for its festivities, the colorful food and the Tandoor clay oven. Punjabi folks are true to their heart and so is their cuisine!! Goa: “The party people of India!!!” The cuisine is heavily influenced by the Portuguese, the Catholics and the Hindus. The cuisine features pork, chili, seafood, coconuts & vinegar. Chennai: Formerly known as “Madras”, capital of Tamil Nadu. Folks here believe in serving food as a humanity service and takes great care in it. Traces of Tamilian cuisine can be seen in Sri Lanka, Malaysia, and Singapore due to the migration of the Tamilians. Rice and rice flour dishes are more dominant in this cuisine. Kerala: “Land of Spices” since 3000BC, is a state of greenery where everything grows in abundance especially the coconuts and brown rice. The food unites the Keralite irrespective of their caste, politics, color or religion. The cuisine features rice, rice flour, spices, ginger, beef, duck, pork, seafood, back water fish, lagoon crustaceans, coconuts, tamarind, and many more. Every religion and every district has their own handwritten age old recipes which is passed from generation to generation with great passion. Indo Chinese: Indian-Chinese cuisine originated in India and is a uniquely South Asian Phenomenon. Towards the end of nineteenth and start of the twentieth century, Hakka-speaking Chinese immigrated to the eastern Indian city of Kolkata (formerly known as Calcutta) to work in tanneries, ports, and railways and soon established the country’s only Chinatown. As Chinese ingredients were manipulated to suit the spicy, fried food-craving palates of Indians, a food fusion took off. We have only slightly scratched the tip of the Indian cuisine iceberg in our menu. We will be travelling the back roads of Indian cuisine to bring you more diverse and never seen before culinary experience.	 before culinary experience.",0,0,"Asian,Indian",,0783419980,masalastreetrwanda@gmail.com
KALASIRA RONALD,Tour operator/Travel agent/Tour guide,Tour guide,City Of Kigali,Kicukiro,https://tourismregulation.rw/en/entity/profile/798/,Licensed,"I am RONALD KALASIRA a professional tourist driver guide recognized by the government. I am very experienced since from 2010 up to now still in my career; I like my job, and am very kind gentleman, humble, taking much responsible to carter the safety of my clients plus there properties. I call upon anybody to travel with mi and we enjoy together. Any more information please contact mi on Email address: ronardkalasira@gmail.com Tel:+250781044356 Tel: +250783939099 on WhatsApp chatting /surfing.",0,0,,,+250783939099/+250781044356,ronardkalasira@gmail.com
CHEZMANUGUEST Limited,Accommodation entity,Lodge,Northern Province,Musanze,https://tourismregulation.rw/en/entity/profile/1039/,Licensed,"CHEZMANUGUEST Limited is located i Northern Provinze , Musanze District, Muhoza sector, Mpenge cell, Gikwege village",14,14,,,0788537770,chezmanuguest@gmail.com
Chris Hotel,Accommodation entity,Town hotel,Southern Province,Kamonyi,https://tourismregulation.rw/en/entity/profile/800/,Licensed,"Chris Hotel is town hotel with 21 bedrooms, offers the best value for quality accommodation.  perfect families, leisure or business our hotel are located in the very quiet view city center, accessible location and picturesque countryside.",12,21,International,www.chrishotel.dudaone.com,+250788471201,chrishotel2018@yahoo.com
NEW HOPE MOTEL,Accommodation entity,Lodge,Western Province,Rusizi,https://tourismregulation.rw/en/entity/profile/805/,Licensed,"NEW HOPE LODGE  is located in western province, RUSIZI City,KAMEMBE Sector,nearby GIHUNDWE HOSPITAL within 2km from kamembe international Airport, and 4km from DRC main border with better view of Kamembe city and Lake Kivu. NEW HOPE LODGE is luxurious LODGE located at Kamembe Town entrance . We have a better view of lake Kivu. From Kamembe international airport to our LODGE is about 10 minutes with our shuttle services. Our customers enjoy the supper comfort and warm hospitality at NEW HOPE LODGE .",24,34,Other (specify),www.newhopelodge1.com,0784767807,newhopelodge1@gmail.com
CENTRE D'ACCUEIL VIERGE DES PAUVRES LTD,Accommodation entity,Vacation hotel or resort,Western Province,Rutsiro,https://tourismregulation.rw/en/entity/profile/1142/,Licensed,"The Centre d’Accueil Vierge des Pauvres ltd, situated in RUTSIRO district, GIHANGO Sector at Congo-Nil chain of mountain. The Hotel is arranged  by the main one house which are the accommodation have 10 rooms, comfortable hotel ,around of that house on above sidethere are the conference hall which have other room behind as reception and bureau of accountant .On other side around the conference hall there are other house where are located bureau of directing manager. On a part of bureau of directing manager there is a comfortable house which arranged by two side or rooms where you can sit and drink tea also take the lunch also the buffet breakfast is served in the restaurant on. There is also a splendid terrain, where you can relax and immerge yourself from morning onward in the atmosphere of Congo-Nil/ Kivu lake daily life. The buffet breakfast is served in the restaurant on. The Hotel provides an internet point, and a free Wi-Fi service. Also in the rooms there are the heat water where the client can choose water may use.",10,10,African,www.cavipltd.com,+250786137877,cavpltd@gmail.com
TRAVELNEZA LTD,Tour operator/Travel agent/Tour guide,Travel agent,City Of Kigali,Gasabo,https://tourismregulation.rw/en/entity/profile/803/,Licensed,"Travelneza is a travel agency situated in Kigali City, Gasabo District, Remera Sector, Irembo House, Office 102.",0,0,,www.travelneza.com,0789443026,reservations@travelneza.com
MUNYAKAZI Honore,Tour operator/Travel agent/Tour guide,Tour guide,Northern Province,Musanze,https://tourismregulation.rw/en/entity/profile/804/,Licensed,My name is  Honore Munyakazi am student at Muhabura Intregrated polytechnic colllege i study Tourism and Travel Management. I'm a Freelancer Tour Guide based in Musanze District in the North of Rwanda. I work with some different tour companies as a Tour/Driver gude around Rwanda and Uganda. I've gained an experience as a Rwandan Tour guide and Safari driver guide for a various domestic tour companies and international tour companies. My proffesionalism  and sincerity as well as my exception understanding of the needs and desires of international visistors have gained a trust and honest among clients  and respect among the memebers of the local communities.,0,0,,,0787156740,honoretours@gmail.com
Volcano View B&B Ltd,Accommodation entity,Cottage,Northern Province,Musanze,https://tourismregulation.rw/en/entity/profile/1113/,Licensed,I run a small bed and breakfast accommodation in Younde Musanze.  I also live in the house and rent out the 3 remaining rooms in the house for Bed and Breakfast only.  The house has a lovely garden where people can take breakfast and watch the birds.  Guests get free wifi and they can also use the lounge and dining room.,5,3,Other (specify),www.volcanoviewrw.com,+250784876354,jczornowol@googlemail.com
NTENDE HOTEL,Accommodation entity,Vacation hotel or resort,Eastern Province,Gatsibo,https://tourismregulation.rw/en/entity/profile/810/,Licensed,"Ntende hotel features beautifully manicured gardens ,comfortable hotel.situated in the heart of Gatsibo town.The hotel provides an internet point, and a free Wi-Fi service.there is also a splendid terrace, where, you can relax and immerge yourself from morning onwards in the atmosphere of Gatsibo daily life.",22,22,International,,0781272807,hotelntende2018@gmail.com
TEMBEYA AFRICA TOURS,Tour operator/Travel agent/Tour guide,Tour operator,Western Province,Rubavu,https://tourismregulation.rw/en/entity/profile/876/,Licensed,"TEMBEYA AFRICA TOURS is a tour company situated at rubavu,Gisenyi sector,with the main aim of providing different tours around Rwanda and the great lakes region. our offices are nearby the junction that takes you to nyamyumba when you are on the road from kigali.tembeya Africa is mostly focused on the adventure tourism along the congo nile trail and muhungwe trail and other owned developed tours along the kivu belt.we provide all the needed services,being rental of bikes,tents,sleeping bags..etc we also provide safari and wildlife tours per need of our clients.we are looking forward to be a leading tour company in the western province by developing non gorillas activities and improve the domestic tourism.",0,0,,www.tembeya-africa.com,0781788888,tembeyafrica@gmail.com
RESORTS TRAVEL & TOURS LTD,Tour operator/Travel agent/Tour guide,Travel agent,City Of Kigali,Nyarugenge,https://tourismregulation.rw/en/entity/profile/812/,Licensed,"RESORTS TRAVEL & TOURS is a travel agency situated in Kigali City, Nyarugenge District. It has its office in the Headquaters of the Seventh-Day Adventist Church, Rwanda Union Mission, in-front of Lycee Notre Dame de Citeaux, KN 4Av 65st, Office No. 01.",0,0,,,0788592138,resortstt@gmail.com
Fantastic Dreams Ltd,Accommodation entity,Lodge,Southern Province,Nyamagabe,https://tourismregulation.rw/en/entity/profile/1237/,Licensed,"Fantastic Dreams ltd is a lodge of 13 good  rooms, situated at the  center of Nyamagabe district near taxi park and  before the new market in ongoing construction. The lodge is arranged on one flour.  at Reception, there are good guest's Chairs. It has a good working internet connection and it provides free WI-FI Services",13,14,,,+250789884150,fantasticdreamsltd@gmail.com
Mbonabucya Kassim,Tour operator/Travel agent/Tour guide,Tour guide,City Of Kigali,Gasabo,https://tourismregulation.rw/en/entity/profile/1136/,Licensed,tour guide,0,0,,,0788894745,keiseen@hotmail.com
IRIS GUEST HOUSE,Accommodation entity,Town hotel,City Of Kigali,Nyarugenge,https://tourismregulation.rw/en/entity/profile/1155/,Licensed,"IRIS GUEST HOUSE is a self contained 26 rooms Guest house situated in Kiyovu, a residential area in the heart of Kigali. It is a calm and secure area, a walking distance to the city centre. Fully equipped with TV Satellite and WIFI internet connection, we offer affordable options of rooms with interesting rates and excellent standards. IRIS restaurant offers professional service and taste to Kigali’s culinary scene with western style dishes and African flavour food. We have reasonable prices and excellent ambiance. IRIS restaurant features indoor-outdoor terraces along with settings and décor. You will enjoy dining pleasure, relaxing evening and a breathtaking view of overlooking Kigali",26,26,"International,African",www.irisguesthouserw.com,+250 785806300,irisguest1@gmail.com
YAMBI HOSTEL LTD,Accommodation entity,Villa,City Of Kigali,Kicukiro,https://tourismregulation.rw/en/entity/profile/1168/,Licensed,"YAMBI is a charming boutique guesthouse located in a beautiful and green residential suburb in Kigali.  Enjoy high-speed internet in all rooms, expect lots of tourist info from our enthusiastic staff, check out our library of travel guide books or simply play your favorite music in the chill-out coffee lounge. Our breakfast is so good you would wish that we served it for lunch and dinner. Toast, coffee, tea and tropical fruits are available the whole day long, along with filtered water. YAMBI offers 10 cosy rooms, each with its own unique design and a relaxing atmosphere with colourful garden and a spectacular view of Rwanda’s green hills. Wi-fi and continental breakfast are included in our prices. Laundry and airport shuttle services available. For those traveling with a group of 20 or more, please email booking@yambihotel.com for us to arrange an adequate reservation.",10,20,"African,Indian,Rwandan & International",www.yambihotel.com,0788301801,booking@yambihotel.com
The Bishop's House,Accommodation entity,Villa,Northern Province,Musanze,https://tourismregulation.rw/en/entity/profile/1074/,Licensed,"Located in Musanze Town, The Bishop’s House Rwanda  provide luxury accommodation at an affordable price. TBH is a 25 minute drive from the Volcanoes National Park, home to the Mountain Gorillas and the Golden Monkeys making it the ideal destination for any traveler. With nine luxurious rooms stylishly decorated with classic mahogany furniture and antique hand crafted beds, TBH is your home-away-from-home. East African artists’ canvasses adorn the bedroom walls depicting Africa and its bounty. All the rooms come equipped with DSTV; Wi-Fi; stocked mini-bar and tea/coffee making facilities. In the bathrooms you will be able to freshen up and unwind as all bathrooms come standard with hot running water. Our restaurant comfortably seats 20 Pax people for a fine dining experience. Alternatively you can enjoy your meals outside seated in our beautiful garden to take in the cool brisk air offered by Musanze.",9,18,"International,Asian,Chinese,Japanese,Rwandan",www.the-bishops-house.com,+250785646739,steve.nzuki@the-bishops-house.com
SUSA GORILLA'S BAR&LODGE LTD,Accommodation entity,Motel,Northern Province,Musanze,https://tourismregulation.rw/en/entity/profile/1066/,Licensed,"SUSA GORILLA'S BAR&LODGE LTD is located in Northern province, Musanze district, Muhoza sector, Ruhengeri cell.",22,24,,,0788544411,susagorilglasbarlodeltd@gmail.com
GO TELL TOURS&TRAVEL LTD,Tour operator/Travel agent/Tour guide,Travel agent,City Of Kigali,Gasabo,https://tourismregulation.rw/en/entity/profile/1249/,Licensed,"Go tell tours and travel Ltd  is registered company in Rwanda Development Board(RDB)  in tours and travel.;formally operating from Rwanda,Kenya and Israel. Go tell tours and travel Ltd which is located in Kigali height in 4th floor Eastern wings. we have a good services in tour packages,air ticketing and Israel experience with visa services .We specialize in local and international tours, Pilgrimage trips to Egypt/Israel, weekend getaways, hotel bookings`.",0,0,,www.gotelltours.com,"+250781336097,;+250788726181",rwanda@gotelltours.com
GO GREAT DISCOVERY LTD,Tour operator/Travel agent/Tour guide,Tour operator,City Of Kigali,Gasabo,https://tourismregulation.rw/en/entity/profile/973/,Licensed,We offer package tours as well as tailor made itineraries to suit the needs of our customers.,0,0,,www.gogreatdiscovery.com,0787702545,gogreatdiscovery@gmail.com
MAHUMBEZI LOGDE Ltd,Accommodation entity,Lodge,Western Province,Rusizi,https://tourismregulation.rw/en/entity/profile/1104/,Licensed,"MAHUMBEZI LOGDE IS NEAR THE RUSIZI STATION BUS, YOU DON, T NEED THE ANY TRANSPORT AND WE PROVIDE AN INTERNET POIT AND FREE WI-FI SERVICE AND SECURITY IS FULL",20,20,Other (specify),www.mahumbezilogde.com,0788762879,seraphintore@gmail.com
EAR Peace Guest House,Accommodation entity,Vacation hotel or resort,Western Province,Rusizi,https://tourismregulation.rw/en/entity/profile/697/,Licensed,"EAR Peace Guest House is a 55 room Guest House situated in Kamembe Town,  five minutes away from the Kamembe International Airport in Rusizi district on the Shores of Lake Kivu. The Guest House has Bungalows that are grass thatched, with a Villa, as well as low budget rooms and the storied building with three floors.  You can have access to the restaurant with an intercontinental menu. In addition to this we have conference facilities with three conference halls. All this is in a serene quiet environment, waking up to the sounds of birds singing and the fishermen s songs. There is a free WiFi services and all rooms are self-contained.",55,70,International,www.earpeaceguesthouse.com,+250788522727,peaceguesthouse3@yahoo.com
Rose Aparthotel,Accommodation entity,Serviced apartment,City Of Kigali,Gasabo,https://tourismregulation.rw/en/entity/profile/1668/,Licensed,"Rose Aparthotel is company registered as RR REAL ESTATE. Our aparthotel has  11 rooms in classic property gives you access to more luxurious amenities located at Remera near to Amahoro stadium, bk Arena and chez lando hotel aparthotel is arranged in three floor, on ground floor there is reception and coffee shop lounge where you can find a coffee or other drinks and small terrace out side where everyone can sit and have something to eat or drink. our aparthotel is organized in two side from each floor. on the first floor there is 1apartment  with two rooms separately  sharing one sitting room and modern kitchen .in that apart there is a nice terrace view for the guests apposite  of that apart there is also another Suite executive room. that is how our first and second floor structured. then the last floor has one apartment of two rooms separately the same as mentioned above on second floor. and 2 studios . the buffet breakfast is served in the restaurant on the ground floor. The hotel provides an internet point, and a free Wi-Fi service.",11,11,International,www.roseaparthotel.rw,0787095663,info@roseaparthotel.rw
Vazquez Tours & Travel Ltd,Tour operator/Travel agent/Tour guide,Tour operator,City Of Kigali,Gasabo,https://tourismregulation.rw/en/entity/profile/1019/,Licensed,"Vazquez Tours & Travel Ltd is a leading safari specialist and destination management company in Rwanda with its head office located in Kigali. We offer holiday, tour packages and travel options for individuals, families and groups in Rwanda. Ever since we start, our aim is to organize the  pleasurable trip to our guests; our team is dedicated to offering you an exciting experience.",0,0,,www.vazqueztours.com,+250781445000,vazqueztourstravel@gmail.com
GREEN HILLS ECOTOURS,Tour operator/Travel agent/Tour guide,Tour operator,Western Province,Rubavu,https://tourismregulation.rw/en/entity/profile/1174/,Licensed,"Green Hills Ecotours Ltd is a team of local tour guides specializing in scheduled & tailor-made private Eco Tours & Safaris in Rwanda. From 2006, Green Hills Ecotours offers to tourists an experience of a lifetime that transforms their lives and those of local communities. You will have a unique opportunity to explore the fabulous natural treasures of East Africa region. And you can help to empower local communities by visiting their development projects or gain first-hand experience through a volunteer program. In one word Green Hills Ecotours invites you to join our eco-friendly activities & services on developing a sustainable Responsible and Community Based Ecotourism in this part of Africa. Specialties: Green Hills Ecotours offers a wide range of services for individuals, families, students and small group. Our travel packages include the following: Climb Nyiragongo volcano; Wildlife Tours; Congo river expedition; Gorilla Trekking Tours; Community based-tours; Bicycle Tours; Trekking Tours; Volunteerism; Hotel booking & Airport transfer; Car hire; Holidays & Vacations to Kenya, Tanzania, Uganda & Burundi. Green Hills Ecotours Ltd ""Travel Like A Local"" Tel: +250 788 21 9495  or   +250 722 22 0000 Email: greenhillsecotours@gmail.com  or  ecotours@gmx.com www.greenhillsecotours.com Skype: Greenhills-ecotours Facebook.com/greenhillsecotours P.O.Box: 225 Gisenyi - RWANDA Base of operations: Gisenyi / Rubavu - Rwanda Languages of operation: English, French, spanish, Chinese, Swahili & Kinyarwanda",0,0,,www.greenhillsecotours.com,+250722220000,greenhillsecotours@gmail.com
HIGHLANDS APARTMENT GACURIRO,Accommodation entity,Serviced apartment,City Of Kigali,Gasabo,https://tourismregulation.rw/en/entity/profile/1146/,Licensed,"The Highlands Apartments is has 24 rooms, Very calm, situated in the heart suburb of Kigali in Gasabo District . The Apartment is arranged on three floors, without a lift. On the ground floor, apart from the reception, there is a comfortable Restaurant where you can sit and drink tea, or just read. There is also a splendid terrace by the pool side where, you can relax and enjoy yourself from morning on wards. The rooms are arranged on the first, second and third floors. On each floor there is terrace or balconies for your breath taking from where you can enjoy the wonderful view. The buffet breakfast is served in the restaurant on the first floor. The hotel provides an internet point, and a free Wi-Fi service.",24,48,,www.highlandsapartments.rw,0784212566,info@highlandsapartments.rw
VILLA GORILLA LTD,Accommodation entity,Villa,Northern Province,Musanze,https://tourismregulation.rw/en/entity/profile/593/,Licensed,"Villa Gorilla Lodge is an 9 rooms,  comfortable lodge situated at Kinigi Sector near volcanoes",9,11,"International,African,American,Asian,BBQ",infovillagorillarwand.com,+250788592924,infovillagorillarwanda@gmail.com
MIGANO HOTEL Ltd,Accommodation entity,Town hotel,Northern Province,Musanze,https://tourismregulation.rw/en/entity/profile/1065/,Licensed,"MIGANO HOTEL Ltd is located in NORTHERN province , Musanze district, Muhoza sector, Kigombe cell",16,16,International,,0785519481,shakoms@yahoo.com
BAOBAB HOTEL LTD,Accommodation entity,Town hotel,City Of Kigali,Nyarugenge,https://tourismregulation.rw/en/entity/profile/1533/,Licensed,"Baobab Hotel is a family owned business that has been operating in the heart of Kigali-Rwanda since 1985. Baobab Hotel and restaurant has been a family frinedly harbor for the local community as well as to the many guests who travel to Rwanda from all over the world. Just like its name sake The Baobab tree which is known as the tree of life, that can provide shelter, clothing, food, and water for the animal and human inhabitants of the African savannah regions, Baobab Hotel has also been providing outstanding services to its patrons with great hospitality, food and lodge.",48,51,"International,Rwandan & International",www.baobabhotelkigali.com,0785319275,info@baobabhotelkigali.com
TWAMBAZIMANA,Tour operator/Travel agent/Tour guide,Tour guide,City Of Kigali,Kicukiro,https://tourismregulation.rw/en/entity/profile/1133/,Licensed,"am senior tour guide, experienced more than five years and eligible for guiding in five countries which are RWANDA, UGANDA, KENYA, TANZANIA and RDC",0,0,,,0788884915,umwami30@gmail.com
RUSHEL KIVU RESORT,Accommodation entity,Vacation hotel or resort,Western Province,Rutsiro,https://tourismregulation.rw/en/entity/profile/1537/,Licensed,"Rushel Kivu Resort is a 15  rooms , 3 luxury tents and 21 budgets tents comfortable resort located on the shores of lake kivu nestled between palm trees and a sprawling coffee plantation and it is situated in Rutsiro District, Boneza Sector, Bushaka cell, Muramba village. on each room at the Resort , there is a splending terrace, where you can sit , relax, take your tea or just read and feel the unique beauty and enjoy the wonderful view of lake kivu. The buffet breakfast is served in the restaurant. The resort provides a free internet.",18,42,Rwandan & International,https://rushelkivu.wixsite.com/home,250786479478,rushelkivu@gmail.com
NDUWAYEZU CLAUDE,Tour operator/Travel agent/Tour guide,Tour guide,Northern Province,Musanze,https://tourismregulation.rw/en/entity/profile/1032/,Licensed,"i am Rwandan, 27 years of age, i have the diploma in tourism and travel management.",0,0,,none,+250 782 687 878,claude@heavenrwanda.com
DOVE HOTEL,Accommodation entity,Town hotel,City Of Kigali,Gasabo,https://tourismregulation.rw/en/entity/profile/704/,Licensed,"The Dove hotel facilities cover the total area of 3 ha, 69 self-contained rooms with suitable toilets; TV, A.C, Phone, wireless connection and exclusive. 6 conferences facility that hosts up to 4000 people, 700 people, 50 people (2 halls), 15 people (2 halls) respectively and two terraces with capacity to accommodate people up to 80 people with panoramic view. Facing the main gate entering Kigali Independent University, it is located at 30 meters ahead, at the main road opposite side; 2 minutes’ drive from Kigali Genocide memorial Center of GISOZI, and 15 minutes from Kigali international airport. 69 spacious comfortable and well-equipped guest rooms The Café and Bar of Soft Drink Patisserie, Gela Teri, Coffee Bar and Teashop The International 24 Hours Restaurant Extensive Gardens, Terrace and Grounds Wide selection of rooms and suites, all with AC, TV and Wi-Fi Dedicated car park, full security Luxury Swimming Pool and Gardens Dedicated world –class fully integrated conference to seat 4000 and social events Centre Gift Shop and news-stand Wedding Planning Service The Executive Lounge Inside the hotel the floor is made up of beautiful tiles, we have the big parking area, surrounded by nice garden. In case of power shortage we have a standby automatic generator with capacity of 250 kea.",69,92,"International,African,BBQ,French,Rwandan,Sandwiches,Soups & Salads,Snacks,Vegan/Vegetarian",www.dovehotel.rw,0781818791,info@dovehotel.rw
Manirakiza Theogene,Tour operator/Travel agent/Tour guide,Tour guide,Northern Province,Musanze,https://tourismregulation.rw/en/entity/profile/1144/,Licensed,Tour Guide,0,0,,,0788488031,manitheog@yahoo.com
Olivier Kanyabikali,Tour operator/Travel agent/Tour guide,Tour guide,City Of Kigali,Kicukiro,https://tourismregulation.rw/en/entity/profile/1093/,Licensed,"Olivier Kanyabikali is a consultant in Tourism and Hospitality, hence having worked on upgrading Community-Based Tourism Projects in Kivu belt, Western province, Rwanda. With the booming tourism industry in Rwanda and in response to its needs, Olivier is happy to serve as a tour guide where I could continue making the contribution to the growing tourism industry in Rwanda. With Us, You Explore Better!",0,0,,,+250785316733,kaolivo@yahoo.fr
Wilson Tours Travel Agency Ltd,Tour operator/Travel agent/Tour guide,Travel agent,City Of Kigali,Nyarugenge,https://tourismregulation.rw/en/entity/profile/1130/,Licensed,"Wilson tours and travel Agency is a Rwandan tour company focusing on domestic tourism  and internationals within Rwandan borders. It provides tourism services for Rwandans  and experts who need to explore the new Rwanda and discover the beauty of  nation and relax after long hours of stressful work. The company provides services with passion, professionalism and personal touch at the most affordable price. Wilson tours’ clients include but are not limited to: Private individuals and families,Corporate ,Government entities,NGOs and Schools.",0,0,,www.wilsontours.rw,0788850725,info@wilsontours.rw
UMURUNGI Ruth,Tour operator/Travel agent/Tour guide,Tour guide,Western Province,Rubavu,https://tourismregulation.rw/en/entity/profile/1119/,Licensed,"Welcome to Visit Rwanda with a Rwandan Private Tour Guide â€“ Ruth Umurungi. Ruth is a Rwandan female Tourist Guide since 2016, She has been working in the tourism industry in Rwanda, DRCongo and Uganda. Ruth traveled quite extensively myself in East-Africa and worked exclusively with Green Hills Ecotours guiding in different national parks, wildlife tours; visit to community, culture & historical tours; hiking; climbing volcanoes; visit Gorillas etc... and She is able to share her knowledge and experiences. Most of that time has been spent guiding travelers, helping them to experience our Rwandan lifestyle and hopefully changing their perceptions of Rwanda. Her recognised ability to communicate with people from many different backgrounds, cultures and countries has enabled her to lead both lecture and tour groups with great success and acclaim. Ruth Umurungi is fluent in English, French, Swahili and Kinyarwanda languages. Now her main career objective is to play a more significant role in promoting Rwanda specifically through tourism, by utilising her vast experience and knowledge.She is offering travelers a unique and exclusive glimpse of  Country of 1000 hills, accompanied by her as their personal tour guide in Rwanda. ""Being flexible, having fun and making sure that my travelersâ€™ get the most from their vacation is my primary focus and goal. Welcome to Rwanda and I hope to be your Tour Guide very soon!""",0,0,,www.greenhillsecotours.com,+250788372262,umurungiruth@gmail.com
UBUMWE CENTER KIGEME LTD,Accommodation entity,Town hotel,Southern Province,Nyamagabe,https://tourismregulation.rw/en/entity/profile/1309/,Licensed,"The Hotel is an 28rooms, comfortable hotel, situated in the heart of Nyamagabe Town. The hotel is arranged on two floors, without a lift . On the ground floor, apart from the reception, there is a comfortable lounge where you can sit and drink tea, or just read. There is also a splendid terrace, where, you can relax and immerge yourself from morning onwards in the atmosphere of Nyamagabe daily life. The rooms are arranged on the first, second floors. On the second floor, there is also a delightful terrace available for the use of guests, from where you can enjoy the wonderful view. The buffet breakfast is served in the restaurant on the a separed house. The hotel provides an internet point, and a free Wi-Fi service and car parking space.",28,48,,www.uckigeme.com,+250783056562/ +250786698150,centre.ubumwe@gmail.com
NONGA GUEST HOUSE LTD,Accommodation entity,Villa,City Of Kigali,Kicukiro,https://tourismregulation.rw/en/entity/profile/1117/,Licensed,"NONGA GUEST HOUSE Ltd is located in Kicukiro  District. I offers 7 Luxurious self contained rooms with  internal channels, WIFI and hot running water 24/7. We are located in a friendly environment that is suitable to all types of customers. At NONGA GUEST HOUSE, You will never be disappointed.",7,7,,,0789894673,calvin.karimunda@gmail.com
Jan Uwacu Ligtenberg,Tour operator/Travel agent/Tour guide,Tour guide,City Of Kigali,Kicukiro,https://tourismregulation.rw/en/entity/profile/1255/,Licensed,"I am a freelance tour guide. I have a Bachelors Degree in tourism (option management) From ISALT Brussels. I am Fluent in Kinyarwanda, Dutch, English, French and Spanish.",0,0,,,0785926060,jan@sawasafaris.com
Micity Ltd,Accommodation entity,Vacation hotel or resort,Southern Province,Nyaruguru,https://tourismregulation.rw/en/entity/profile/1014/,Licensed,"Micity Ltd, called CFM Cana as well, is a place for the spiritual retreats and recollections but for the relax and rest as well. Situated near to the Shrine in Kibeho (2 km), is composed of 3 buildings - 2 two floors buildings and 1 ground floor - with 40 rooms (77 beds). Each room has a shower with hot water, lavabo and WC.  The food and drinks are available on a command. Micity provides a free Wi-Fi service. Close to the main buildings is a beautiful chapel and a plaza for a worship and music concerts. In another side are 3 meeting halls and 3 small stadiums for football, basketball and volleyball.",40,77,International,www.kibeho-cana.org,0788308864; 0788822753,fr.leszekmic@gmail.com
Vava Tours & Travel Ltd,Tour operator/Travel agent/Tour guide,Tour operator,City Of Kigali,Gasabo,https://tourismregulation.rw/en/entity/profile/1045/,Licensed,"Vava Tours & Travel Ltd is experienced Travel Management Company, Located in Kigali (Rwanda). we specialize in all elements of Travel in an efficient and Cost effective Manner. our major services are as follows below; - Tour Planning -  Hotel Reservations - All Car Hire - Transportation for Events - goods Transportation",0,0,,www.vavatours.com,0788308506,info@vavatours.com
KIVU PEACE VIEW HOTEL,Accommodation entity,Town hotel,Western Province,Rubavu,https://tourismregulation.rw/en/entity/profile/611/,Licensed,"Featuring free WiFi and a restaurant, Kivu Peace View Hotel offers accommodations in Gisenyi.Situated 700 metres from Gisenyi Hospital in Gisenyi, Kivu Peace View Hotel welcomes guests with a restaurant and bar.",50,50,International,,784488576,nyundocasfx@yahoo.fr
Kingfisher Journeys Ltd,Tour operator/Travel agent/Tour guide,Tour operator,Western Province,Rubavu,https://tourismregulation.rw/en/entity/profile/1059/,Licensed,"Kingfisher Journeys operates adventure activities in Rwanda including kayaking, canoeing, trekking, mountain biking and will add new activities in due course. The company also arranges tours and itineraries for FIT and tour operator clients visiting Rwanda.",0,0,,www.kingfisherjourneys.com,0783811918,steve@kingfisherjourneys.com
AMAHORO APARTMENT LTD,Accommodation entity,Serviced apartment,City Of Kigali,Kicukiro,https://tourismregulation.rw/en/entity/profile/1153/,Licensed,"The AMahoro Apartment is an 8 rooms, comfortable apartment  situated in the Heart of Kicukiro District.The  apartment is arranged on two floors, without a lift. On the ground floor, apart from the reception, there is a comfortable lounge where you can sit and drink tea, or just read. There is also a splendid terrace, where, you can relax and immerge yourself from morning on wards in the atmosphere of  Gikondo daily life. The rooms are arranged on the first, second floors. On the second floor, there is also a delightful terrace available for the use of guests,. The apartment  provides an internet point, and a free Wi-Fi service",8,8,,,0784540428,angea85@yahoo.com
KIGALIVIEW HOTEL & APARTMENT LTD,Accommodation entity,Town hotel,City Of Kigali,Nyarugenge,https://tourismregulation.rw/en/entity/profile/602/,Licensed,"Kigaliview Hotel & Apartment ltd is a hotel with 42 standard rooms divided into :15 twins,15 doubles rooms,and 12 singles standard rooms,in addition it has 8 -2bedroomed serviced apartments self contained.The main buildings has one restaurant and bar with rooms on top,where by guest use lifts to access there rooms and stairs are also available in case lifts is broken down.There are two conference rooms with a capacity of 150 participants and 80 participants respectively.The hotel has a swimming pool,two steam baths and 2 massage rooms with gym,a parking underground of about 18 cars.The extension of the parking are -one in front of the main building about 8 cars and along side of the building about 10 cars.Modern kitchen fitted with modern equipment that enables the chef de cuisine to cook international cuisine or dishes.The hotel Provides anglo- american breakfast and continental breakfast,buffet lunch time and ala carte  menu during dinner,it has high speed wireless internet in the whole compound,24hr cctv cameras,24hour in operation it has three shifts ,24 hour hot water system.",50,83,International,www.kigaliviewhotel.com,+250786006274/+250789000025,reservationskigaliviewhotel@gmail.com
YES DAY INN LTD,Accommodation entity,Motel,Eastern Province,Gatsibo,https://tourismregulation.rw/en/entity/profile/856/,Licensed,"Yes Day Inn Ltd Is a motel located in the eastern Part of Rwanda , not far from Akagera National Park and on the high way Kigali -Kampala  via Kagitumba Board. It is a self contained motel with all accommodation facilities, coupled with tight security one will need while staying there. You cant afford missing a visit to the Yes Day Inn ltd. The motel also has natural beautiful gardens , excellent enough for weddings and other various parties which makes YES DAY INN LTD  a unique INN  in the eastern part of our nation Rwanda. Pay us a visit , you will enjoy!!!",14,14,African,,0788823266,yesdayinn@yahoo.com
Global Engagement Institute Rwanda,Tour operator/Travel agent/Tour guide,Tour operator,City Of Kigali,Gasabo,https://tourismregulation.rw/en/entity/profile/877/,Licensed,"The Global Engagement Institute Rwanda (GEI) provides international students and professionals with short-term study abroad, internship and professional development programs in Rwanda. GEI organizes all the logistics of the programs including the accommodation, transport and meal arrangements as well as tourism activities.",0,0,,https://www.global-engagement.org/,+250 (0)782-265848,yvan@global-engagement.org
SNOW HOTEL,Accommodation entity,Town hotel,Northern Province,Musanze,https://tourismregulation.rw/en/entity/profile/348/,Licensed,"SNOW HOTEL has 23 rooms is located in musanze town near of road is arranged on three floors without lift.on the ground floor apart from reception there is thrre comfortable rooms ,from first floor up to third floor there is also comfortable rooms especially have wonderfull terrace where you can sit and have different view,city view when you are at front side and mountain,volcanoes view when you are at behind side breakfast is served in the restaurant on ground floor SNOW HOTEL also provides free WI-FI service",23,31,,www.snowhotelrwanda.com,+250789055903,snowhotel@yahoo.com
"BON SEJOUR/AMACUMBI ""LODGE""",Accommodation entity,Serviced apartment,Northern Province,Musanze,https://tourismregulation.rw/en/entity/profile/858/,Licensed,"BON SEJOUR/AMACUMBI ""LODGE"" is a guest house located in Musanze City. It is experienced in providing high quality service and accommodation facilities to different types of guests.",10,12,,,0788450928,kayitesiviviane52@gmail.com
FAR TREK AFRICA SAFARIS LTD,Tour operator/Travel agent/Tour guide,Tour operator,City Of Kigali,Gasabo,https://tourismregulation.rw/en/entity/profile/874/,Licensed,FAR TREK AFRICA SAFARIS is a tour company based in Rwanda whose mandate is to share memorable holiday and vacation experiences.,0,0,,www.fartrekafricasafaris.com,0784589841,isaac@fartrekafricasafaris.com
ONE WORLD TRAVEL AND TOURS LTD,Tour operator/Travel agent/Tour guide,Travel agent,City Of Kigali,Nyarugenge,https://tourismregulation.rw/en/entity/profile/861/,Licensed,"One World Travel and Tours is a Travel Management Company offering Outbound Travel and Tours services. Based in Kigali, Rwanda, our team has over 15 years travel experience. We are energetic, highly motivated, knowledgeable, and professional. We use the latest technology, and have a strong and trusted relationship with our partners including domestic and international suppliers, guides, hotels , lodges, and airlines. We specialize in Air ticketing reservations and holiday / Vacation packages (IATA Certified Travel Agency )and we arrange all travel services, and ensure budget and specifications are met.",0,0,,http://www.oneworldtravel.rw,+250788314126,oneworldrw@gmail.com
ISAAC SEMUSATSI,Tour operator/Travel agent/Tour guide,Tour guide,City Of Kigali,Gasabo,https://tourismregulation.rw/en/entity/profile/936/,Licensed,"I am a Rwandan tour guide with high knowledge of the history, economic, geographic, natural and social status of Rwanda and its neighboring countries. I communicate in english, french, arabic and a little chinese. I am in love with nature. My fascinations also include networking and connecting with people from different walks of life. I am for sustainable and profitable tourism.",0,0,,,0784589841,hakaifahgroupltd@gmail.com
Hakorimana Jean Bosco,Tour operator/Travel agent/Tour guide,Tour guide,City Of Kigali,Kicukiro,https://tourismregulation.rw/en/entity/profile/862/,Licensed,please provide your own information,0,0,,,0788782743,jeanboscohakorimana@gmail.com
Colours Club Spa & Garden Resort,Accommodation entity,Town hotel,City Of Kigali,Gasabo,https://tourismregulation.rw/en/entity/profile/1020/,Licensed,"Colours Club is the best place in Kigali for budget accommodation with value for money services. It hosts 8 clean rooms with Double/Single/Bunk Beds, Attached Toilets, Chairs and Cupboards. Breakfast and Wi-Fi is Free for guests staying at Colours Club. It also hosts Garden Restaurant with multiple sitting arrangements, laptop friendly work space and rich menu of more than 215 items from International, Indian, Rwandan, and other popular cuisines. Guests can enjoy full range of alcoholic or non-alcoholic drinks at Colours Club beautiful bar. Various types of Relaxing massages, Body scrub, Turkish Hamaam, Facial, Waxing and other services are available at reasonable prices. Guests can enjoy music, movies and sports entertainment on large screen projector. It has a beautiful garden with kid’s water shallow pool, craft corner and play park. Colours Club garden provides pleasant atmosphere suitable for parties, events and romantic dining. Friendly Escort service for Kigali city and upcountry can be availed on request.",8,14,"BBQ,Chinese,Indian,Italian,Pizzeria,Rwandan & International,Soups & Salads,Snacks,Vegan/Vegetarian",www.facebook.com/ColoursClubKigali,+250788521369,jatinusm@rediffmail.com
ZEN ORIENTAL CUISINE,Restaurant/Bar/Nightclub,Restaurant,City Of Kigali,Gasabo,https://tourismregulation.rw/en/entity/profile/774/,Licensed,"The Zen Oriental Cuisine Restaurant is a Fine dining Restaurant, situated in the most happening place in kigali and an upmarket place Nyarutarama. The Restaurant servers your appetite with mouth watering cuisine like Chinese, Thai, Japanese & Indian cuisine. The Restaurant has a Bar where patrons can relax and unwind from their hard day of work.",0,0,"Asian,Chinese,Indian,Japanese,Thai",www.zenkigali.com,0781924793,zenkigali@gmail.com
NEW GARDEN GUEST HOUSE Ltd,Accommodation entity,Motel,Western Province,Rubavu,https://tourismregulation.rw/en/entity/profile/1169/,Licensed,"New Garden Guest Houseis set in Rubavu, 12 km from Scenic Route. Boasting a 24-hour front desk, this property also provides guests with a terrace. The accommodation features a concierge service, and buying tickets for guests. We speak your language!",10,10,Rwandan,,0782177447/0788747013,munyandekwejeanbosco@gmail.com
SAFALI Peter,Tour operator/Travel agent/Tour guide,Tour guide,City Of Kigali,Gasabo,https://tourismregulation.rw/en/entity/profile/866/,Licensed,Safali Peter is local and regional guide for a period of more than 10years. he is passionate about tourism and conservation and he is willing to keep improving his career.,0,0,,,0788590721,petersafari10@gmail.com
AMIGOS TOURS & TRAVEL AGENCY LTD,Tour operator/Travel agent/Tour guide,Travel agent,City Of Kigali,Nyarugenge,https://tourismregulation.rw/en/entity/profile/889/,Licensed,"AMIGOS TOURS & TRAVEL AGENCY is a travel agency situated in Kigali City, Nyarugenge District, CHIC LTD, Ground Floor, ETO Muhima, Opp. Legacy House.",0,0,,,0788356700,amigostourstravel1@gmail.com
World Fusion Investments,Tour operator/Travel agent/Tour guide,Tour operator,City Of Kigali,Gasabo,https://tourismregulation.rw/en/entity/profile/795/,Licensed,"World Fusion Tours strives to provide you with unique holiday experiences that truly reflect the local culture of your chosen destination whilst working towards tourism that empowers a community. Striking that balance of a well earned break with a holiday that gives back is what we are all about. ​ Holiday + unique cultural experiences + giving back = socially responsible & sustainable tourism Where do we take you? Current holidays and tours primarily focus on Rwanda with options to include Tanzania, Kenya, Uganda and DR Congo in East Africa and as well as incredible India depending on your interests, time available and budget. What do we offer? Our primary focus of responsible tourism in Rwanda, Tanzania and Uganda include some or all of the following areas: Cultural tourism & study tours Includes traditional music & dance tours, photography tours, social enterprise tours, cooking school tours and festival tours. School & University group excursions We customize our itineraries to meet your study focus areas. Safaris &  Adventures including Mt Kilimanjaro, Gorilla & Chimpanzee treks. Family Travel Creating ever-lasting memories & hands-on learning experiences for the whole family to enjoy. Kigali Day Tours Half and full day experiences in and around Kigali. Photography & Film Production We work with production houses from across the globe looking for a reliable ground partner inc East Africa to arrange your every need including film permits, accommodation, transfers, talent and location scouting.",0,0,,worldfusiontours.com,+250789486348,worldfusiontours@gmail.com
CLASSIC LODGE LTD,Accommodation entity,Vacation hotel or resort,Northern Province,Musanze,https://tourismregulation.rw/en/entity/profile/1165/,Licensed,"Classic Lodge Ltd is a branch Hotel Resort Lodge for Classic Hotel Ltd that is located in Muko Sector, Musanze District, Nothern Province of Rwanda. We are nearest IPRC-Musanze (Nyakimana). It is about 2 km from the Rwanda Military and Peace Academy in Musanze. Offers a variety of services that include; Eco-Accommodation, Restaurant and Bar services, Conference and Wedding Facilities, Night Club, Olypmic Size Swimming Pool for either Olympic or Local Swimming Games, Table tennis, Basket ball, Volley ball, sauna & steam, salon, recreation center, camping site and more.",45,65,"International,BBQ,Chinese,Indian,Other (specify)",www@classicresortlodge.com,0788307337,manager@classicresortlodge.com
WAHEGURU TRAVELS LTD,Tour operator/Travel agent/Tour guide,Travel agent,City Of Kigali,Nyarugenge,https://tourismregulation.rw/en/entity/profile/870/,Licensed,"WAHEGURU TRAVELS is a travel agency situated in Kigali City, Nyarugenge District, CHIC Building.",0,0,,www.wahegurutravels.com,0781446862,kigali@wahegurutravels.com
Master Grill,Restaurant/Bar/Nightclub,Bar,City Of Kigali,Gasabo,https://tourismregulation.rw/en/entity/profile/1087/,Licensed,"Master Grill is a local restaurant (Bar & BBQ) serving up a favorite selection of African dishes swiftly and served by our team of friendly servers. We opened our doors at the end of 2012 in Remera (Kisimenti) and are now one of the leading BBQ outlets in Kigali. We also offer a delightful lunch boasting favorites dishes from across East Africa. We regard our employees are one of the fundamental pillars of our organization and we believe in competitive recruitment and close on-job training.  We also seek to promote internally hence, offering excellent opportunities for career advancement. Our vision is to be consistently clean, tasty, quick, friendly and honest with our clients, improve the livelihoods and careers of our staff as well as support local farmers and business by promoting African recipes specializing in locally grown ingredients.",0,0,"African,BBQ",,0785661173,mastergrill.rw@gmail.com
MUSANTO HOTEL,Accommodation entity,Town hotel,Western Province,Rubavu,https://tourismregulation.rw/en/entity/profile/380/,Licensed,"Hotel Musanto (ETS MRK LTD) is located by the Lake Kivu just 200m from Tam Tam Bar, 30m of Rue Bralirwa, very quiet but not far from the city center and DRC border, it offers a direct view of the lake and its surroundings giving you the freshness from the lake and surrounded by a verdant environment. The hotel has a variety of 23 spacious rooms including 4 Suite , 5 Deluxe rooms ,5 twin-bed rooms , 5 standard rooms and 4 simple rooms. The rooms are well equipped all with internal bathroom with permanent hot water and other sanitary facilities, telephone for internal communication, Wi-Fi, TV with access to different Channels ,  table + chair and mosquito net. Hotel Musanto has also a conference cente that can accommodate up to 30 people. Arriving at the Musanto hotel you will be welcomed by a professional staff ready to help and make your stay the most enjoyable.",23,28,International,www.hotelmusanto.com,0785731905,hotelmusanto@yahoo.fr
PIECE MOTEL Ltd,Accommodation entity,Motel,City Of Kigali,Gasabo,https://tourismregulation.rw/en/entity/profile/875/,Licensed,"Piece Motel is located in Remera sector, near sonatubes roundabout,Down  Road KG1AV to kisimenti , Easily accessible from any corner of city. With a panoramique view to Kigali city the motel features comfortable rooms with broad band WIFI access and flat screen TV. Piece Motel is offer excellent hospitality services, within the motel you can enjoy   wide varieties of Barbecues, Nyamacoma, Chinese  Sizzling and others delicious menu. Piece Motel is a quite location where you can have a selection of alcoholics, non alcoholics and appetizers drinks in good and comfortable atmosphere. We are also offering massage services, hosting Marriages, meeting, events and private dinner facilities in addition to all we are offering a big and safe parking. In Piece we provide a minimum space for comfortable stay; however piece motel was designed for active travelers to meet people and delicious taste of food and drinks from and around the world for an affordable price. If this is your traveling style, let us be a PIECE of your journey.",9,9,"International,African,Chinese",non,+250789539801,pisimotel@yahoo.com
Nshimiyimana Aboubakar,Tour operator/Travel agent/Tour guide,Tour guide,Northern Province,Musanze,https://tourismregulation.rw/en/entity/profile/879/,Licensed,Aboubakar Nshimiyimana is a passionate tour guide in tourism of rwanda as well as in region his goal is to keep providing quality service in guiding and become an international tour guide.,0,0,,,0781266455,aboubanshim10@gmail.com
Centre d'Accueil UMUNEZERO,Accommodation entity,Motel,Northern Province,Musanze,https://tourismregulation.rw/en/entity/profile/919/,Licensed,Umunezero,14,17,Rwandan,www.imbaraga.org,0788639563,mbof2000@yahoo.fr
SEDES SAPIENTIAE HOSTEL Ltd,Accommodation entity,Motel,Southern Province,Huye,https://tourismregulation.rw/en/entity/profile/887/,Licensed,"The SEDES SAPIENTIAE HOSTEL Ltd is an 130 rooms, comfortable hostel, situated in  Huye Town nearest CHUB. The hostel is arranged on four floors of the two buildings, without a lift. On the ground floor, apart from the reception , there is a comfortable lounge where you can sit and drink tea and conference room, or just read. There is also a splendid terrace, where, you can relax and  merge yourself from morning on wards in the atmosphere of Huye daily life. The passengers hostel rooms are arranged on the second building and third  building. There is also another building reserved to accommodate universities girls students .. The hostel provides an internet point, and a free Wi-Fi service",130,130,"African,Rwandan",,0787227585,homesedes@yahoo.com
Hualu hills international travel co.Ltd,Tour operator/Travel agent/Tour guide,Tour operator,City Of Kigali,Nyarugenge,https://tourismregulation.rw/en/entity/profile/894/,Licensed,Hualu hills international travel co.Ltd isi ...... provide notes,0,0,,,0725026666,yanyan21792@gmail.com
Happy Tours Company Ltd,Tour operator/Travel agent/Tour guide,Tour operator,City Of Kigali,Gasabo,https://tourismregulation.rw/en/entity/profile/932/,Licensed,"HAPPY TOURS COMPANY .LTD is an owner-managed company providing tours and travel related service in Rwanda, The company has experience of providing tours and safaris in all segment-individuals, families groups, incentives quality & conferences. Happy Tours ltd. provides and offers a specialty in services activities in: Tours guiding, Transportation, Event management and Air ticketing. HAPPY TOURS.LTD is now operating in all provinces in Rwanda and has future plans to operate in all East African countries and beyond.",0,0,,www.happytourz.com,0788531442,francis.kabucye2016@gmail.com
Mutijima Junior Tim,Tour operator/Travel agent/Tour guide,Tour guide,City Of Kigali,Nyarugenge,https://tourismregulation.rw/en/entity/profile/886/,Licensed,Mutijima Junior is a local and region guide with an experience of more than 10 years he worked with different companies and that experience makes him a competent guide and he is  passionate about tourism and conservation in general.,0,0,,,0788592828,mutijimatim@gmail.com
KATIMA Resto Bar,Restaurant/Bar/Nightclub,Restaurant,Northern Province,Musanze,https://tourismregulation.rw/en/entity/profile/1027/,Licensed,"KATIMA Resto Bar is located i Northern province, Musanze district, Muhoza sector, Nyamuremure cell near parking of Musanze city",0,0,"African,Rwandan",,0788848360,wmukankuranga@gmail.com
WAHEGURU HOLIDAYS LTD,Tour operator/Travel agent/Tour guide,Travel agent,City Of Kigali,Gasabo,https://tourismregulation.rw/en/entity/profile/891/,Licensed,"WAHEGURU HOLIDAYS is a travel agency situated in Kigali City, Gasabo District, Remera-Kisimenti, near Chez Lando Hotel.",0,0,,www.wahegurutravels.com,078146862,waheguruholidays@yahoo.com
Silver motel,Accommodation entity,Motel,City Of Kigali,Gasabo,https://tourismregulation.rw/en/entity/profile/1195/,Licensed,"located in Kigali Silver Hotel is determined to offer accommodation services in our clean and cozy units. We feature a sun terrace and a shared lounge not forgetting the on-site restaurant and bar. At Silver Hotel, we offer 24-hour reception services and daily housekeeping is offered. All our rooms are air-conditioned and installed with a flat-screen TV with satellite channels. Some of our rooms feature view of the city and others have seating areas. There is a desk in all rooms at Silver Hotel while some rooms feature a kitchen and dining areas. Continental breakfast is served to all our guests.",11,13,International,www.silverhotelkigali.com,0781088725,silvermotelrwanda@gmail.com
MUGABE GILLES,Tour operator/Travel agent/Tour guide,Tour guide,City Of Kigali,Gasabo,https://tourismregulation.rw/en/entity/profile/529/,Licensed,"AS TOUR GUIDE FOR TEN YEARS, I HAVE GUIDED AND STILL GUIDING THE TOURISTS FROM THE ALL OVER THE WORD COMING FOR DISCOVERING THE BEST RWANDA'S TOURISM DESTINATIONS, AND MORE TOURISM DESTINATIONS IN THE REGION (EAST AFRICAN COUNTRIES). FOR THESE WHO WANT TO KNOW MORE ABOUT  RWANDA'S CULTURE, HISTORY, SOCIETY, GEOGRAPHIC, WILDLIFE, BIRDS....YOU WILL ENJOY  THE BEST  EXPERIENCE AND THE SERVICES WELL DELIVERED TO YOUR STAYS....",0,0,,,+250 788301505,gillesm2020@gmail.com
DESTELLA Ltd,Accommodation entity,Lodge,Eastern Province,Kayonza,https://tourismregulation.rw/en/entity/profile/897/,Licensed,"The Destella  is a Guesthouse with 4 rooms, comfortable , situated in the heart of Kayonza Town. The Guesthouse is arranged in two houses.  apart from the reception, there is a comfortable lounge where you can sit and drink tea, or just read. There is also a splendid terrace, where, you can relax and immerge yourself from morning onwards in the atmosphere of Kayonza daily life. .. The buffet breakfast is served in the restaurant hall. The Guesthouse provides an internet point, and a free Wi-Fi service.",4,4,African,,0788825220,destellalimited@gmail.com
LA NATURA GUEST HOUSE,Accommodation entity,Villa,Northern Province,Musanze,https://tourismregulation.rw/en/entity/profile/904/,Licensed,"La Natura Guest House located in Musanze District, Northern Province. It is not far from Musanze town and located on the main road to Gisenyi. It has a volcanoes view and a garden helps to relax and enjoy the climate.",8,10,Snacks,,0788266629,vitalmanirakiza@gmail.com
TOURIST REST HOUSE,Accommodation entity,Motel,Northern Province,Musanze,https://tourismregulation.rw/en/entity/profile/900/,Licensed,"TOURIST REST HOUSE  is an 6 rooms, comfortable  situated in the heart of MUSANZE Town. . The buffet breakfast is served in the restaurant. The hotel provides an internet point, and a free Wi-Fi service.s an 6rooms, comfortable hotel, situated in the heart of MUSANZE Town.",6,6,"African,Rwandan",,07885227990,touristresth@gmail.com
SUN SHINE TRAVEL AND TOUR SERVICE LTD,Tour operator/Travel agent/Tour guide,Travel agent,City Of Kigali,Nyarugenge,https://tourismregulation.rw/en/entity/profile/898/,Licensed,"SUN SHINE TRAVEL AND TOUR SERVICE is a travel agency situated in Kigali City, Nyarugenge District, Avenue Du Commerce, Opp.Librairie Caritas.",0,0,,,0783867795,sunstravel@yahoo.com
heaven boutique hotel,Accommodation entity,Villa,City Of Kigali,Nyarugenge,https://tourismregulation.rw/en/entity/profile/988/,Licensed,"Villa is a 12 rooms part of the boutique hotel, it is arranged on two floors, without a lift, the area is specifically arranged for accommodation.",12,14,,heavenrwanda.com,+250 782269333,info@heavenrwanda.com
PEPONI LIVING SPACES,Accommodation entity,Serviced apartment,City Of Kigali,Gasabo,https://tourismregulation.rw/en/entity/profile/854/,Licensed,"Peponi aims to be an affordable yet friendly accommodation for travelers coming to Kigali. Peponi offers mainly three categories of accommodation:- Apartments: We have two and three bedroom apartments for daily rent. The apartments have their kitchen, living area, dining area, and multiple balconies. Rooms: We have both self-contained rooms and rooms with shared toilet facilities. Beds: Peponi has very well appointed dormitories where travelers can rent a bed space. Peponi is situated in the Kagugu area in Kigali. We are well connected by public transport to all parts of Kigali. We have a pool and restaurant and we also provide high-speed internet connectivity to its customers.",16,40,Rwandan & International,www.peponi.rw,0786 442077,info@peponi.co
EASTLAND HOTEL,Accommodation entity,Town hotel,Eastern Province,Kayonza,https://tourismregulation.rw/en/entity/profile/931/,Licensed,"The EASTLAND HOTEL  is an 20 rooms, comfortable hotel, situated in the heart of KAYONZA TOWN. The hotel is arranged in ordinary buildings .  apart from the reception, there is a comfortable lounge where you can sit and drink tea, or just read. There is also a splendid terrace, where, you can relax and immerge yourself from morning onwards in the atmosphere of Kayonza daily life.  from where you can enjoy the wonderful view. The buffet breakfast is served in the restaurant on behind of reception . The hotel provides an internet point, and a free Wi-Fi service.",20,125,International,,0788308103,eastlandhotel@yahoo.com
GO GISENYI TOURS LTD,Tour operator/Travel agent/Tour guide,Tour operator,Western Province,Rubavu,https://tourismregulation.rw/en/entity/profile/926/,Licensed,We offer a professional activities to our customers for lifetime experience by Hiking and Biking the congo nile trail . Coffee tours Wild life tours community walk city tours,0,0,,www.gogisenyi.wordpress.com,0788704084,gogisenyitours@gmail.com
Urumuli Motel,Accommodation entity,Motel,Northern Province,Musanze,https://tourismregulation.rw/en/entity/profile/933/,Licensed,"Family and Friend has URUMULI  MOTEL,a beautiful place with 12 comfortable rooms. URUMULI MOTEL is located in Musanze district near the central Market GOICO and the car station. Apart the reception there is a chic restaurant with a diversity in the menu. A good bakery is also available for an enjoyable breakfast in place or to takeaway. We do also package for those who love to discover the beauty of the NORTH PROVINCE. The Motel provides a free Wi-Fi service and good cars (4x4) at an affordable price.",12,18,International,,+250784674800,ffurumuli@gmail.com
Gorilla Adventure Tours ltd,Tour operator/Travel agent/Tour guide,Tour operator,City Of Kigali,Kicukiro,https://tourismregulation.rw/en/entity/profile/903/,Licensed,"Gorilla Adventure Tours is one of  Gorilla tours and Wildlife tour operator based in Rwanda, East Africa with experience in gorilla tours  and other tourism packages like Accommodation, transport  and Tourism activities in Rwanda.   we are located at KK 18 AVE  in Jesus is Able building 3rd floor room c1 We at Gorilla Adventure tours are passionate about Gorillas and we strive to ensure you get the most memorable Gorilla Trekking experience. Whether you prefer gorilla tracking, exploring Rwanda with one of the other East African countries, everything is possible! We will tailor your safari to your individual needs. Gorilla Adventure tours is all about incredible experiences. We plan, your safaris to  through Rwanda and Gorilla Adventure tours  is a one-stop shop for all gorilla tours and wildlife safaris in Africa, with the best rates. We offer custom gorilla trekking safaris in Rwanda. carefully planned to offer the most incredible and affordable packages.  We operate a range of state of art safari vehicles manned by well-trained and experienced local tour guides. Our experience in organizing Rwanda wildlife tours and primate safaris especially chimpanzee, golden monkeys, tree climbing lions and gorilla trekking tours; and cultural safaris, can be attributed to our great team spirit.",0,0,,www.gorilla-adventuretours.com,07884117114/0781449091,info@gorilla-adventuretours.com
Richard NIYOMWUNGERI,Tour operator/Travel agent/Tour guide,Tour guide,City Of Kigali,Nyarugenge,https://tourismregulation.rw/en/entity/profile/902/,Licensed,Am called Richard Niyomwungeri  I've been in tourism sector since 2003 after studying high school for 10 Years I decided to go back in academic while I got tourism Certificate secondary level 2013 in private candidate. now  am bachelor's degree holder in Travel and Tourism Management.,0,0,,,+250788355160,richepye@gmail.com
WOLF DMC,Tour operator/Travel agent/Tour guide,Tour operator,City Of Kigali,Kicukiro,https://tourismregulation.rw/en/entity/profile/730/,Cancelled,"WOLF-dmc is passionate to create life-changing journeys . Experience , Raw, Style, Quality, Service Discover breath-taking landscapes Encounter amazing wildlife.",0,0,,http://wolf-dmc.com/,+250780863618,info@wolf-dmc.com
Wailers Ltd,Accommodation entity,Motel,City Of Kigali,Kicukiro,https://tourismregulation.rw/en/entity/profile/916/,Licensed,"Wailers Ltd is a lodging establishment located between former Alphapalace hotel, now AIMS African Institute of Mathematical Sciences and Mount Meru petrol station, opposite side of Grand Legacy hotel; KK188St. All our 33 rooms are situated on the ground floor and have separate shower rooms and toilets. We serve continental breakfast.",33,35,,,0738769655,info@wailersguest.com
Bucyana Jean Paul,Tour operator/Travel agent/Tour guide,Tour guide,City Of Kigali,Kicukiro,https://tourismregulation.rw/en/entity/profile/908/,Licensed,Bucyana Jean Paul is a Driver Guide with an experience of more than 6 years in tourism and hospitality industry. he worked with different companies and he is passionate about tourism and conservation,0,0,,,0788493396,bucyanajeanpaul200@gmail.com
Bucye David,Tour operator/Travel agent/Tour guide,Tour guide,City Of Kigali,Kicukiro,https://tourismregulation.rw/en/entity/profile/912/,Licensed,Bucye David is a professional tour and driver guide with an experience of more than 10 years in the  industry he is passionate about tourism and conservation.,0,0,,,0788691014,bucyedavid01@gmail.com
Ombeni Mukunzi Jean Bosco,Tour operator/Travel agent/Tour guide,Tour guide,City Of Kigali,Gasabo,https://tourismregulation.rw/en/entity/profile/921/,Licensed,Ombeni is a local and regional tour and driver guide  for a period of more than 3 years and he is passionate about tourism and conservation.,0,0,,,0782224677,mukunzi.ombeni@gmail.com
CAYENNE MOTEL,Accommodation entity,Motel,City Of Kigali,Nyarugenge,https://tourismregulation.rw/en/entity/profile/1157/,Licensed,"cayenne is a 10 rooms,motel situated in nyarugenge province in kigali city. there is a comfortable lounge where you can sit and drink tea, or just read. The motel provides an internet point, and a free Wi-Fi service.",10,10,,,0788515097,cayenne.motel@gmail.com
GREAT APARTMENT HOTEL,Accommodation entity,Town hotel,City Of Kigali,Kicukiro,https://tourismregulation.rw/en/entity/profile/930/,Licensed,"The GREAT APARTMENT Hotel is an 19 rooms, comfortable hotel, situated in the Kigali City. The hotel is arranged on two floors, without a lift. On the ground floor, apart from the reception, there is a comfortable lounge where you can sit and drink tea, or just read. There is also a splendid terrace, where, you can relax and immerge yourself from morning onwards in the atmosphere of Kigali daily life. The rooms are arranged on the first, second floors. On the second floor. The buffet breakfast is served in the restaurant on the ground floor. The hotel provides an internet point, and a free Wi-Fi service.",19,19,Rwandan & International,www.great-apartment.rw,0788382272,info@great-apartment.rw
Hotel Maison Sifa,Accommodation entity,Villa,Southern Province,Huye,https://tourismregulation.rw/en/entity/profile/1053/,Licensed,"Si vous venez au Rwanda pour une mission de travail ou pour faire du tourisme, ne manquez pas de visiter la belle ville de Butare ; vous y visiterez le Musée national du Rwanda, l’Université Nationale du Rwanda, le magnifique arboretum de l’Université de Butare. A 1h30 de Butare, vous pourrez visiter la forêt tropicale de Nyungwe, à 40 min de Butare vous visiterez l’ancien palais royal (Urukali à Nyanza). Dans notre hôtel, vous vous y reposerez aussi bien qu’à la maison. Nous ferons tout pour vous faire passer un séjour de rêve. Location de voiture : Nous pouvons aussi vous louer une Toyota Land Cruiser pour vos déplacements dans le pays et si vous le souhaitez, un chauffeur guide pourra vous accompagner.",6,6,African,www.maison-sifa.com,0782128760,francoise@maison-sifa.com
KEVA GUEST HOUSE,Accommodation entity,Villa,City Of Kigali,Kicukiro,https://tourismregulation.rw/en/entity/profile/679/,Licensed,"KEVA GUEST HOUSE is a 13 rooms, comfortable, calm and clean, situated near Kigali international airport in Marembo vilage, Rwimbogo cell and Nyarugunga sector in Kicukiro District. It has a lounge where guests can sit and enjoy the music, take their drinks such us tea, coffee and so on. The room rate include the breakfast. The hotel provides an internet with free Wi-FI, and has a free parking.",13,20,International,www.kevaguesthouse.com,0788771071,kevaguesthouse@gmail.com
Habesha Ethiopian Restaurant,Restaurant/Bar/Nightclub,Restaurant,City Of Kigali,Gasabo,https://tourismregulation.rw/en/entity/profile/941/,Licensed,"Ethiopian Traditional Restaurant, is located in the best neighborhood kimhirura, behind convention center.  The ambiances is amazing and family friendly. We serve Authentic Ethiopian Traditional foods, traditional coffee ceremony , Ethiopian spiced tea and traditional honey wine .",0,0,Ethiopian,www.habeshaethiopian.com,+250 782 638 044,anduyilma@gmail.com
Polaris Safari and Tours LTD,Tour operator/Travel agent/Tour guide,Tour operator,City Of Kigali,Gasabo,https://tourismregulation.rw/en/entity/profile/1158/,Licensed,"Polaris safari and tours limited, based in Nairobi the capital city of Kenya meanwhile has operating office in Uganda,Malawi ,Tunisia and China. It has been approved by Kenya tourism authority in 2013, also a member of Kenya Association of Tour Operators. this year in Rwanda. Polaris safari and tours limited is managed by a group of young and energetic people who has passion and enthusiasm in tourism business. Taking our customer first important and providing them first class service is our permanent target.  We are dedicating to build a professional tour operator in East Africa especially in Kenya, Ethiopia, Tanzania and Uganda, Malawi .Our business includes tour arrangement, official and business arrangement, DIY tour arrangement, ticket booking, hotel and vehicle booking  even visa service.",0,0,,,0787323389,polarisrwanda@gmail.com
MWIZERWAJean Paul,Tour operator/Travel agent/Tour guide,Tour guide,City Of Kigali,Gasabo,https://tourismregulation.rw/en/entity/profile/975/,Licensed,"From the requirement for a Tour guide Licence, I am interested in this Licence as my experience in driving and guiding tourists and hospitality field along with my educational skills and knowledge in Soil and Environmental Science is adequate to support my application. In fact, I have a bachelor degree of Science, Soil and Environment Management department. I am active in tourism industry as a tourist driver/guide in DAC Tours and Travel Ltd (Certified by RTTA) since 1st April 2017 up to now. Being in this field almost two years, I learned more about tourism and good service delivery to our guest and always want to do what I do professionally.",0,0,,,+250788927013,mwizerwa02@gmail.com
Go Kigali Tours LTD,Tour operator/Travel agent/Tour guide,Tour operator,City Of Kigali,Nyarugenge,https://tourismregulation.rw/en/entity/profile/568/,Licensed,"Go Kigali Tours offers in-depth Kigali city tours that give visitors an insight into life in Rwanda. Our mission is to expose visitors to the culture, scenery, customs and crafts of this fantastic city. Our Kigali city tours visit local businesses such as milk bars, markets and restaurants. We are the #1 Rated City Tour Company on TripAdvisor. We also offer day and overnight trips throughout Rwanda.",0,0,,www.gokigalitours.com,0788 316 607,info@gokigalitours.com
LA FONTANA TOURS,Tour operator/Travel agent/Tour guide,Tour operator,City Of Kigali,Nyarugenge,https://tourismregulation.rw/en/entity/profile/959/,Licensed,"La Fontana Tours came into the market in 2017 with the aim of offering tours packages to every individual traveler,corporate, families, educational tours, churches or any tour groups. We aim to position ourselves as a true one stop center for all local and visitors seeking tours services/products. I, the founder and managing Director of La Fontana Tours and the entire team, we are passionate about tourism, we understand the needs of providing a good service to guests and travelers with the great experience. Our services include : Gorilla trek, leisure and cultural activities, gorillas and other parks permits. • Hotel bookings, airport transfers, guiding tours. • Translation when needed We design for our clients the perfect itinerary to let them experience the beauty of Rwanda.",0,0,,www.lafontanatours.com,+250 78 81 80 100 / +250 788 53 22 85,info@lafontanatours.com
AMASIMBI LODGE,Accommodation entity,Lodge,Western Province,Rusizi,https://tourismregulation.rw/en/entity/profile/956/,Licensed,"The AMASIMBI LODGE is an 31, comfortable Lodge, situated in heart of Rusizi town, The rooms  are arranged",31,34,,,0783561000,mukayitesileonile@gmail.com
Wild Nature Discovery Ltd,Tour operator/Travel agent/Tour guide,Tour operator,City Of Kigali,Gasabo,https://tourismregulation.rw/en/entity/profile/948/,Licensed,"Wild Nature Discovery is an independent tours and safaris operator based in Kigali (Rwanda) and operating in East Africa. Wild Nature Discovery provides short excursions, extended safaris, and tours tailor-made to individuals, couples, families, friends & groups of people from all over the world Our vision is to be the most effective and efficient Tours and Safaris Company in Eastern Africa. We endeavor to offer affordable, complete and the most comfortable travel solutions. In addition, we are committed to respect our clients, the quality of the service provided, ensure customer satisfaction We offer quality safaris with reliability and high integrity such as Primate trekking (Gorillas, Chimpanzees, Golden monkey, etc ), Eco-Safaris, Bird Watching, boat trip, Game viewing, Family Holidays, Tented camping , Hiking, City tours, Museums and other memorial centers visit, Cultural Tours, community guided tours etc. We do reservations for lodging and airfare Our personnel are professionally trained and experienced in local tourism industry and conservation. Our fleet is mainly made by land cruiser 4x4 vehicles converted in Seven- seater safari vehicles and designed to the customer's comfort, standard and expectations. These vehicles are the ideal for African safaris.They are equipped with: - Extra raised side windows for better viewing. A window seat is guaranteed for each client - UV tinted toughen glass - Super Deluxe seats designed for comfort, safety (seat belts), enhanced leg room for long distance travel - Full-length photographic roof hatches - Electric Inverters and power outlets 240 AC allowing clients to continue working on laptops or load different devices (phones, cameras, laptops, etc. ...) during the journey. For larger movements e.g. conferences and meetings we use our 32 seater coaches.",0,0,,www.wildnaturediscovery.com,0783867576,info@wildnaturediscovery.com
THINKO TOURS AND SAFARIS LTD,Tour operator/Travel agent/Tour guide,Tour operator,City Of Kigali,Gasabo,https://tourismregulation.rw/en/entity/profile/1002/,Licensed,THINKO TOURS AND SAFARIS LTD (TTS Ltd) is a Tour Company registered by RDB in 2016. It has the vision to be the best tour company in the region and has the mission of giving best services with the aim of promoting the tourism industry.,0,0,,www.thinkosafaris.com,(+250) 788304365,thinkosafaris@gmail.com
DEMI SHERATON,Restaurant/Bar/Nightclub,Restaurant,City Of Kigali,Kicukiro,https://tourismregulation.rw/en/entity/profile/961/,Licensed,"Demi Sheraton is , comfortable restaurant and bar l, situated in the heart of Nyagatere Town. . There is also a splendid terrace, where, you can relax and immerge yourself from morning on wards in the atmosphere of Nyagatare daily life, there is also a delightful terrace available for the use of guests, from where you can enjoy the wonderful lunch and dinner.",0,0,Rwandan,,0788357368,sheratondemi@gmail.com
SAVANA CENTRE LTD,Restaurant/Bar/Nightclub,Bar,Eastern Province,Bugesera,https://tourismregulation.rw/en/entity/profile/1134/,Licensed,"Initially known as Nyamata Telecentre, Savana Centre Ltd  was established to provide to the Bugesera community and visitors a combination of Meeting, learning and relaxing environment. The centre provides meeting facilities, accommodation(self contained and shared rooms),meeting and workshop facilities(Different sizes),restaurant , Bar,free high speed internet.The centre has wide garden to accommodate various social events. The centre is located in Nyamata city,opposite Nyamata Market and Bank of Kigali.",0,0,Rwandan,http://rtn.rw/savana-centre-2,0788352325,paulbarera@gmail.com
Rosty Ltd,Restaurant/Bar/Nightclub,Restaurant,City Of Kigali,Gasabo,https://tourismregulation.rw/en/entity/profile/987/,Licensed,"Rosty Ltd is restaurant , Bar and nightclub located at Kismenti behind Ecobank.  We have a nice Buffet from 12:00 to 3:00pm on Monday to friday  at Rosty. We do outside catering  in the wedding ceremony. At Rosty place we do karaoke on Thursday and Sunday from 8:00Pm.  We have a live band and best Djs on Friday and Saturday from 7:00pm till late. we have the nicest meat bolls in Kigali.",0,0,African,is not hosted,0788849270,rostyclub@gmail.com
PCG-Gishushu,Accommodation entity,Serviced apartment,City Of Kigali,Gasabo,https://tourismregulation.rw/en/entity/profile/1025/,Licensed,"PCG-Gishushu apartments are about 2.5 Kms from Kigali International airport. They have both single and double bedroom apartments that are comfortable and fully serviced. They are a walking distance from Kigali Convention Centre and within close proximity to a number of restaurants, supermarkets, Banks, clinics and hospitals. They are fully serviced with such services as free Wifi, cold and hot water and do provide both laundry and cleaning services. You can access them on our website-www.pcgapartments.rw",16,16,,,0788303336,siyadema@yahoo.com
APHRODIS HERDOM HOTEL LTD,Accommodation entity,Town hotel,Western Province,Rusizi,https://tourismregulation.rw/en/entity/profile/1022/,Licensed,"APHRODIS HERDOM HOTEL  is located in western province, RUSIZI City,Kamashangi Sector,nearby Kamembe market within 1km from kamembe international Airport, and 3km from DRC main border with better view of Kamembe city and Lake Kivu. We have a better view of lake Kivu. From Kamembe international airport to our motel is about 5 minutes with our shuttle services. Our customers enjoy the supper comfort and warm hospitality at APHRODIS HERDOM HOTEL.",14,14,,www.herdomhotel.com,0786751842,dusabejeand@gmail.com
Munyaneza Innocent,Tour operator/Travel agent/Tour guide,Tour guide,City Of Kigali,Kicukiro,https://tourismregulation.rw/en/entity/profile/991/,Licensed,Innocent Munyaneza is a Local and Regional Tour and driver guide and he is passionate about tourism and conservation with an ambition of becoming an international Tour guide.,0,0,,,0781599543,innocentkelvin9@gmail.com
FILAO BAR,Restaurant/Bar/Nightclub,Bar,City Of Kigali,Gasabo,https://tourismregulation.rw/en/entity/profile/972/,Licensed,"FILAO BAR situated in Gasabo near Apaper. Filao have beverages(beer,wine, liquor,...),and barbecue(chicken,fish,brochette,...). it also have a good place to sit , televised sports etc. Please join Filao. WELCOME",0,0,BBQ,www.filaobar.com,0782844030,niyoth@yahoo.fr
AFRICAN UNIQUE SAFARIS AND TOURS,Tour operator/Travel agent/Tour guide,Tour operator,City Of Kigali,Gasabo,https://tourismregulation.rw/en/entity/profile/801/,Licensed,"African Unique Safaris and Tours, we specialise in tour packages in Rwanda National parks and other related activities.",0,0,,www.africanuniquesafaris.com,0786233859,victor@africanuniquesafaris.com
Hermosa Life Tours and Travel,Tour operator/Travel agent/Tour guide,Tour operator,City Of Kigali,Nyarugenge,https://tourismregulation.rw/en/entity/profile/1163/,Licensed,"Hermosa Life Tours & Travel is an indigenous East African Rwandan tour operator specialized in tours and travel arrangements. Hermosa means “beautiful” in Spanish. Hermosa Life is a full-service tourism agency that provides business and leisure travelers with expert advice, guides and tourism services. We offer a variety of travel services in Rwanda, and the rest of East Africa. We are fully registered by Rwanda Development Board (RDB), a member Rwanda Tours and Travel Association as a privately owned Rwandan Tour Operator with our head office in Kigali, Rwanda We offer high quality tours and travel services locally and regionally (East Africa). At Hermosa Life Tours and Travel, we pride ourselves on our customer service, and the standard of excellence that we give to our clients. We prioritize educational, experiential and inspirational visits. We strive to assist visitors in understanding the country, learning about its history, people and culture. We provide cultural and educational tour programs for individuals and organizations, academic institutions, corporations, international networks, incentive travel clients and individuals. Our itineraries are tailor-made to accommodate the specific demands, needs and budget of each client.",0,0,,http://hermosalifetourism.com/,+250788306309,info@hermosalifetourism.com
SHAMMAH GUEST HOUSE LTD,Accommodation entity,Motel,City Of Kigali,Kicukiro,https://tourismregulation.rw/en/entity/profile/1263/,Licensed,"SHAMMAH GUEST HOUSE IS Located in Kicukiro District ,in Masaka Sector near of Dubai port. have conferance room ,Accommodation ,Restorent Bar.",8,8,"African,American,French,Rwandan",,+250788534173,sguesthouse24@gmail.com
The HUT Restaurant & Boutique Hotel,Restaurant/Bar/Nightclub,Restaurant,City Of Kigali,Gasabo,https://tourismregulation.rw/en/entity/profile/811/,Licensed,"The Hut is a restaurant as well as boutique hotel. With a ride variety of cuisine, including fresh seafood and fish and breads baked daily on site. Their menu boasts a wide variety of well-spiced curries, catered to represent flavors from all around the world. Staff will compensate for food allergies, and you can finish off a meal with a dip in the on-site pool. The Hut in Kigali provides accommodations with an outdoor swimming pool and a garden. The property is within 1.1 km of Kigali Centenary Park and 2.3 km of MTN Centre Kigali. Guests can use a shared lounge.  Each room is equipped with a private bathroom and Toilets. All guest rooms include a flat-screen TV with satellite channels. A continental or à la carte breakfast is served at the property.",0,0,"International,BBQ",,0783419980,thhutrwanda@gmail.com
BAHINTASI Eugene Bridge,Tour operator/Travel agent/Tour guide,Tour guide,City Of Kigali,Gasabo,https://tourismregulation.rw/en/entity/profile/1282/,Licensed,Tour Guide,0,0,,,0788379950,eugene.bridgeb@gmail.com
simba voyages ltd,Tour operator/Travel agent/Tour guide,Travel agent,City Of Kigali,Gasabo,https://tourismregulation.rw/en/entity/profile/1277/,Licensed,the office is situated at KBC prime location in town,0,0,,,+250786775434,mukesh.moolchandani@gmail.com
Urimubenshi Jean Claude,Tour operator/Travel agent/Tour guide,Tour guide,City Of Kigali,Kicukiro,https://tourismregulation.rw/en/entity/profile/1284/,Licensed,Tour guide,0,0,,,0788794791,uriclaude1@gmail.com
AMAZING AFRICA ECO-TOUR,Tour operator/Travel agent/Tour guide,Tour operator,City Of Kigali,Kicukiro,https://tourismregulation.rw/en/entity/profile/1172/,Licensed,"AMAZING AFRICA ECO-TOUR We offer different tour ,",0,0,,www.amazingafricaecotours.com,+250788341492,amazingafricaecotour@gmail.com
VILLA ASIMBA,Accommodation entity,Villa,City Of Kigali,Kicukiro,https://tourismregulation.rw/en/entity/profile/1175/,Licensed,"Villa est une maison d'hotes située au centre de Kigali. Elle s'adresse  à tous ceux qui cherchent le calme et la tranquilité, un cadre familial magnigfique et un exellent service. Vous pouvez vous détendre au bord de la piscine, prendre un verre au bar ou discuter avec vos amis ou votre famille  sur la terrasse autour d' un café et des collations ou déguster la cuisine camerounaise et Ivoirienne. La Villa Asimba offre une connectivité permettant aux voyageurs du monde entier de ne pas se sentir isolés. La Villa Asimba est Ideale pour les couples en lune de miel qui veulent un endroit qui leur soit propre. Les familles en vacances apprécieront certainement le bord de la piscine et la vue. Et les voyageurs d'affaires qui ont besoin de confort ne seront pas déçus. A Villa Asimba Vous pouvez",5,5,African,www.villa-asimba.com,+250789629223,villaasimba@gmail.com
CENTRE BETHEL LTD,Accommodation entity,Town hotel,Western Province,Karongi,https://tourismregulation.rw/en/entity/profile/598/,Licensed,"Centre Bethel ltd is, an 20 rooms with 36 beds  town hotel, located  near the head quarter of Karongi District at 1km from main Road Kigali Karongi and at 700m from the main Road Karongi Rubavu. The rooms are arranged on two floors with a dining room on the ground floor. There are three halls that are used for the events, seminars and workshops.",20,36,Rwandan & International,,0782166233,centrebethel@ymail.com
INGAGI PARK VIEW LODGE,Accommodation entity,Cottage,Northern Province,Musanze,https://tourismregulation.rw/en/entity/profile/1265/,Licensed,"Ingagi Park View Lodge is located on about 10 minutes’ drive to the main entrance of the Volcanoes National Park where gorilla trekking process starts. It is placed in an area of around 3 hectares and due to its privacy it has only 8 spacious chalets in a form of your own natural house. The well build chalets are eco style looking and built with local materials outside which looks attractive to this environment but inside it is more than what you can expect on even a European standard comfort. Every chalet has a private sitting veranda with a wonderful view and surrounding nature, an inside fireplace, a dressing Chair with a look you, small library, Huge private bath room and has a tea/coffee making machine inside.",8,12,International,www.ingagiparkviewlodge.com,0788757937,ingagiparkviewlodge@gmail.com
Heritage Safaris Ltd,Tour operator/Travel agent/Tour guide,Tour operator,City Of Kigali,Gasabo,https://tourismregulation.rw/en/entity/profile/1177/,Licensed,"Heritage Safaris Ltd is a Private Limited company registered under the Rwanda Development Board in 2017. We are located in Nyarutarama-Kigali, on KG 9Av - co-located at Hotel Villa Portofino. The current company ownership is composed of 5 individuals with a share capital of 50 million RWF. Our Current Shareholders are; Mr. Munyawera Swaib, Mr Oboma Diego, Ms Kamwesiga Kamariza Faridah, Mr Byamukama George and Ms. Uwera Sifa. It is a 100% wholly owned Rwanda firm. Heritage Safaris Ltd (HSL) provides individual and group travel to leisure clients. Services and products provided by HSL include; •	Pre-arranged tours packages (game drives, volcano hiking, gorilla trekking, Chimpanzee tracking, vacation and honey-moon tours, boat rides) that are customized according to clients needs; •	Travel consultation; •	Accommodation and lodging reservations; •	Travel and ticketing advice to clients. We provide pre-arranged (Tailor made )services in such a way that travelers are be able to select areas of interest based on their preferences and subsequently identify destinations to visit. The intention is to provide customers with access to a diverse range of travel destinations with real time information to make informed choices. We offer a variety of services for our clients to not only go for sight-seeing, but to provide them with memorable experiences through special treatment provided by our professional driver guides and suitable activities that to help them connect with nature, culture and history. For more info, check our website page https://www.heritagerwandasafaris.com/",0,0,,https://www.heritagerwandasafaris.com/,+250788860036,heritagesafarisonline@gmail.com
Centre Saint Vincent Pallotti LTD,Accommodation entity,Town hotel,City Of Kigali,Kicukiro,https://tourismregulation.rw/en/entity/profile/1075/,Licensed,"Saint Vincent Pallotti  Center Ltd,  has been established by the  Pallottin Fathers of the Saint Family Province in 2014. It has 38 rooms, a big hall of a capacity of 300 people and two small rooms of 50 people. Inside there is a cafeteria and a refectory. The Centert has a double mission: Formation and Pilgrimages. The Center has for Saint Vincent Pallotti Patron, the Founder and Protector of the Union of the Catholic Apostolate. His absolute will was to proclaim Jesus' gospel to the whole people, that motivated our choice because our Center welcome all people without distinctions. Our Center is localized in the city of Kigali, Capital of Rwanda, in a calm region of Gikondo that is to 5 km of downtown, to 10 km of the International airport of Kanombe and has 162 km of Kibeho, land of pilgrimages and of the apparitions of Our Lady of Kibeho, the Mother of the Verb.",38,78,Rwandan & International,www.centrestvincentpallotti.com,0787555755,pallottihouse@yahoo.com
Silverback Africa Excursions,Tour operator/Travel agent/Tour guide,Tour operator,City Of Kigali,Gasabo,https://tourismregulation.rw/en/entity/profile/1179/,Licensed,"We are a destination management company based in Rwanda that curates’ rich experiences that go beyond travel and extend into the community. We design comprehensive packages which are highlighted by signature experiences that caters to your special interests – Gorilla trekking, wildlife safaris, birding, hiking, cycling, nature retreats, coffee tours, historical and cultural exploration, art and craft – We are committed to your total satisfaction!",0,0,,www.silverbackafrica.com,+250789806428,info@silverbackafrica.com
Nyagatare Diplomat Hotel,Accommodation entity,Town hotel,Eastern Province,Nyagatare,https://tourismregulation.rw/en/entity/profile/524/,Licensed,"Nyagatare Diplomat Hotel is 28 rooms hotel all Air conditioned with safes for safe keeping as well as intercom phones in all rooms.It has junior suite, deluxe rooms and twin rooms all equipment with toilette and amenities It has two conference rooms that can house 100 and 30 people respectively.It has a swimming pool and healthy club.It has two bars and a restaurant and many times people can have their drinks in the hotel gardens.It has front office open 24 hours and have two Kitchen all open 16 hours daily.It has a night club for entertainment for VVIP and club lounge.It has bouncing castle for all children and pr We provide secure Free private parking on site 24 hours.The nearest airport is Kigali International Airport, 77.2 km from the property.",28,30,"International,Asian",www.kigalidiplomathotel.com,0788503965,semugazaa@yahoo.com
CENTRE D'ACCUEIL SAINT FRANCOIS XAVIER Ltd,Accommodation entity,Town hotel,Western Province,Rubavu,https://tourismregulation.rw/en/entity/profile/613/,Licensed,"Centre d’Accueil Saint François Xavier is a premier property located in Rubavu Town (also known as Gisenyi) in Western Province of Rwanda. We are located just a few meters from the lovely beaches of Lake Kivu. We offer superior accommodation with 25 superb rooms in four different classes. All rooms are equipped with Internet (wi-fi), room service and a full continental breakfast is included in the cover fee. We have our restaurant and bar-Resto.",30,30,International,,784488576,nyundocasfx@yahoo.fr
EPIC Hotel and Suites,Accommodation entity,Vacation hotel or resort,Eastern Province,Nyagatare,https://tourismregulation.rw/en/entity/profile/1031/,Licensed,"EPIC HOTEL & SUITES Hotel Profile CityBlue by EPIC Hotel & Suites Overview: As the third addition to Rwanda’s CityBlue family, the CityBlue Epic Hotel & Suites offers modern aesthetic appeal for the business traveller and leisure guest. Opened in December 2017 this hotel features 76 edgy rooms as well as conference and banqueting facilities. Together with top-notch basketball and tennis courts, the swanky hotel bar and restaurant provide enhanced guest experiences for the seasoned traveller. This hotel is designed to meet the accommodation needs of a wide range of clientele and budgets. Whether seeking the utility of a standard room, the warmth of a family suite or presidential decadence, CityBlue Epic Hotel & Suites, Nyagatare, has a place for you. The 76 rooms are configured as follows: •	33 Standard rooms •	21 Superior Rooms •	7 Family Rooms •	1 Standard Suite •	4 Superior Suite, •	9 Exec Suite •	2 Presidential Suites Location: CityBlue EPIC Hotels & Suites is located in the Eastern Province District of Nyagatare; 149 KM from Kigali International Airport and 50KM from the Rwanda-Uganda border point of Kagitumba. It is 126km from the Akagera National Park, making it a favourites for safari destination seekers. Payment: The hotel accepts cash, Visa and MasterCard, bank transfer and Local Purchase Order. General Amenities: •	24 HR reception and concierge •	Complimentary high speed Wi-Fi •	CCTV surveillance •	Wheelchair access •	Conferencing and banqueting facilities •	Children’s entertainment facility •	Business centre •	Medical assistance •	Fitness centre, beauty salon, sauna and spa •	Adult and children swimming pools •	2 flood lit tennis courts •	Floodlit basketball court •	Babysitting services •	Secure parking Room amenities: •	Safe •	Air conditioning •	Satellite flat screen TVs •	24 HR room service •	Coffee station •	Mini bar •	Laundry services Conferencing and Banqueting: CityBlue EPIC Hotel and Suites boasts 5 executive meeting with a capacity of 18 pax and 1 ball room with a capacity of 250 pax using the different sitting styles. Food and Beverage outlets The Social Restaurant:  The Social Restaurant offers contemporary global cuisine with African, Indian, Italian and other menu items. Hours of operation are Breakfast- Weekdays from: 06:30-10:30AM. Breakfast- Weekends from: 06:30-11:00AM. Lunch -12:00 noon- 3:00PM daily Dinner- 6:00 -10.00PM daily Nelson’s Bar: Nelson’s bar allows opens up to stunning vistas of the Nyagatare landscape littered with hills and endless savannah. Both nonalcoholic and alcoholic beverages are served here including expertly mixed cocktails and mocktails crafted by the in-house mixologist. Hours of operation are from 12:00 noon – 11:00PM daily. Pool Deck bar and restaurant: The Deck at CityBlue EPIC Hotel & Suites is largely al fresco and is ideal for families with children who would like to take a dip or splash around in the swimming pool. It is open daily from 11:00AM-11:00PM ATRIUM LOUNGE: Located in the airy, well lit and cosy hotel atrium, The Atrium Lounge is excellent for short business meetings over coffee away from the busier alternatives. It is open daily from 11:00AM to 11:00PM Key Personnel General Manager: Mr. Urban Dino F&B Manger:         Mr. Clayton Haylett",76,106,,www.citybluehotels.com,+250 788381409,reservations.epic@citybluehotels.com
CENTRE SAINT JOSEPH HOTEL,Accommodation entity,Town hotel,Eastern Province,Ngoma,https://tourismregulation.rw/en/entity/profile/612/,Licensed,"Centre Saint Joseph is located in Ngoma district in the Eastern province of Rwanda .Our team members are always ready to provide friendly, individualized service, and we are also happy to offer a range of service to meet your needs. From booking to check out we are ready to make your stay as enjoyable as possible. Our Centre has enough bedrooms, offers the best value for quality accommodation. Perfect for families, leisure or business. It Is 2 hours Driving From Kigali International Airport, Kigali Convention Center And Kigali City Center, 2hrs From Tranzania Rusumo boarder . It Allows Guests to Experience the Vibrant Rwandan Culture . Don’t forget our hotel provide FREE Wi-Fi access for residents so you can always keep in touch with business or family and friends while you enjoy your stay with us.",80,84,"International,African,Asian,BBQ,French,Italian,Pizzeria,Rwandan,Rwandan & International,Sandwiches,Soups & Salads,Snacks,Vegan/Vegetarian",www.centresaintjosephkibungo.com,(+ 250)0783967543,centresaintjosephkibungo@gmail.com
The Garden Place Hotel,Accommodation entity,Town hotel,Northern Province,Musanze,https://tourismregulation.rw/en/entity/profile/1181/,Licensed,Hotel with 23 Self contained rooms,23,30,International,www.thegardenplacehotel.com,(+250)781626504,info@thegardenplacehotel.com
TIMELINE TRAVEL AND TOUR AGENCY LTD,Tour operator/Travel agent/Tour guide,Travel agent,City Of Kigali,Nyarugenge,https://tourismregulation.rw/en/entity/profile/1183/,Licensed,"TIMELINE TRAVEL AND TOUR AGENCY LTD is a travel agent situated in Kigali City, Nyarugenge District, CHIC Buildind, First Floor.",0,0,,,0788471386,timelinetraveltour@gmail.com
HATEGEKIMANA JEAN CLAUDE,Tour operator/Travel agent/Tour guide,Tour guide,City Of Kigali,Kicukiro,https://tourismregulation.rw/en/entity/profile/1185/,Licensed,Tour guide,0,0,,,0788583659,hategekimana50@gmail.com
Rajhi tour and travel Ltd,Tour operator/Travel agent/Tour guide,Travel agent,City Of Kigali,Nyarugenge,https://tourismregulation.rw/en/entity/profile/1189/,Licensed,ok,0,0,,,0788815845,rajhitravel@gmail.com
NGENZI Christian,Tour operator/Travel agent/Tour guide,Tour guide,City Of Kigali,Kicukiro,https://tourismregulation.rw/en/entity/profile/1190/,Licensed,NGENZI Christian is an experienced freelancer tour guide with more than 2 years of experience,0,0,,,+250782779398,ngenzi16797@gmail.com
MBONEZA Lucky,Tour operator/Travel agent/Tour guide,Tour guide,City Of Kigali,Kicukiro,https://tourismregulation.rw/en/entity/profile/1191/,Licensed,"Welcome to the land of Thousand hills  Lucky is Rwandan Male private tourists  guide since 2014 I have been working in the tourism industry in Rwanda, and Uganda and worked with Sabyinyo Silver back lodge as a  guide ,and different national parks, Am specialized  in Bird watching, community, culture & historical tours; hiking; climbing volcanoes; travel with Lucky for more experience",0,0,,,+250788971717,nezalucky@gmail.com
Innocent TUYISENGE,Tour operator/Travel agent/Tour guide,Tour guide,Western Province,Rubavu,https://tourismregulation.rw/en/entity/profile/1295/,Licensed,"My name is Innocent TUYISENGE, Male by Sex 28 by Age Rwandan by Nationality and Married. I'm a Young Gentleman with a strong passion in Travel and Tour activities with great ability to develop my career for the better tomorrow. I am able to handle multiple tasks on a daily basis,I always like to be creative by using creative approach to problem solve. I am also a dependable person who is great at time management. On top of that,I'm always energetic and eager to learn new things,I have skills and experience in the same field and I would love to keep my knowledge expanded for better service satisfaction. Above all, Flexibility,Hardworking and Honest become the Hobby of the day.",0,0,,,+250786304334,tuyisengeinnocent3@gmail.com
AMIGO SS LTD,Restaurant/Bar/Nightclub,Restaurant,City Of Kigali,Gasabo,https://tourismregulation.rw/en/entity/profile/1064/,Licensed,"amigo lounge is located at remera we have soft drink, fish dishes, goat dishes there is a comfortable lounge where you can sit and drink tea or just read.",0,0,International,,+250788507017,amigosshop2015@gmail.com
COUNTRYSIDE TOURS - RWANDA Ltd,Tour operator/Travel agent/Tour guide,Tour operator,City Of Kigali,Gasabo,https://tourismregulation.rw/en/entity/profile/1267/,Licensed,"Countryside Tours-Rwanda is an inbound Tour operator based in Kigali city, Rwanda, Central Africa. It offers Kigali city sightseeing and countryside tours in different parts of Rwanda. With its talented and professional tour-guides, Countryside Tours-Rwanda focuses on blending the wide variety of tourist attractions in Rwanda, local cultures in different parts of the country, Community-Based Tourism, adventures and wildlife in Rwandan national parks. While there are pre-packaged itineraries, Countryside Tours-Rwanda also allows for tour customization.",0,0,,www.countrysidetoursrwanda.com,+250785316733,info@countrysidetoursrwanda.com
Kabayija Kenneth,Tour operator/Travel agent/Tour guide,Tour guide,City Of Kigali,Kicukiro,https://tourismregulation.rw/en/entity/profile/1407/,Licensed,Kabayija Kenneth has been in tourism for 4 years and is passionate about wildlife and sustainable tourism. He really pays attention to details and love his job.,0,0,,,0788773592,kabayijak69@gmail.com
Ikaze Rwanda Tour & Travel Services Ltd,Tour operator/Travel agent/Tour guide,Tour operator,City Of Kigali,Gasabo,https://tourismregulation.rw/en/entity/profile/1194/,Licensed,"Ikaze Rwanda Tour & Travel Services Ltd; trading as ‘Ikaze Rwanda’, is a local owned and operated tour and travel company, legally registered in Rwanda, code number 1052 76022 at the registrar’s office. The company’s establishment derived from a long time dream from its owner, to run a fully-fledged tourism business entity to employ himself, while also availing employment opportunities to many other fellow citizens .He was as well motivated by his own industry experience, having been in tourism and hospitality industry for over five years, working at onset as an office coordinator in a private tour firm, hotel receptionist, destination tour guide and later, destination specialist involved in tour planning, costing and execution. The company’s name means a lot, and actually defines its day-to-day operations.  In the local language ‘Kinyarwanda’, Ikaze means ‘Welcome’, a frequent and opening word addressed to visitors when coming to our households, workplaces or going a bit further; when welcoming the bride family during the traditional wedding ceremonies. The Rwandan culture teaches us to care for our visitors, ensure they are well –treated, therefore guarantying they feel home, obviously far away from their own homes!  Ikaze Rwanda simply immerses in this cultural perspective to make any potential guest to Rwanda leaves with a life lasting experience of Remarkable Rwanda and its instinctive hospitality. Our offering portfolio extends well over Remarkable Rwanda to include some of the East Africa’s finest tourist destinations.",0,0,,www.ikazerwandatours.com,"+250781850001, +250788861790",info@ikazerwandatours.com
Eco Community Tours,Tour operator/Travel agent/Tour guide,Tour operator,City Of Kigali,Gasabo,https://tourismregulation.rw/en/entity/profile/1209/,Licensed,"Eco Community Tours is a Rwandan community-centered tour agency dedicated to creating unique experiences that connect travellers with local communities whist remaining cognizant of the necessities of conserving our natural environment and leaving a positive impact on our hosts. Our trips are specifically crafted to get you immersed in the destinations you visit while improving yourself and the local community. It could be planting a tree in the places you visit, interacting with locals and learning how to speak their language or how to prepare local dishes, or simply shopping locally. In a nutshell, scratching beneath the surface and getting invaluable insights into our cultures, our history, our people, and our flora and fauna is what traveling with Eco Community Tours is all about. While our roots lie in Rwanda, our scope ranges comfortably beyond the country’s borders, stretching to other countries in the East African region: Uganda, Kenya, Tanzania, Burundi and the Democratic Republic of Congo (DRC). And in all our trips to these countries, we place a high importance on educating you about the local people and inspiring you to be a more socially and environmentally cognizant traveler. Contact us today for individual, group or customized eco-friendly trips.",0,0,,www.ecocommunitytours.com,0788866438,info@ecocommunitytours.com
SHATECH LTD,Tour operator/Travel agent/Tour guide,Travel agent,City Of Kigali,Nyarugenge,https://tourismregulation.rw/en/entity/profile/1300/,Licensed,shatech ltd is located in makuza peace plazza 3rd floor airticketing and visa application,0,0,,www.shatechtravel.rw,"0788279992,0780546976",shatechinfo@gmal.com
MAKUTANO CLUB AND RESORTS,Accommodation entity,Serviced apartment,City Of Kigali,Gasabo,https://tourismregulation.rw/en/entity/profile/1196/,Licensed,"Makutano club and Resorts is a modern and luxury apart hotel for business and leisure travellers located in Nyarutarama, Kigali. The Hotel is located within 10 minutes’ drive from Kigali International Airport. Makutano Club and Resorts is equipped with 15 furnished spacious apartments of 1 & 2 bedrooms. It offers a magnificent view of the garden and it is within a walking distance to major Offices, Hotels and Restaurants. Complimentary Wi-Fi and parking space offered to all guests. Each room is fitted with a full length window, lampshade, Fanne, fridge, kitchenette distance to banks, shopping arcades, corporate and government offices.",29,29,International,,(+250)780112228,makutanoclub@gmail.com
Akagera Management Company Ltd.,Tour operator/Travel agent/Tour guide,Tour operator,Eastern Province,Kayonza,https://tourismregulation.rw/en/entity/profile/1293/,Licensed,"AKAGERA MANAGEMENT COMPANY Ltd (AMC), is the company that was created through the partnership of Rwanda Development Board and African Parks Network and is responsible for the management of Akagera National Park on day to day basis, since 2010, with the 100% of total revenue going directly into conservation and management of the park. AMC’s mission is to restore, develop and manage Akagera National Park as a functioning savannah ecosystem through biodiversity rehab, sound conservation, and tourism development thereby creating additional benefit for the economy of Rwanda.",0,0,,www.africanparks.org,+250786182871,akagera@africanparks.org
Cleo Lake Kivu Hotel,Accommodation entity,Vacation hotel or resort,Western Province,Karongi,https://tourismregulation.rw/en/entity/profile/1553/,Licensed,"Cleo Lake Kivu hotel has 14 air-conditioned Luxury suites with en-suite bathrooms and a Private Villa that has 4 Luxury suites. Located in Kibuye, a local word meaning “Rock”. Clad largely in local and volcanic stone sourced from the nearby volcanoes of Musanze, It’s design and setting give guests uninterrupted views of the lake and a chance to spot some of the bird and wildlife in the area. All suites offer suitable workspace and Wi-Fi for busy travelers. The hotel is located in the central part of Lake Kivu. Only 130km from Kigali and conveniently located to explore Volcanoes Park where mountain Gorilla tracking can be done and Nyungwe Forest which has 20 of the world’s primate species. The hotel is also the ideal base to explore Lake Kivu and its many islands such as Napoleon Island, Monkey Island, Peace Island and also explore the wildlife and cultures that inhabit the islands and surrounding areas  .",18,18,Rwandan & International,https://cleohotel.rw/,0784 280 999,reservations@cleohotel.rw
KANYINYA HILLS HOTEL,Accommodation entity,Town hotel,City Of Kigali,Nyarugenge,https://tourismregulation.rw/en/entity/profile/1198/,Licensed,"KANYINYA HILLS HOTEL is hotel near of nyabugogo car parking on top of kanyinya hill which provide accomodation, bed and break fast, fine dining restaurant, and reservation.",10,10,"International,African,American,Rwandan,Rwandan & International,Sandwiches,Soups & Salads,Snacks,Vegan/Vegetarian",,0788226033,kanyinyahotel@gmail.com
Mugisha Tours Ltd,Tour operator/Travel agent/Tour guide,Tour operator,City Of Kigali,Kicukiro,https://tourismregulation.rw/en/entity/profile/1171/,Licensed,"Mugisha Tours is dedicated to showcasing the extraordinary beauty of Rwanda. We offer excursions through Rwanda’s stunning countryside, adventures in Rwanda’s three National Parks, Mountain Gorilla trekking, and cross-cultural learning experiences tailored to our clients’ personal interests.",0,0,,www.mugishatours.rw,+250783140000,info@mugishatours.rw
Food & Go,Restaurant/Bar/Nightclub,Restaurant,City Of Kigali,Gasabo,https://tourismregulation.rw/en/entity/profile/913/,Licensed,Cafe serving takeaway drinks and food - Located in Waka Gym in the Pyprus building in Kimihurura,0,0,"Sandwiches,Soups & Salads",,0785825792,d_leatt@yahoo.com
SELAM TRAVEL SOLUTIONS LTD,Tour operator/Travel agent/Tour guide,Travel agent,City Of Kigali,Nyarugenge,https://tourismregulation.rw/en/entity/profile/1332/,Licensed,"SELAM TRAVEL SOLUTIONS offers clients the co-ordination of comprehensive travel itineraries within a 24-hour turnaround time. Selam has a team of highly skilled staff, who have been trained to understand client needs and offer the best options available. Selam has tailor made packages and this gives it the cutting edge in terms of offering clients the most competitive prices. Selam utilises the latest reservations systems to provide immediate feedback to its clients wherever possible. Selam has partnered with reputable tour operators in various destinations to offer the best rates for group and individual tour packages. • Flights • Accommodation • Car Hire • Cruising (Local and International) • Visas – MICE (Meetings and Incentives) • Conferencing • Tours • Local Travelling • Travel Insurance • Hotel Accommodation & Transfers • Same Day Cancellation Services. • Affiliation to All Major Airlines, Hotel Groups and Travel Partners.",0,0,,www.selam-travel.com,+250785713489,selamtravelsltd@gmail.com
ORIENT PARK HOTEL LTD,Accommodation entity,Town hotel,City Of Kigali,Gasabo,https://tourismregulation.rw/en/entity/profile/1007/,Licensed,"INTRODUCTION. Orient Park Hotel is a three star hotel, a modern facility, comfortable and conveniently   located on the main road to the Golf course, the hotel is at 15 minutes from Kigali International Airport, 10 minutes to the Center City and only 5 minutes’ drive away from the famous RWANDA GENOCIDE MEMORIAL CENTER.    We provide the first unique African Food and European kitchen in Rwanda. Our rooms are spacious clean and equipped by coffee machine, fridge and beverages. We offer quick and noble service with our well trained professional staff. View from our restaurant is amazing. Our rooms are spacious, designed and furnished with Jacuzzi, bathroom and toiletries with a sophisticated Western-African interior design in some hotel areas that give you a feeling of being at home. Most of our rooms have a balcony to ensure our guest absolute comfort. The hotel has a total of 16 rooms including 4 standard rooms, 7 double rooms, 4 Suite rooms and 1 Executive Suite. All rooms have a private bathroom, WI-Fi connection, flat screen TV’s, tea and coffee making facilities, hairdryers, Iron box and Ironing board, and are tastefully furnished to create the unforgettable cozy experience of your stay in Kigali. The hotel has one conference hall with the capacity of 80, people per seating, a coffee shop, a restaurant and a pool bar. It has a 24 hrs. Manned reception and a wake-up call service. We offer free airport transfer services to our guests. Town shuttle can be provided upon request. Other facilities within the hotel includes a restaurant with a capacity of 120 people seating comfortably, swimming pool, pool bar, massage services. If you are looking for a place to feel the fresh air, we are the best because we are in the middle of green trees of Nyarutarama, Kigali Rwanda. Orient Park Hotel will allow you to have a memorable visit thank to our African Food Cuisine Restaurant, the fresh air from the pool side bar.",16,20,Rwandan & International,www.orientparkhotel.com,+250722500322,orientparkhotel@gmail.com
MAKARIO SAFARIS,Tour operator/Travel agent/Tour guide,Tour operator,City Of Kigali,Nyarugenge,https://tourismregulation.rw/en/entity/profile/1270/,Licensed,"Makario Safaris is an experienced Tour company based in Kigali, Rwanda that offers Awe inspiring journeys in Rwanda and around East Africa.  From Gorilla Treks to wildebeest migration, you name it, we work with you to manage all elements of your travel in an efficient, cost effective and ethical manner.",0,0,,www.makariosafaris.com,+250 788 770617,info@makariosafaris.com
EAST AFRICA TOURISM AND TRANSPORT SERVICES LTD,Tour operator/Travel agent/Tour guide,Tour operator,City Of Kigali,Kicukiro,https://tourismregulation.rw/en/entity/profile/1204/,Licensed,"EAST AFRICA TOURISM AND TRANSPORT SERVICES LTD (also know as kigalicars.com) Is a tour operator company(based in Rwanda) catering for all corporate, group and leisure travel. Exceptional Service is the cornerstone of our business, understanding individual needs and providing  quality service that ensures client satisfaction is our provity. EAST AFRICA TOURISM AND TRANSPORT SERVICES LTD  guarantees a premium level of travel industry know-how and is staffed by consultants with great experience in the industry.",0,0,,kigalicars.com,+250788308753,infoeatts@gmail.com
NTAGUNGIRA YVES,Tour operator/Travel agent/Tour guide,Tour guide,City Of Kigali,Gasabo,https://tourismregulation.rw/en/entity/profile/1285/,Licensed,tour guide,0,0,,,0788655632,ntagungira30@gmail.com
PALMA VILLAGE,Accommodation entity,Serviced apartment,City Of Kigali,Gasabo,https://tourismregulation.rw/en/entity/profile/1287/,Licensed,Palma village is a business that offers a place to stay while you here in RWANDA. we can give you a room to rest in at affordable price. we are located Kacyiru near King Faisal,14,14,,,+250 788300907,e.ntaganda@gmail.com
YOPOUGON RESTAURANT,Restaurant/Bar/Nightclub,Bar,City Of Kigali,Gasabo,https://tourismregulation.rw/en/entity/profile/1304/,Licensed,"RESTAURANT YOPOUGON HAVE 40 PLACE OF SETTING ONE FLOOR ,TO PREPARE BREAK FAST ,LUNCH AND DINNER ,IT HAS WORKING 17H PER DAY AND PROVIDE FREE WIFI ,SECURITY AND SECURITY IT LOCATED AT KISMENTI NEAR TO THE MIROR HOTEL FOR THE KG 175",0,0,"African,Other (specify)",NONE,0789619873,restauyopougon1@gmail.com
Umurinzi Garden Ltd,Accommodation entity,Serviced apartment,City Of Kigali,Kicukiro,https://tourismregulation.rw/en/entity/profile/1208/,Licensed,to be elaborated later,4,4,Other (specify),,0788305693,ecogci1998@gmail.com
CORMORAN LODGE LTD,Accommodation entity,Lodge,Western Province,Karongi,https://tourismregulation.rw/en/entity/profile/557/,Licensed,"CORMORAN LODGE LTD is an 7 rooms, comfortable lodge, situated of KARONGI DISTRICT. Lodge provide our rooms are equipped with television, wi-fi, mini fridge, bath/shower.",7,10,French,www.cormoranlodge.com,0788301515/0728601515,contact@cormoranlodge.com
KIM HOTEL,Accommodation entity,Town hotel,City Of Kigali,Gasabo,https://tourismregulation.rw/en/entity/profile/1289/,Licensed,"Kim hotel is an 42 rooms hotel Located in Kigali, situated at  1 km from Kigali convention center. The hotel is arranged on four  floors, with  a lift. On the ground floor, apart from the reception, there is a comfortable lobby where you can sit and waiting and  read some news papers.There is also outdoor swimming pool, dining room , bar , terrace , and convention areas.At the hotel, Spacious rooms, basic room commodities such as king size beds, high speed internet connection, mini bars, flat screen TV, Air Condition (A/C) and assorted high quality gadgets such as safety boxes, hair dryers, iron boxes, etc. prompts to provide such a unique and standard operating procedures in providing high quality customer service in hospitality industry in Rwanda.",42,47,,,0788128000,info@kimhotel.com
SUNNY VOYAGE LIMITED,Tour operator/Travel agent/Tour guide,Travel agent,City Of Kigali,Nyarugenge,https://tourismregulation.rw/en/entity/profile/1218/,Licensed,Sunny Voyage  a travel agency  issuing  tickets  for all destinations with all airlines  .,0,0,,,0784112426,sunny.kigali@gmail.com
TOP VIEW RESTAURENT LTD,Restaurant/Bar/Nightclub,Restaurant,City Of Kigali,Nyarugenge,https://tourismregulation.rw/en/entity/profile/1453/,Licensed,"Top view Restaurant,",0,0,African,,0788402020,tetetopview@gmail.com
SilverBird Tours Agency Ltd,Tour operator/Travel agent/Tour guide,Tour operator,City Of Kigali,Gasabo,https://tourismregulation.rw/en/entity/profile/1279/,Licensed,"We are a tour operator domestic company in EAST AFRICA country RWANDA, exactly the great, with extensive experience in the sector of tourism. We speak perfect French, English, we aim to create a cozy, comfortable and exciting environment for our guests. Our staff always offers a reasonable price, we treat our customers as if they were our family and we share with them the warmth of the rwanda hospitality. We invite you to explore our country, where they will discover the way we live, the mixture of rwanda and traditional culture, know the hidden beauty of each place we visited. Our services: -Car Hire -Safari planning and execution -Gorillas & Chimps trekking and Permit -Hotel booking -Airport Transfers We organize the trips to suit the budget of every person throughout the country, both individual and small private groups, groups of friends, companies, couples and families with children. Prepare travel in cars type 4×4 Land fully equipped, comfortable and air conditioned Cruiser. Finally, we are ready to work with all groups and have a great capacity for organization and mobilization, designed as travel routes and custom including any request that we propose. Adventure time and lifetime experience to remember connecting your light networks. Come cheer up and come share with us the travel experience you will never forget always with silverbird Tours //Lifetime Experience//",0,0,,www.silverbirdtours@gmail.com,+250788541703,silverbirdtours@gmail.com
Elegance Hotel,Accommodation entity,Town hotel,City Of Kigali,Kicukiro,https://tourismregulation.rw/en/entity/profile/1222/,Licensed,"The Hotel is an 12 rooms, Comfortable hotel Situated in Kabeza town Near to the Airport .The Hotel is arranged on two floors,without lift.on the ground floor also has the reception Area lounge has also a place where you can have Lunch and drinks apart from that also we have mini bar next to the parking area you can enjoy your terrace and the views of the hotel we also provide the wi-fi services Restaurant available on time",12,12,"African,BBQ",www.elegancehotel.com,0788309806,gasanalex@1974gmail.com
umusambi B&B,Accommodation entity,Villa,City Of Kigali,Gasabo,https://tourismregulation.rw/en/entity/profile/1299/,Licensed,"Umusambi b & b is composed of 6 rooms with bathroom shower, which can acceuillir 13 people, two common rooms for 8 people, located in kigagabaga, kg 315 st, porpose the room with breakfast, each room on the tv wifi, water coffee free tea, there is a fridge with paid drinks. house with garden, swimming pool, panoramic terrace, parking, free airport transfer. Umusambi B & B, is not open to all the public ,, it is a semi-private property, it is reserved for guests staying in the property, Umusambi does not offer meals at noon and in the evening, (no restaurant No menu card) has a bar reserved for guests staying in a room in the property. Private establishment reserved for residents",6,21,,www.umusambi.com,0786478748,desurayhugues@hotmail.com
KAMUGISHA JAMES,Tour operator/Travel agent/Tour guide,Tour guide,City Of Kigali,Gasabo,https://tourismregulation.rw/en/entity/profile/1276/,Licensed,Tour guide passionate about wildlife,0,0,,,0788468292,kamugisha985@gmail.com
PEARL GUEST HOUSE,Accommodation entity,Villa,Northern Province,Musanze,https://tourismregulation.rw/en/entity/profile/857/,Licensed,"PEARL GUEST HOUSE  is an 8 rooms, comfortable guest house, situated in the heart of MUSANZE Town. The Gueast house is arranged on 1 floor, without a lift. On the ground floor, apart from the reception, there is a comfortable lounge where you can sit and drink tea, or just read. The rooms are arranged on the ground, first floor.  PEARL GUEST HOUSE provides an internet and a free Wi-Fi service.",8,8,,,+250785905099,rucyahanaharriet@gmail.com
MATTINA MOTEL,Accommodation entity,Motel,City Of Kigali,Nyarugenge,https://tourismregulation.rw/en/entity/profile/1219/,Licensed,"MATTINA MOTEL IS 7 ROOMS, COMFORTABLE MOTEL SITUATED IN KIGALI TOWN ,NYARUGENGE DISTRICT ,NEAR SECTOR OF NYARUGENGE, MOTEL IS ARRANGED ON TWO FLOORS ,WITHOUT A LIFT.ON GROUND FLOOR ,APART FROM RECEPTION, OFFICE, THERE IS A COMFORTABLE LOUNGE WHERE YOU CAN SIT & JUST READ. ON THE 1ST FLOOR THERE IS RESTO-BAR , ON THE 2 ND FLOOR THERE IS ROOMS, ALSO ON SECOND FLOOR THERE IS V.I.P RESTAURANT (resto-twiga). IN GARDEN WE HAVE BIG TENT FOR 300 PERSONS. THE BUFFET IS SERVED IN THE RESTAURANT ON THE 1ST FLOOR. THE MOTEL PROVIDES AN INTERNET POINT ,AND FREE WI-FI SERVICE.",7,12,"African,BBQ,Rwandan & International",,+250789923441,infos@mattinamotel.com
Question Coffee,Restaurant/Bar/Nightclub,Bar,City Of Kigali,Gasabo,https://tourismregulation.rw/en/entity/profile/1224/,Licensed,"Question Coffee  is a social enterprise focused on increasing the value of the domestic coffee consumption market, established by sustainable growers. Sustainable Growers provides training and trading opportunities to improve the lives of women coffee growers and their families in Rwanda and DR Congo Question coffee showcases high quality, specialty coffee grown by the graduate of the training program in it's cafe or retail shop as well as through partnership with hotels, cafes, restaurants and tourism sites.This is also a training center for interested people to become baristas and tourism area,, where we offer firm tour experience and master class experience.",0,0,Snacks,https://www.questioncoffee.com/,0789330673,a.mclean@questioncoffee.com
PARK VIEW COURTS LTD,Accommodation entity,Serviced apartment,City Of Kigali,Gasabo,https://tourismregulation.rw/en/entity/profile/1227/,Licensed,"Park View Courts Rwanda is an Apart-Hotel situated in Kigali City -Nyarutarama, a high end, safe and quiet neighborhood that makes it an ideal location for most of the travellers visiting Rwanda. The Apartments offer Hotel amenities and it features 25 well-appointed Apartments that exude style and comfort, we have no doubts that you will find the Apartments such an ideal haven of peace and tranquility. The Apartments are fitted with modern comforts like ultra- high speed wireless internet, DSTV, Laundry services, Room service, 24/7 front desk, crockery complimented with cooking gas, customized cab services to any point of the city at modest rates and everything that makes you feel as close to your home as possible. The apartments are conveniently located close to the only golf club in Kigali and its location provides ideal jogging area on the 8km ring road around it. The famous Nyarutarama sports center is adjacent to the apartments and they provide a variety of sporting activities like Swimming, Gym, Aerobics and Tennis courts. We also provide airport pickups at a friendly rate any time.",35,35,International,www.parkviewrwanda.com,+250738520003,info@parkviewcourtsrwanda.com
BACHU ABDALLAH,Tour operator/Travel agent/Tour guide,Tour guide,City Of Kigali,Kicukiro,https://tourismregulation.rw/en/entity/profile/1231/,Licensed,A professional tour guide,0,0,,,0783168431,bachu.abdallah@gmail.com
Ntukabumwe Gaston,Tour operator/Travel agent/Tour guide,Tour guide,City Of Kigali,Kicukiro,https://tourismregulation.rw/en/entity/profile/1290/,Licensed,Tour Guide,0,0,,,0788301416,gntukabumwe@yahoo.com
KARONGI LAKEVIEW RETREAT,Accommodation entity,Serviced apartment,Western Province,Karongi,https://tourismregulation.rw/en/entity/profile/1215/,Licensed,"Located on the hills of Karongi town, this private and spacious villa offers elegant comfort and a refuge from the city. The main house is a modern house with 200 degree views of breathtaking Lake Kivu, enjoyed from both indoors & out. Perfect for multiple families to relax together for a weekend, a week, or longer. The house has been designed to fit within its natural environment, built and furnished with local materials from expert craftsmen/women. The small house has two separate bedrooms with comfortable queen beds. Each room has a private bathroom with hot and cold running water, and access to a shared kitchenette. The property is guarded 24 hours; and cleaning services available upon request.",6,6,,,+250788300483,michel.masozera@gmail.com
DESIR RESORT HOTEL,Accommodation entity,Vacation hotel or resort,City Of Kigali,Gasabo,https://tourismregulation.rw/en/entity/profile/1248/,Licensed,"Desire Resort Hotel is where you can rest when you are tired not only that but people who want to stay here in Rwanda we can offer you an apartment or a room. we have buffet, fast food, different kind of drinks,etc we are located near AKABUGA KA NYARUTARAMA",72,100,International,,0780681164,ijiga@bluewin.ch
RESIDENCE PRIME 2000,Accommodation entity,Serviced apartment,City Of Kigali,Gasabo,https://tourismregulation.rw/en/entity/profile/1251/,Licensed,Prima 2000 is a business which provide apartments to any kind of person we are located at kacyiru near RODA opposite of TELECOM HOUSE. beside price are affordable,68,70,,,0788304713,primaap202@gmail.com
Green Zest Travels ltd,Tour operator/Travel agent/Tour guide,Tour operator,City Of Kigali,Nyarugenge,https://tourismregulation.rw/en/entity/profile/1298/,Licensed,"Green Zest Travel is a privately owned company founded with the aim to providing responsible and sustainable travel experiences across East Africa region. The founder, committed to develop long-standing partnerships with operators and establishments who share the same approach and passion towards sustainable tourism, has helped in the growth of tourism community partners throughout East Africa",0,0,,www.greenzest-travels.com,+250788907209,greenzesttravels@gmail.om
Singita Rwanda Investments Limited,Accommodation entity,Vacation hotel or resort,Northern Province,Musanze,https://tourismregulation.rw/en/entity/profile/1246/,Licensed,"SINGITA VOLCANOES NATIONAL PARK, RWANDA Set on 178 acres of breathtaking land bordering Volcanoes National Park, Singita Kwitonda Lodge and Kataza House are part of an ambitious undertaking to help rehabilitate, reforest and maintain the biological integrity of 7,000 acres of land, thereby expanding the habitat of the endangered mountain gorillas who find refuge here. Singita Volcanoes National Park raises the bar on environmentally conscious hospitality, offering guests transformative, purpose-driven experiences. With sustainability as a fundamental design focus, it treads lightly on the land. Singita Kwitonda Lodge: Providing nurturing, contemplative spaces in which to appreciate the life-changing experience of coming face to face with the forest’s gentle giants, Kwitonda’s carefully curated interiors feature the finest handcrafted details. The lodge’s central hub branches out into enclaves featuring lounges, dining areas, an outdoor fire pit, an interactive kitchen and a ‘bar-deli’ and wine cellar. Singita Kataza House: This exclusive-use 4-bedroom villa offers exquisite indoor and outdoor living spaces, fireplaces, heated pools, a gym and a media room – as well as inimitable mountain views, complete relaxation and a sense of freedom.",9,26,"BBQ,Rwandan & International,Sandwiches,Soups & Salads,Snacks,Vegan/Vegetarian",www.singita.com,+27870942710,kate.m@singita.com
GLADS APARTMENT,Accommodation entity,Serviced apartment,City Of Kigali,Kicukiro,https://tourismregulation.rw/en/entity/profile/1244/,Licensed,"Apartment has 25 rooms,comfortable situated in kicukiro,arranged on two floors without lift but with the stairs and has a beautiful rooms also has a reception good Atmosphere on ground has we have terrace for the the clients where you relax we provide free  WI-FI  internet",25,25,Rwandan,,0788309423,gladsapartment2020@gmail.com
shalom safaris ltd,Tour operator/Travel agent/Tour guide,Tour operator,City Of Kigali,Gasabo,https://tourismregulation.rw/en/entity/profile/1247/,Licensed,"Shalom safari is a full-service travel and tourism company. It helps you to discover Rwanda destination inbound and outbound Known as the land of a thousand hills, Rwanda’s stunning scenery and warm beauty, rich heritage and vibrant culture offering you a truly unique vacation experience. We provide individual vacation planning services; custom itineraries, accommodation bookings, independent and escorted tours, fly- and drive- packages, group tours, family tours and car hire services. We are pleased to help you plan your vacation and we offer packages for every budget, look forward to offer you a memorable experience. loacated near RDB kg220st",0,0,,www.shalomsafarisrwanda.com,0788308213,Alainrusangiza@gmail.com
MWIBANGA BAR,Restaurant/Bar/Nightclub,Bar,Western Province,Rusizi,https://tourismregulation.rw/en/entity/profile/1240/,Licensed,"The MWIBANGA Bar is a comfortable bar situated in the heart of Rusizi Town on the first road. There is a comfortable counter were you are received and get all needed information on the bar. There is also splendid bungalows where you can relax and enjoys various drinks and barbecue items. The bar provides an internet point, and a free Wi-Fi service.",0,0,"BBQ,Soups & Salads,Snacks",,0788425444,ngijedaus@gmail.com
Liza Mutabaruka Alain Fabrice,Tour operator/Travel agent/Tour guide,Tour guide,City Of Kigali,Kicukiro,https://tourismregulation.rw/en/entity/profile/1408/,Licensed,"I’m Liza Mutabaruka Alain  Fabrice,I have been a driver guide in Rwanda, Uganda and Democratic Republic of the Congo for 5 years. My hobbies are, Sports, Traveling, Reading books, Watching movies and Driving. In the nature I love primates, birds , And Savannah. I’m driven by passion of my job as a driver guide , And willing to learn new things to improve my knowledge about travel and tours. Through my career so far I have received lots of positive feedbacks and reviews from the tourists I’ve worked with before.",0,0,,,0783289095,lizafaby@gmail.com
GRAZIA APARTMENTS LTD,Accommodation entity,Serviced apartment,City Of Kigali,Gasabo,https://tourismregulation.rw/en/entity/profile/1301/,Licensed,"Grazia Apartments is a 27 rooms apartment hotel situated in Kimihurura, Rugando. We have 2 compartiments, the one is comprised by 2 and 1 bedrooms apartments and the another compartiment abrites 7 hotel rooms. Apart from our bed and breakfast service, we also have a restaurant, a bar and SPA services. Our clients also enjoy our splendid swimming pool and gym to maintain their health and to keep physically fit. All our apartments/rooms have each a balcony and are all equipped with a refrigerator and a kettle. Some have spacious kitchens and living rooms. We provide a very fast optic fiber internet.",21,27,International,www.graziaapartments.com,0788862351,graziaparts@gmail.com
Irakoze Yvan,Tour operator/Travel agent/Tour guide,Tour guide,City Of Kigali,Gasabo,https://tourismregulation.rw/en/entity/profile/1310/,Licensed,"I am Rwandan freelancer driver guide with long and deep experience of service and hospitality. am educated in service-mindedness and automobile mechanic and certificated in English language and tour guiding. I have been working as freelancer driver guide as my professional job for five years i am a member of RSGA (Rwanda Safari Guide Association) I have worked as volunteer in Tanzania. As a volunteer I did support in translation department in English, French and Swahili during youth camps in an international organization known as IYF My personality based on integrity, hard work, Self-motivation and teamwork.",0,0,,,0782074380,irakozeyvan162@gmail.com
AMAKUZA GRACE VIEW LTD,Restaurant/Bar/Nightclub,Bar,City Of Kigali,Nyarugenge,https://tourismregulation.rw/en/entity/profile/1197/,Licensed,"AMAKUZA GRACE VIEW is nice resto bar to be visit for people want to relax near of town and you can find food and drink, bed and breakfast, buffet setting and reservation.",0,0,"African,American,Asian,Rwandan,Rwandan & International,Soups & Salads,Snacks,Vegan/Vegetarian",,0788226033,amakuzaresort2018@gmail.com
SAINTE FAMILLE HOTELS LTD,Accommodation entity,Town hotel,City Of Kigali,Nyarugenge,https://tourismregulation.rw/en/entity/profile/1355/,Licensed,"Sainte Famille Hotel is Catholic Hotel based located in Kigali City near To sainte Famille Church and it has 67 rooms in different categories, 6 conference room with different sizes, Swimming pool and a very attractive restaurant.",67,67,International,www.saintefamillehotels.com,0781561091,saintefamillehotels@gmil.com
ALEX COME AGAIN Ltd,Restaurant/Bar/Nightclub,Bar,City Of Kigali,Gasabo,https://tourismregulation.rw/en/entity/profile/1316/,Licensed,"Come Again Bar, Remera Located on the road heading to the airport, this place is known for akabenzi special , chips, bananas, mayo, mysteriously delicious onions and skimpy salad. As we entered, customers were takes place affordable like terrace or hall in, popularly known as Akabenzi is steadily becoming a favoutite in Kigali restaurants.there have seen the free WiFi and customer in come again is king so as the costomer in come again has affordable security .",0,0,"Rwandan,Other (specify)",none,0788309806/0788430596,gasanalix@gmail.com
ASHEL TOURS AND TRAVEL AGENCY LTD,Tour operator/Travel agent/Tour guide,Travel agent,City Of Kigali,Nyarugenge,https://tourismregulation.rw/en/entity/profile/1319/,Licensed,"A Travel Agency company located in CHIC Building.with duties Tour operator activities,air ticket sales,hotel/room reservations,visa application assistance and other reservation service and related activities",0,0,,,250788773754,ashelgroupe@gmail.com
DIVINA MOTEL,Accommodation entity,Guest House,Western Province,Rusizi,https://tourismregulation.rw/en/entity/profile/1323/,Licensed,"The DIVINA MOTEL  is an 15 rooms, comfortable Motel, situated out of Kamembe Town near the lac Kivu . We have the conference hall which can accommodate 300person, 100person, 50person, 15person There is also a splendid terrace, where, you can relax and immerge yourself from morning onwards in the atmosphere of Rusizi on the beach of Lac Kivu daily life. The rooms are arranged on the first, second floors. On the second floor, there is also a delightful terrace available for the use of guests, from where you can enjoy the wonderful view. The buffet breakfast is served in the restaurant on the ground floor. The hotel provides an internet point, and a free Wi-Fi service.",15,15,International,www.divinaguesthouse.com,+250788524526,divinaguesthouse0@gmail.com
Prince Bar,Restaurant/Bar/Nightclub,Bar,Western Province,Rusizi,https://tourismregulation.rw/en/entity/profile/1320/,Licensed,PRINCE Bar is a Good bar and branch of prince motel  in Rusizi District -Bugarama sector on the border with DRC.,0,0,"African,Rwandan & International",,0782603255,princemotel@gmail.com
Ecoair Apartment Hotel,Accommodation entity,Serviced apartment,City Of Kigali,Gasabo,https://tourismregulation.rw/en/entity/profile/1321/,Licensed,"Ecoair Apartment Hotel has 5 fully furnished and serviced apartments with single King beds (2) and Queen beds (3). It is located 55 KG 676 st, Kimihurura Kigali, Rwanda. Kimihurura neighborhood is a prime secure green place with tarmac roads and internet optic fiber cabling",10,10,Other (specify),www.ecoairhotel.com,0788304133,claude.sekabaraga@gmail.com
KAYIBANDA JOHN,Tour operator/Travel agent/Tour guide,Tour guide,City Of Kigali,Gasabo,https://tourismregulation.rw/en/entity/profile/1330/,Licensed,"KAYIBANDA John, is a Rwandan citizen, aged 39. he works for Heaven Tours Ltd located in Kiyovu street No 7, KN 27.",0,0,,,0788351120,kaibsj20@yahoo.fr
Kigali City Tour,Tour operator/Travel agent/Tour guide,Tour operator,City Of Kigali,Gasabo,https://tourismregulation.rw/en/entity/profile/1220/,Licensed,"Kigali is a thriving city immediately notable for its cleanliness, orderliness and good hospitality. It offers tourists some of the best tour experiences on the African continent. Kigali Sightseeing Bus elevates the experience to a new level by giving tourists the opportunity to see the very best of tourist attractions. Our luxury double-decker open roof buses offer incredible views of the beautiful City of Kigali.",0,0,,https://kigalicitytour.rw/index.html,+250 788 383 999,info@kigalicity.rw
MINANI FRANK,Tour operator/Travel agent/Tour guide,Tour guide,City Of Kigali,Nyarugenge,https://tourismregulation.rw/en/entity/profile/1329/,Licensed,"MINANI FRANK is a Rwandan, aged 32. he works for Heaven tours, he has been very good at guiding skills but now want to take it further by being a licensed guide.",0,0,,,0788687572,Kanyaputney@gmail.com
AFRI-TRAVEL AGENCY LTD,Tour operator/Travel agent/Tour guide,Travel agent,Western Province,Rubavu,https://tourismregulation.rw/en/entity/profile/1325/,Licensed,TOo be provided later,0,0,,,0787645823,contact@afrisynergies.com
Iwawe Hotel,Accommodation entity,Town hotel,City Of Kigali,Gasabo,https://tourismregulation.rw/en/entity/profile/1422/,Licensed,"The  IwaHotel is 15 rooms, comfortable hotel, located in kacyiru on close to government ministries,number of embassies,international organization and non government organization. About 5m away from Kigali convention center . Breakfast is served on the ground floor, apart from the reception, there is a comfortable lounge where you can sit and drink tea, or just read. There is also a splendid terrace, where, you can relax and enjoy yourself from morning on wards in the atmosphere of Kigali daily life. The rooms are arranged from single,double and suit rooms, . On the second floor, there is also a delightful terrace available for the use of guests, from where you can enjoy the wonderful view. The buffet breakfast is served in the restaurant on the ground floor. The hotel provides an internet point, and a free WI-Fi service.",15,18,International,WWW.iwawehotel.com,0789099877,reservations@iwawehotel.com
SIBOMANA HAMADI,Tour operator/Travel agent/Tour guide,Tour guide,City Of Kigali,Nyarugenge,https://tourismregulation.rw/en/entity/profile/1327/,Licensed,A General and professional Tour and driver guide who is specialized in Rwanda and East Africa.,0,0,,,0788234099,siboharris@gail.com
HABIMANA LIONEL,Tour operator/Travel agent/Tour guide,Tour guide,City Of Kigali,Gasabo,https://tourismregulation.rw/en/entity/profile/1328/,Licensed,"Lionel is a tour and driver guide who speaks 3 languages fluently English , French and Swahili. A professional guide and passionate about wildlife conservation.",0,0,,,0784793356,hablionel@gmail.com
ISHARA BEACH MOTEL Ltd,Accommodation entity,Motel,Western Province,Nyamasheke,https://tourismregulation.rw/en/entity/profile/809/,Licensed,"ISHARA BEACH MOTEL ltd is one of the Motel Located  in Gikomero Village,Mubumbano Cell ,Nyamasheke District, Ouestern Province where you can enjoy the wonderful view  of Kivu Lac and swim and relax on the beach which Provides  tourism services such as Accommodation Services,Conference Services, seminars, Catering and Beverages Services . The buffet Lunch and Dinner  is served in the restaurant, The Motel provides a free Wi-Fi service.",25,25,International,www.isharabeach.rw,+250788306287,isharabeach.motel@gmail.com
SATNAM TRAVELS LIMITED,Tour operator/Travel agent/Tour guide,Travel agent,City Of Kigali,Nyarugenge,https://tourismregulation.rw/en/entity/profile/1334/,Licensed,"SATNAM TRAVELS LTD IS A TRAVEL AGENCY WITH EXCELLENT ORGANIZATIONAL SKILLS COUTREOUS AND VERY EFFICIENT WITH A UNIQUE UNDERSTANDNIG OF TRAVEL INDUSTRY AND PEOPLE WORKING THERE. AN EXPERIENCED TRAVEL AGENT WHO IS ABLE TO ARRANGE FOR AN OPTIMAL JOURNEY FOR CUSTOMERS, THE MODE OF TRANSPORT AND TRAVEL DATES. HIGHLY MOTIVATED, TARGET-ORIENTED TASKS AND EXCEPTIONAL MULTI-SKILLED AS WELL AS THE ABILITY TO PRODUCE CUSTOMIZED ITINERARIES FOR TRAVEL TO SHORT-HAUL DESTINATIONS OR LONG TERM.",0,0,,,+250780890244,SATNAMKGL@GMAIL.COM
VIVE HOTEL AND APARTMENT LTD,Accommodation entity,Town hotel,Western Province,Rusizi,https://tourismregulation.rw/en/entity/profile/1331/,Licensed,"VIVE HOTEL&APPARTMENTS se trouve au bord du lac Kivu tout près  de l'aéroport international de kamembe(1.5 km) en secteur Kamembe du District Rusizi. Nous avons 21 Chambres et 2 appartements,un Bar et Restaurant avec une cuisine africaine. Nous avons aussi une grande salle de réunion pouvant accueillir 1000 personnes bien assises. Le transport de nos clients de l'aéroport vers l'hôtel est gratuit.. Soyez les bienvenus.",23,23,"African,Rwandan & International",,0788309235,twizeviking@gmail.com
Heart Travel and Tours Ltd,Tour operator/Travel agent/Tour guide,Travel agent,City Of Kigali,Nyarugenge,https://tourismregulation.rw/en/entity/profile/1333/,Licensed,"HTT offer Flight booking &Ticketing by providing different flight options with cheapest fares; Pre-book seats allocation and meals preferences; Deliver tickets to our clients and do online check-in where airline allows and forward boarding passes. We offer Hotel Reservation by negotiating cheap rates with hotels on behalf of our clients and arranging airport transfers and ground handling. We offer visa assistance service by to our clients need to travel to China and Dubai. On addition, we provide domestic and international holidays packages under tours and holidays packages.",0,0,,,0788317484,hattravelandtours@gmail.com
MUBAMU TRAVEL AGENCY,Tour operator/Travel agent/Tour guide,Travel agent,Northern Province,Musanze,https://tourismregulation.rw/en/entity/profile/1335/,Licensed,MUBAMU Travel Agency ikorera mu mugi wa Musanze kuri Snow Hotel kumuhanda ujya ikigali. Ntibikiri ngombwa ko abantu batega indege baturutse i Musanze cyangwa Rubavu na Goma birirwa bajya ikigali kugura amatike ikigali.,0,0,,mukayita55@gmail.com,+250786307361,mukayita55@gmail.com
PRIMO TRAVEL AGENCY LTD,Tour operator/Travel agent/Tour guide,Travel agent,City Of Kigali,Nyarugenge,https://tourismregulation.rw/en/entity/profile/1336/,Licensed,Primo Travel Agency is mainly a ticketing sales company based in Nyarugenge; Athenee Building door number 47.,0,0,,www.primotravel.rw,0788284288,info@primotravel.rw
denyse travel agency limited,Tour operator/Travel agent/Tour guide,Travel agent,City Of Kigali,Nyarugenge,https://tourismregulation.rw/en/entity/profile/1337/,Licensed,"the agent is on first floor without a lift on the first floor,there is a confortable lounge where you can sit and drink tea,or just read is served in the restourant on the groundfloor,the agent provides an internet and free wifi service.",0,0,,,0789055794,denysetravelagency@gmail.com
Prideconnect Travel & Tours,Tour operator/Travel agent/Tour guide,Travel agent,City Of Kigali,Nyarugenge,https://tourismregulation.rw/en/entity/profile/1338/,Licensed,Prideconnect is here to help you plan your journey with all facilities and assistance but much focus on Airlines ticketing.,0,0,,,0788345606,dprideconnect@gmail.com
Nova Travel Agency,Tour operator/Travel agent/Tour guide,Travel agent,City Of Kigali,Nyarugenge,https://tourismregulation.rw/en/entity/profile/1339/,Licensed,"Nova TRAVELS LTD IS A TRAVEL AGENCY WITH EXCELLENT ORGANIZATIONAL SKILLS COUTREOUS AND VERY EFFICIENT WITH A UNIQUE UNDERSTANDNIG OF TRAVEL INDUSTRY AND PEOPLE WORKING THERE. AN EXPERIENCED TRAVEL AGENT WHO IS ABLE TO ARRANGE FOR AN OPTIMAL JOURNEY FOR CUSTOMERS, THE MODE OF TRANSPORT AND TRAVEL DATES. HIGHLY MOTIVATED, TARGET-ORIENTED TASKS AND EXCEPTIONAL MULTI-SKILLED AS WELL AS THE ABILITY TO PRODUCE CUSTOMIZED ITINERARIES FOR TRAVEL TO SHORT-HAUL DESTINATIONS OR LONG TERM.",0,0,,,0788851478,novatravelandtoursagency@gmail.com
PEACE & SAFETY TRAVEL AGENCY,Tour operator/Travel agent/Tour guide,Travel agent,City Of Kigali,Nyarugenge,https://tourismregulation.rw/en/entity/profile/1340/,Licensed,"We are non AITA travel agency situated in Kigali city, Nyarugenge district  in MIC building. Our service is about Air Ticketing, Ticket Booking and Ticket Change and Refund",0,0,,,0785299999,yy190415@qq.com
NEZA TRAVEL AGENCY (NTA) LTD,Tour operator/Travel agent/Tour guide,Travel agent,City Of Kigali,Nyarugenge,https://tourismregulation.rw/en/entity/profile/1341/,Licensed,"NEZA TRAVEL AGENCY (N.T.A) LTD is a tourism entity that operates its activities in Kigali City / Nyarugenge, in the building known as NEW DOWNTOWN (B05) Room S-86 on 2nd Floor, Road KN 55 ST. NEZA provides different services such as  travel agency activities including air ticketing, reservation services and related activities and tour operator activities. Furthermore, Neza Travel agency offers assistance in visa application for its clients.",0,0,,not  yet,0788327063,nezatravelagency@gmail.com
MANAF TOURS & TRAVEL LTD,Tour operator/Travel agent/Tour guide,Travel agent,City Of Kigali,Nyarugenge,https://tourismregulation.rw/en/entity/profile/1342/,Licensed,Manaf Tours & travel ltd  operates as travel agency with a tour department. It is located at MIC BUILDING on Basement floor. Its main activities are tour operator activities including the following: 1) other passenger land transport 2) Freight transport by road 3) Sea and coastal passenger water transport 4) Inland passenger water transport 5) Passenger air transport 6) Ware housing and storage 7) Service activities incidental to land/water/air transportation 8) Cargo handling and other transportation support activities Postal and courier activities 9) Short term accommodation activities and other accommodation 10)Restaurants and mobile food service activities and other food service activities 11) Event catering and beverage serving activities 12) Travel agency activities,0,0,,www.manaftravel.com,+250788696600/ +250785541722,ticketing@manaftravel.com
SANTA COLUMBUS TRAVEL AND TOUR LTD,Tour operator/Travel agent/Tour guide,Travel agent,City Of Kigali,Nyarugenge,https://tourismregulation.rw/en/entity/profile/1344/,Licensed,"Santa Columbus Travel and Tours ltd is a private agency based in Rwanda that deliver top notch services and facilitate your entire travel process ensuring the best terms available from hotels, airlines, car rentals, and ultimately a flawless journey. We are a leading safari specialist and destination management company in Rwanda and international.",0,0,,www.santacolumbus.rw,"0788203386, 0735033283",anuarite@santacolumbus.rw
SANTA COLUMBUS TRAVEL AND TOUR LTD,Tour operator/Travel agent/Tour guide,Tour operator,City Of Kigali,Nyarugenge,https://tourismregulation.rw/en/entity/profile/1345/,Licensed,"Santa Columbus Travel and Tours ltd is a private agency based in Rwanda that deliver top notch services and facilitate your entire travel process ensuring the best terms available from hotels, airlines, car rentals, and ultimately a flawless journey. We are a leading safari specialist and destination management company in Rwanda and international.",0,0,,www.santacolumbus.rw,"0788203386, 0735033283",anuarite@santacolumbus.rw
KUMBUKUMBU TOURS Ltd,Tour operator/Travel agent/Tour guide,Tour operator,Western Province,Rubavu,https://tourismregulation.rw/en/entity/profile/1704/,Licensed,"Kumbukumbu Tours is a Rwanda registered tourism company with our offices in Rubavu District, just at the country edge neighboring the Democratic Republic of Congo. Kumbukumbu Tours provides luxurious, mid range and economic mountain and animal trekking expeditions, savanna game drives, honeymoons, regular holiday tours; Airport transfer, city-to-city transfer, and ground handling tourism services.. Kumbukumbu Tours’s Teamwork has been and will continue to be guided by its input, skills and values, the pillars that hold this company up. Humanism and integrity is what the company stands for, what all of team members have in common. From Obed, the owner to his colleagues.",0,0,,www.kumbukumbu-tours.com,+250787555547,kumbukumbutours@gmail.com
Eloi Ntsinzi,Tour operator/Travel agent/Tour guide,Tour guide,Northern Province,Musanze,https://tourismregulation.rw/en/entity/profile/1353/,Licensed,"Hello, My name is Eloi Ntsinzi. I'm 25 years old, i finished University in Hotel and Restaurant management at UTB. I worked for Paradis Malahide hotel for 3 years before i joined Kingfisher Journeys. I'm a trained first aid and paddle sports leader here in Rwanda, i was trained by the BCU (British Canoeing Union) . I went through leadership training which is the skill i use now to lead group tours that my company host here in Rwanda. I'm a professional, passionate about my job. I love outdoor activities and so i'm looking forward to putting Rwanda on an adventure world map. Rwanda has more to offer to visitors than just the rare mountain gorillas and Kingfisher Journeys ltd is the company that's going to create the adventure history of Rwanda and i'm glad that i'm being part of that. I'm willing to be the best tour guide there is in my field.",0,0,,kingfisherjourneys.com,0788207785,ntsinzic@gmail.com
Custom Safaris Rwanda Ltd,Tour operator/Travel agent/Tour guide,Tour operator,City Of Kigali,Gasabo,https://tourismregulation.rw/en/entity/profile/1346/,Licensed,"Custom Safaris an American brand specializes in bespoke African Safaris, with 30yrs of experience.",0,0,,www.customsafaris.com,0788782228,kigali@customsafaris.com
One & Only Gorilla's Nest,Accommodation entity,Vacation hotel or resort,Northern Province,Musanze,https://tourismregulation.rw/en/entity/profile/1347/,Licensed,"Cushioned in the foothills of the breath-taking Virunga volcano range,One&Only Gorilla’s Nest makes the magical possible as you enjoy a oncein- a-lifetime, personal encounter with the rare and majestic mountain gorilla, roaming free in its own natural habitat. The resort has 21 guest lodges and suites - 10 guest rooms (king), 4 Two-Bedroom Forest Lodges and 7 one-bedroom suites, including two super suites. Modern in design, yet with traditional Rwandan influences, each overlooks the vast African terrain with private decks and an in room fireplace.Guest rooms and suites have a warm interior, brought to life through the rich timbers used throughout and the vibrant colours that reflect Rwandan traditions. The age-old Rwandan art form of Imigongo, typically white, black and red geometric patterns, is embraced in a contemporary way throughout The resort has 2 treatment suites in a private building. Each treatment suite has 2 beds.The Recreation Lodge, a separate, private building offer the relaxation room complete with an open-air 12X5m pool, surrounded by the eucalyptus tree forest, home to the fitness centre, steam and sauna, male and female changing rooms, and the Pool Bar.",21,25,,oneandonlyresorts.com,+250 788310082,Deo.kamurase@kerzner.com
Prince Motel,Accommodation entity,Motel,Western Province,Rusizi,https://tourismregulation.rw/en/entity/profile/1266/,Licensed,To be provided later,10,10,Rwandan & International,,0782603255,princemotel@gmail.com
CENTRE SAINT AUGUSTIN,Accommodation entity,Guest House,Eastern Province,Rwamagana,https://tourismregulation.rw/en/entity/profile/1348/,Licensed,"Centre d'acceuil saint Augustin situated in Rwamagana town Opposite  Rwamagana  parish on road RN3 KAYONZA ROAD,we have 36 rooms(50 beds) plus 2 dormitories (4 beds) , conference hall ,small meeting rooms,gardens. we arranged on two floor ,without a lift .On the ground floor apart from reception ,there is comfortable lounge where you can sit and drink tea. There is also a splendid terrace,where you can relax and immerse yourself from morning on words in the atmosphere of Rwamagna town .the rooms are arranged on the first floor and second floor and the place us terrace where you can enjoy the wonderful view.the buffet is served in the dining room on the ground floor and just lunch time.the centre d'acceuil provides an internet point,and a free Wi-Fi service.",36,50,"International,African,BBQ",www.pastoralcenterstaugustin.com,+250781075656//+250785695704,centre.augustinsisters@gmail.com
UWIKUNDA GRATIEN,Tour operator/Travel agent/Tour guide,Tour guide,Western Province,Rubavu,https://tourismregulation.rw/en/entity/profile/1349/,Licensed,A tour guide and activities leader,0,0,,,+250788828633,ugratien@gmail.com
Ndahiro Emmy,Tour operator/Travel agent/Tour guide,Tour guide,City Of Kigali,Kicukiro,https://tourismregulation.rw/en/entity/profile/1350/,Licensed,"Residing at Kigali-Kanombe, Ndahiro Emmy is a 3 star bronze male guide as awarded by RSGA  in addition to being a citizen of Rwanda aged 24 years old. He pursued a tourism course at college, which He further pushed and advanced at University graduating with a Bachelor degree in Travel and Tourism Management at University of Tourism Technology and Business studies (UTB). He has worked as a tour guide in the Rwandan tourism industry for 3 years now since 2017. He is passionate at his profession, so engaging and social with impeccable hospitality and customer care skills. Sharif’s primary hobby guiding clients to their long dreamed and desired tourism destinations, this is what awe-inspired him to upgrade this talent in him to a profession. Beyond this, He also enjoys birding as am passionate about it, swimming and hanging out with friends. He is living a single life and speaking quite a number of languages including; English, French and native Kinyarwanda.",0,0,,,0788408931,ndahiro2018@outlook.com
Ishimwe Sharif,Tour operator/Travel agent/Tour guide,Tour guide,City Of Kigali,Kicukiro,https://tourismregulation.rw/en/entity/profile/1351/,Licensed,"Residing at Gikondo MAGERWA, ISHIMWE Sharif is a 3 star bronze male guide as awarded by RSGA in addition to being a citizen of Rwanda aged 26 years old. He pursued a tourism course at college, which He further pushed and advanced at University graduating with a Bachelor degree in Travel and Tourism Management at University of Tourism Technology and Business studies (UTB). He has worked as a tour guide in the Rwandan tourism industry for 3 years now since 2017. He is passionate at his profession, so engaging and social with impeccable hospitality and customer care skills. Sharif’s primary hobby guiding clients to their long dreamed and desired tourism destinations, this is what awe-inspired him to upgrade this talent in him to a profession. Beyond this, He also enjoys listening to music, dancing, swimming and hanging out with friends. He is living a single life and attached to the Muslim fraternity speaking quite a number of languages including; English, French, Arabic, Kiswahili, Luganda and native Kinyarwanda.",0,0,,,0788427318,ishimwesharif@gmail.com
Dukundane Iddy,Tour operator/Travel agent/Tour guide,Tour guide,City Of Kigali,Kicukiro,https://tourismregulation.rw/en/entity/profile/1352/,Licensed,"My name is Iddy Dukundane, with 23 years old. I was born in Rwanda,Kigali city. I studied tourism in my high school for three year and i attended different tourism trainings be national and international. Currently I am studying at university of tourism, I am an outstanding and articulate person. I am passionate about people and adventure. I am self-driven and hard working individual with a decent set of skills.",0,0,,,0788474411,iddydukundane09@gmail.com
HOTEL MONT HUYE LTD,Accommodation entity,Town hotel,Southern Province,Huye,https://tourismregulation.rw/en/entity/profile/1548/,Licensed,"Hotel Mont Huye Ltd  is an 45 rooms located in Rwanda, South Province in Central Town of Huye, in 149 km from Kigali and 30 km from Burundi Border.The buffet breakfast is served in the restaurant.There is also a splendide terrasse, where, you can relax and immerge yourself from morning onwards in the atmosphere of Huye daily life The hotel provides an internet point, and a free Wi-Fi service.",45,80,"International,African,French,Italian,Rwandan & International",https://semjean1.wixsite.com/hotelmonthuye1,+250788302359/ +250788401228/ +250788457880,motelmonthuye@gmail.com
SELECT BOUTIQUE HOTEL,Accommodation entity,Town hotel,City Of Kigali,Gasabo,https://tourismregulation.rw/en/entity/profile/989/,Licensed,"Select Boutique Hotel is a Kigali based establishment that offers first-class accommodation and dining experience in an intimate, sophisticated setting. Located in the heart of Kigali, its hotel provides 12 rooms delicately decorated in a fusion of old- world elegance and contemporary style. While staying in one of our four standard rooms, 7 junior suite or unique master suite, our guest will enjoy the atmosphere and services that are expected from state-of-the-art small luxury hotels. Our Wine Cellar, the most elaborate and refined in the city, contains carefully selected bottles from small fine French vineyards to the most exclusive of vintage wines and champagne. Often referred to as the best kitchen in Kigali, our restaurant focuses on a high-quality International and French cuisine with Rwandan accents here and there. Our menu offers a wide array of choices, tastefully customized by our US trained Chef. From classic meals to reinvented creations, our menu caters to the most diverse of palates.",12,13,"International,African,American,French,Italian,Rwandan & International",www.select.rw,+250786098109,info@select.rw
AVISHA TOWN HOTEL,Accommodation entity,Town hotel,City Of Kigali,Kicukiro,https://tourismregulation.rw/en/entity/profile/1428/,Licensed,"AVISHA TOWN HOTEL offers accommodations with a restaurant, free private parking, a bar and a shared lounge. This 3-star hotel offers room service and an ATM. The accommodations provides a 24-hour front desk, a shared kitchen and currency exchange for guests. The hotel is fitted with a seating area, a flat-screen TV with satellite channels, a kitchen, a dining area and a private bathroom with a hairdryer, a hot tub and a bidet. All guest rooms will provide guests with a desk and a kettle. AVISHA TOWN HOTEL offers a continental or buffet breakfast. The accommodations offers a terrace. Kigali Centenary Park is 3.7 mi from AVISHA TOWN HOTEL, while Belgian Peacekeepers Memorial is 5 mi from the property. The nearest airport is Kigali International, a few steps from the hotel, and the property offers a free airport shuttle service. We speak your language!",9,9,International,WWW.AVISHATOWNHOTEL.COM,0788432388,avishatownhotel@gmail.com
IL NVOVO BRACHETTO RESTAURANT,Restaurant/Bar/Nightclub,Restaurant,City Of Kigali,Gasabo,https://tourismregulation.rw/en/entity/profile/1415/,Licensed,"Il Nvovo Brachetto Restaurant LTD (Description) Il Nvovo Brachetto Restaurant was launched in May of 2019 in an effort to bring an authentic taste of the Mediterranean to Rwanda, using only the finest, freshest culinary ingredients that Rwanda has to offer.  We serve modern Italian cuisine with an African twist in a cozy, classy atmosphere alongside an amazing list of premium cocktails and an unrivaled wine selection from Italy, France and South Africa. We are located in a quiet part of Kigali, in Kacyiru neighborhood where traffic is slow and external commotion is absent—only soft music will accompany you on this unique dining experience.  Consequently, we are accustomed to hosting clients who prefer a peaceful, tranquil atmosphere. Our staff have remained with us from the very beginning and as a result, know just how to cater to the needs of Rwandan and International clientele with a taste for fine dining.",0,0,Italian,,+250786406524,brachettorwanda2@gmail.com
Dv apart hotel,Accommodation entity,Serviced apartment,City Of Kigali,Gasabo,https://tourismregulation.rw/en/entity/profile/1425/,Licensed,"he Ambassador Hotel is an 26 rooms, comfortable , situated in Kibagabaga, Kigali City. The buffet breakfast is served in the restaurant on the ground floor. The hotel provides an internet point, and a free Wi-Fi service",26,28,,,0788301023,booking@dvappart.com
The Country Inn,Accommodation entity,Town hotel,City Of Kigali,Gasabo,https://tourismregulation.rw/en/entity/profile/1426/,Licensed,"The Country Inn is a small small boutique hotel located in the up market suburb of Nyarutarama, next to  vision 2020 and vision city estates. It enjoys a serene environment and homely atmosphere characterized by  beautiful gardens and plants. TCI has 20 rooms, a restaurant and a meeting room for 30 persons.",20,30,"African,Asian,BBQ",www.thecountryinnhotel.com,0784804951,tcireception1@gmail.com
COZY SAFARI HOTEL,Accommodation entity,Town hotel,City Of Kigali,Gasabo,https://tourismregulation.rw/en/entity/profile/1417/,Licensed,"COZY SAFARI HOTEL a 14 rooms hotel;  located in Kigali and with Kigali Centenary Park reachable within 1.6 miles, Cozy Safari provides express check-in and check-out, non-smoking rooms, an outdoor swimming pool, free WiFi and a garden. Providing a restaurant, the property also features a bar and a shared lounge. The tour desk is available to assist guests in planning their days out. All rooms in the hotel are equipped with an electric tea pot. Cozy Safari has certain units that include a balcony and pool view, and every room has a private bathroom and a desk. All guest rooms at the accommodation are equipped with a flat-screen TV with satellite channels. Buffet and à la carte breakfast options are available daily at Cozy Safari. The hotel has a sun terrace. With staff speaking English, French and Swahili, guidance is available at the reception. Belgian Peacekeepers Memorial is 4.7 km from Cozy Safari, while MTN Centre Kigali is 5.1 km away. The staff speak your language!",14,21,"International,African,Asian,BBQ,Pizzeria,Rwandan & International,Soups & Salads,Vegan/Vegetarian",http://www.cozysafari.com/,0785721900,info@cozysafari.com
Munyankindi Bernardin,Tour operator/Travel agent/Tour guide,Tour guide,City Of Kigali,Kicukiro,https://tourismregulation.rw/en/entity/profile/1427/,Licensed,Bernard is an experienced Tour leader and guide. He is passionate about wildlife and cultural tourism. He is always willing to give more and customer satisfaction is on the heart of everything he does.,0,0,,,0788687714,remykber@gmail.com
REBERO RESORTLTD,Accommodation entity,Serviced apartment,City Of Kigali,Kicukiro,https://tourismregulation.rw/en/entity/profile/1326/,Licensed,"Rebero Resort is an exclusive retreat, set in the heart of the magnificent mountain of Rebero . It reveals the timelessness of a bygone era combined with luxury, elegance and breathtaking surroundings. Your hosts welcome you to this gracious country house with personal service and attention to detail.",10,10,"Rwandan & International,Sandwiches",,0788306217,reberoresortltd@gmail.com
Ruzizi Tented Lodge,Accommodation entity,Tented camp,Eastern Province,Kayonza,https://tourismregulation.rw/en/entity/profile/1457/,Licensed,"Built on the shores of Lake Ihema nine tents are spaced widely apart on either side of a thatched reception and dining area, set back from the lake shore and hidden among swaying palms and fruiting fig trees. With a maximum of 20 guests, the lodge a quiet an intimate retreat. Each tent has its own en-suite bathroom with hot running water, a dressing area and either comfortable queen or ¾ twin beds, a sofa inside and a small patio at the front with deck chairs and accessible by wooden boardwalks. There is also one family tent, able to sleep four persons, and a luxury tree top tent.  Another boardwalk leads to a large deck with a fireplace sits under a shady fig tree overlooking Lake Ihema. The Lodge is entirely powered by solar energy and the lodge prides itself on being environmentally conscious. Ruzizi was built by the park management as part of a Tourism Development Plan to increase park revenue for the long term sustainability of the park. 100% of the profits from every stay go towards the protection, conservation and development of the entire park. The Lodge was designed to blend in, and feel physically connected, to the surrounding environment. Where possible, trees and vegetation have been undisturbed during the construction, and even incorporated into the structure. The boardwalk between the lodge and tents is a safety precaution and also restricts movement to leave a ‘light footprint’ on the ground.",9,20,International,www.ruzizilodge.com,0787113300,ruzizi@africanparks.org
PALAST TOURS & TRAVELS Ltd,Tour operator/Travel agent/Tour guide,Tour operator,City Of Kigali,Kicukiro,https://tourismregulation.rw/en/entity/profile/1359/,Licensed,"Palast Tours & Travels is a company established under PALAST ROCK HOLDINGS, a private Rwandan based corporation specializing in hospitality and tourism investments. Palast Tours & Travels is a sister company of Palast Rock Hotel located in Nyamata town in the Eastern part of Rwanda in Bugesera District, the home of the upcoming Bugesera International Airport. Our experienced team of tour/travel consultants creates authentic experiences for leisure or business travel within Remarkable Rwanda and across Africa. We also offer personalized getaways from adventure trips, to honeymoon escapes, our team designs packages to fit all ages, budgets, and tastes. Palast Tours & Travels operates from Kigali, the capital city and hub of our operations, allowing smooth coordination of our clients’ visits to the various tourism products within Rwanda. We also have a functional liaison office located at Palast Rock Hotel in Nyamata with a special focus on guided tours to numerous tourist attractions in Bugesera.",0,0,,www.palasttours.rw,+250788316763,info@palasttours.rw
TEDGA'S BUSINESS GROUP Ltd,Accommodation entity,Vacation hotel or resort,City Of Kigali,Kicukiro,https://tourismregulation.rw/en/entity/profile/1362/,Licensed,"Tedgas’ business group is a the holding company of Tedga’s recreation center. The center boost of 5 ensuite  modern rooms. Each of them equipped with flat screen TV with international channels , sitting room with a la mode facilities. Each of our room is equipped with a kitchenette and balcony. Tedga’s recreational center is also a full hospitality service that offers a conference venue, wedding venue, Decoration services, Children amusement park and onsite bar and restaurent. Our center is located in Gahanga, just 1km from Nyanza bus station on the main road to Bugesera in Gahanga District.",5,5,"International,African,Rwandan & International",www.tedgas.com,0788305489,niyoteddy82@gmail.com
PALAST TOURS & TRAVELS Ltd,Tour operator/Travel agent/Tour guide,Travel agent,City Of Kigali,Kicukiro,https://tourismregulation.rw/en/entity/profile/1361/,Licensed,"Palast Tours & Travels is a company established under PALAST ROCK HOLDINGS, a private Rwandan based corporation specializing in hospitality and tourism investments. Palast Tours & Travels is a sister company of Palast Rock Hotel located in Nyamata town in the Eastern part of Rwanda in Bugesera District, the home of the upcoming Bugesera International Airport. Our experienced team of tour/travel consultants creates authentic experiences for leisure or business travel within Remarkable Rwanda and across Africa. We also offer personalized getaways from adventure trips, to honeymoon escapes, our team designs packages to fit all ages, budgets, and tastes. Palast Tours & Travels operates from Kigali, the capital city and hub of our operations, allowing smooth coordination of our clients’ visits to the various tourism products within Rwanda. We also have a functional liaison office located at Palast Rock Hotel in Nyamata with a special focus on guided tours to numerous tourist attractions in Bugesera.",0,0,,www.palasttours.rw,+250788316763,info@palasttours.rw
AYUBU KASASA,Tour operator/Travel agent/Tour guide,Tour guide,City Of Kigali,Kicukiro,https://tourismregulation.rw/en/entity/profile/1360/,Licensed,"I am a very experienced field tour guide, a producer for films and documentaries. I specifically worked with National Geographic and Tigress Productions both of whom made films about Wildlife in Rwanda I guide clients around the country and through the country’s history and current economic development processes. I bring excellent communication skills and a very keen discipline in meeting tourists satisfaction and a penchant for punctuality.",0,0,,,0788844473,ayuubkas@yahoo.com
MUGABE BOSCO,Tour operator/Travel agent/Tour guide,Tour guide,Eastern Province,Bugesera,https://tourismregulation.rw/en/entity/profile/1367/,Licensed,"I have worked an experienced Tour Guide with an extensive experience of 6 years with background in wildlife guiding. I'm specialized in animal behaviors and bird watching and i have be trained in First Aid training, Basic field guides training in Akagera national park, Natural history and facilitation, Interpretive communication training, Animal identification training.",0,0,,,0785678858,boscomugabe64@gmail.com
SIBOMANA JEAN,Tour operator/Travel agent/Tour guide,Tour guide,City Of Kigali,Gasabo,https://tourismregulation.rw/en/entity/profile/1654/,Licensed,I am an experienced driver and tour guide with an experience of more than 5 years.,0,0,,,0788267440,sibojean2@gmail.com
MWUMVANEZA HENRY,Tour operator/Travel agent/Tour guide,Tour guide,City Of Kigali,Gasabo,https://tourismregulation.rw/en/entity/profile/1436/,Licensed,"I have been in the tourism industry since 2007, I started working at Rwanda Gorilla Tours (RGT) doing operations, administrative work and sometimes whenever it was needed I would drive as well as guide some of our guests. In 2010, after the passing of my first Boss, I went on to work as a freelance tour-guide for other tour operators such as Rwanda Eco-tours, Rwanda Wildlife Tours, The Far Horizon and Primate Safaris among others. I have undertaken regular, effective training as a tourist guide and have a relatively small range of relevant certificates in our field of tourism, among them are the following few; RDB, UNWTO, ST-EP, KCCEM Professional Training Certificate for Trail Tour Guiding, RTTA Certificate of Tourist Guiding and Driving, E-Tourism Africa Certificate of Online Tourism Management and Marketing amongst others. I have also done some few courses with the E-Cornell university and I still pursue some further studies with them. Meeting people from different walks of life and cultures is one thing I enjoy the most about my job as a tour-guide. I passionately love observing and learning from a diversified cultural philanthropy platform that tourism extends to me through my job. I have particular interest in primates and how close they’re in nature to us, humans. I love gorillas specifically, I especially enjoy watching the mothers nurture their babies, the family setup & how the silverbacks keep a watchful eye on family members among others. I am passionate about birds and learning a lot about them whenever opportunity allows. Turacos, hornbills, flycatchers, parrots, kingfishers, falcons, eagles, etc are some of the birds I tend to pick more interest in due to their ways of life. And I certainly love wildlife in general as well as observing how nature takes its course about the hunted and the hunters. I have also worked as a freelance translator and interpreter for a variety of institutions including a few NGOs, the Faith Victory Association (FVA) and the US Embassy among others. I was able to use my fairly fluent knowledge of English and Kinyarwanda but I also have basic working knowledge of French, Swahili, and Luganda. Whilst continuing some freelance tourism work, in 2012 I undertook a degree in International at the Kigali Independent University (ULK) and graduated in 2016 with a good second class upper bachelor’s. During this time, I increased my International Knowledge when I represented Rwanda as the EAC deputy Youth Ambassador (2014-2015), which offered me the opportunity to travel to and meet people from different cultures and countries. I was a member of the University debating team and had firsthand experience when visiting diverse countries such as Uganda, Tanzania, Burundi, Kenya, Ghana, South Africa and Norway among others. This blend of practical and academic knowledge has enabled me to gain wide understanding and experience which lends itself to furthering my career in Tourism.",0,0,,,0788304870,hmhenrymwumva@gmail.com
ELOHIM TRAVEL & TOURS LTD,Tour operator/Travel agent/Tour guide,Travel agent,City Of Kigali,Nyarugenge,https://tourismregulation.rw/en/entity/profile/1368/,Licensed,"Elohim Travel & Tours Ltd is a Rwandan Travel Agency founded in the beginning of 2020 by an expert in travel and tourism industry with the aim to provide travel, tours and event management solutions to his customers as well as developing young spirit in the industry by providing professional trainings (internship) to students in related field.",0,0,,www.elohim.rw,250788863012,rwamfizi@live.com
LUMINA KABGAYI,Accommodation entity,Motel,Southern Province,Muhanga,https://tourismregulation.rw/en/entity/profile/1073/,Licensed,"The LUMINA KABGAYI is an 31rooms, comfortable place, situated in the heart of MUHANGA Town. The LUMINA KABGAYI is arranged on two floors, without a lift. On the ground floor, apart from the reception, there is a comfortable lounge where you can sit and drink tea, or just read. There is also a splendid terrace, where, you can relax and immerge yourself from morning on wards in the atmosphere of MUHANGA daily life. The rooms are arranged on the first, second floors even on the ground floor. On the second floor, there is also a delightful terrace available for the use of guests, from where you can enjoy the wonderful view. The buffet breakfast is served in the restaurant on the ground floor. The LUMINA KABGAYI provides an internet point, and a free Wi-Fi service",31,37,African,luminakabgayi@gmail.com,0784295861,luminakabgayi@gmail.com
Kagoma Eye Safaris Ltd,Tour operator/Travel agent/Tour guide,Tour operator,City Of Kigali,Gasabo,https://tourismregulation.rw/en/entity/profile/1365/,Licensed,Kagoma Eye Safaris Ltd is is a tour company operating in Rwanda and East Africa region with a vision to expand to the rest of Africa.,0,0,,www.kagomaeyesafaris.rw,0782179045,chris@kagomaeyesafaris.rw
BEST INN MOTEL H LTD,Accommodation entity,Motel,City Of Kigali,Kicukiro,https://tourismregulation.rw/en/entity/profile/1419/,Licensed,"THE BEST INN MOTEL H IS  A MOTEL OF 14 ROOMS.arranged two floors.and apartment,we are located at heart of Kigali ,at 400 m from Kigali international airport. we offer to our guest excellent services,we have very beautiful terrace ,in every rooms,high speed free internet,very good tea from  thousand hills of Rwanda.",14,14,International,WWW BEST INN MOTEL,0788306938,bestinnmotel596@gmail.com
ABERCROMBIE&KENT RWANDA LTD,Tour operator/Travel agent/Tour guide,Tour operator,City Of Kigali,Gasabo,https://tourismregulation.rw/en/entity/profile/1372/,Licensed,ABERCROMBIE&KENT IS THE TOUR OPERATOR COMPANY OPENED OFFICE IN RWANDA SINCE 2018 AT NYARUTARAMA GASABO KIGALI KG 272  AT FLAME TREE  VILLAGE WHERE COUNTRY OFFICE BELONG WE DEAL WITH THE TOURISTS  WHO WANT TO COME TO VISIT RWANDA AS WELL. WE PROVIDE  TOUR AND TRAVEL TO OUR GUESTS,0,0,,www.abercrombiekent.com,0788310261,info@abercrombiekent.rw
NYUNGWE HOTEL,Accommodation entity,Town hotel,City Of Kigali,Kicukiro,https://tourismregulation.rw/en/entity/profile/1369/,Licensed,"Nyungwe Hotel is a 24 Rooms comfortable hotel in Kigali. Our Beautiful Garden style hotel named after Nyungwe national Park is located in Kicukiro District , Kanombe sector the same sector of Kigali International Airport just 10 Minutes from the Airport and city Centre.The rooms are arranged on the first and second floors. On the second floor, there is also a delightful terrace available for the use of guests, from there you can enjoy the wonderful view and fanastic interior cultural design within our rooms. Nyungwe Hotel offers spacious rooms for accommodation at very affordable prices and a fine cuisine of hot meal for lunches and dinners and a la carte menu. Nyungwe hotel also offers special events such as birthday,Welcome and farewell parties,Graduation party,Wedding dinner,family and Alumni`s unions. Business guests will benefit from our room high-speed wireless Internet and a comfortable work desk.",24,30,"African,Rwandan & International,Vegan/Vegetarian",,0786396133,nyungwehouse2020@gmail.com
LUJO MOTEL LTD,Accommodation entity,Motel,Eastern Province,Bugesera,https://tourismregulation.rw/en/entity/profile/1371/,Licensed,"lujo motor ltd is situated in bugesera district near mayange centre, comfortable motel therice a comfortable terace where you can seat eat and drink   with a goo view , there is also saunna and massage, a comfortable rooms free wi-i services    we have also arestaurant.",9,9,"International,African,BBQ,Rwandan",,0788361612,janvieru805@gmail.com
NSHIMIYIMANA INNOCENT,Tour operator/Travel agent/Tour guide,Tour guide,City Of Kigali,Nyarugenge,https://tourismregulation.rw/en/entity/profile/1375/,Licensed,A Tour guide specialized in wildlife and animal interpretation! Passionate about game drive and birding.,0,0,,,0783074096,nshimiyinnocent1@gmail.com
Legend hotel ltd,Accommodation entity,Town hotel,City Of Kigali,Gasabo,https://tourismregulation.rw/en/entity/profile/1416/,Licensed,"Legend hotel is a hotel located in Kigali city and it's so easy to reach there. We have different service like restaurant, bar,rooms,garden. ...",10,16,,,0788302589,ouwimbabazi303@gmail.com
loyalty land ventures,Restaurant/Bar/Nightclub,Restaurant,City Of Kigali,Kicukiro,https://tourismregulation.rw/en/entity/profile/1385/,Licensed,"the loyalty land ventures is an 9 rooms ,comfortable hotel ,situated in the heart of kicukiro niboye where is located in Rainbow hotel .the hotel is arranged in one floor, without a lift. On the floor ,part from the reception, there is comfortable lounge where you can sit and drink tea, the rooms has Good terrace, the bed are very nice and you can relax on it all the time and we have free Wi-Fi service. We have two Halls for different ceremonies",0,0,African,www.rainbowhotel,0782475273,loyaltylandhotel@gmail.com
Chez Lando Hotel,Accommodation entity,Town hotel,City Of Kigali,Gasabo,https://tourismregulation.rw/en/entity/profile/1432/,Licensed,"Chez Lando Hotel is located in Kigali-Rwanda, just five minutes from Kigali International Airport, few steps from Kigali Convention Center, Amahoro National stadium, Kigali Arena, and right on the way to the heart of town. We represent the essence of a homely, green, family-friendly and hospitable hotel with 60 rooms, two conference-meeting rooms that can host up to 30 and 200 persons respectively and La Fringale, our famous restaurant, is ideal for business lunches and meetings.The buffet breakfast is served in the restaurant on the upstairs. The hotel provides an internet point, and a free Wi-Fi service.",63,60,"International,African,American,BBQ,Chinese",www.chezlando.com,+250788385300,info@chelando.com
Le Royale Apartments,Accommodation entity,Serviced apartment,City Of Kigali,Gasabo,https://tourismregulation.rw/en/entity/profile/1384/,Licensed,"Le Royale Apartments consist of 28 luxury fully furnished apartments including a penthouse with 2 separated buildings with 14 apartments each, comfortable serviced apartment which is located in Nyarutarama near Khana kazan and has been serving various tenants like Diplomats, Ambasadors, Doctors, Enterpreneurs, NGO Staff, Chefs and other highly respected individuals and families past 8 years … and close to several Restaurants, RDB, and Tennis / Golf Club 15 minutes away from the Airport. Le Royale Apartments offers Dstv,Internet,automatic generator,cleaning services,security,24 hours reception, fully air condition,water,electricity inclusive in the rent.",50,50,,,0782265965,rent@leroyale.rw
Mythos Boutique Hotel,Accommodation entity,Town hotel,City Of Kigali,Nyarugenge,https://tourismregulation.rw/en/entity/profile/1389/,Licensed,"The Mythos Group has taken time to carefully create an experience that mirrors the vision of Rwanda especially in Hospitality Development. This twenty-four room establishment consisting of 12 suites and 12 standard rooms which all feature air conditioning, a fully working kitchenette, fridge, high speed WIFI and premium television channels, is complimented by an 80-seater restaurant offering many different dishes from local food to French and Italian creations. With additional facilities such as conference rooms and a beautiful garden with a pool we feel we have created the perfect luxury experience and a “home away from home” for the corporate and leisure traveler alike.",24,48,"International,African,Italian,Rwandan,Sandwiches,Soups & Salads,Snacks",www.mythos.rw,+250 787 838 564,info@mythos.rw
NOBILIS HOTELS &APARTMENTS,Accommodation entity,Serviced apartment,City Of Kigali,Nyarugenge,https://tourismregulation.rw/en/entity/profile/1421/,Licensed,"NOBILIS HOTELS&APARTMENTS  is an 21 apartments, comfortable hotel, situated in KIYOVU near the RURA Head office  Kigali City. The hotel is arranged on two floor, without a lift. On the ground floor, apart from the reception, there is a comfortable living room where you can sit, drink, or just read and watch TV. There is also swimming pool , where you can relax and immerge yourself from morning on wards in the atmosphere of Kigali daily life.  arranged on the first floor. On the ground floor, there is also one room and one apartment for the use of guests. The breakfast ,lunch and dinner are served in the restaurant or on the terrace.. The hotel has a business center, internet points and a free Wi-Fi service.",21,21,"International,African,American,Rwandan,Rwandan & International,Other (specify)",none,0788581121,nobilishotelapartments1@gmail.com
Eden Palace Hotel,Accommodation entity,Town hotel,Southern Province,Ruhango,https://tourismregulation.rw/en/entity/profile/1271/,Licensed,"eden garden palace hotel is an 30 rooms, comfortable hotel,situated in the heart of Ruhango near district the hotel have a very good kitchen and a very good place where you can sit and drink tea, or just read, the hotel provides an internet point and a free wifi service.",30,30,"African,American",,0788597483,usengjeanmarievianney@gmail.com
PREMIER TRANPORT SERVICES LTD,Tour operator/Travel agent/Tour guide,Tour operator,City Of Kigali,Kicukiro,https://tourismregulation.rw/en/entity/profile/1544/,Licensed,Premier transport services is a transportation and tour operating company with it's main office in Kicukiro. We have been operating as a transport company for the past Six years but currently registered as tour operator.,0,0,,www.pts.rw,0785083553,info@pts.rw
Nyurah,Restaurant/Bar/Nightclub,Restaurant,City Of Kigali,Nyarugenge,https://tourismregulation.rw/en/entity/profile/1406/,Licensed,"Nyurah is derived from the Kinyarwanda word “Kunyurwa,” which means to delight. Nyurah is an Afro-gastronomic experience that aims to provide the highest quality of service and innovative cuisine from the continent of Africa. The restaurant aims to change the African narrative through food culture by serving locally sourced products in an elegant and sophisticated way. By doing this, Nyurah promotes Rwandan farmers and local markets. Nyurah is located on the Mezzanine Floor of the Alliance Towers Building also known as the New BPR Building in town. To access the restaurant guests can either choose to use the stairs or take the elevator. The restaurant is divided into 3 sections based on use: kitchen area for cooking, the main restaurant which is the dining area for guests, and the washing area. The main restaurant which is the dining area has a maximum capacity of 30 people which overlooks the scenic beauty of the Hotel des Mille Collines and Kiyovu's green forestry. We offer our guests a set menu and beverages (alcoholic and non-alcoholic). Nyurah also provides its guests with charging points and free Wi-Fi service.",0,0,African,www.nyurah.com,0787296968,info@nyurah.com
M HOTEL,Accommodation entity,Town hotel,City Of Kigali,Gasabo,https://tourismregulation.rw/en/entity/profile/1538/,Licensed,"M Apartment  Hotel has 108 rooms with two presidential wing, comfortable hotel, situated near city of Kigali. The hotel is arranged on 14 floors with a lift to facilitate the movement from one floor to another. On the ground floor, apart from the reception, there is a comfortable  business lounge where you can sit and drink tea  or coffee, or just read. There is also a splendid terrace, where, you can relax and immerge yourself from morning onwards in the atmosphere for city life. The rooms are arranged from the second floor to eight floor. On the second floor, there is also a delightful terrace available for the use of guests and also our main dinning restaurant, from where you can enjoy the wonderful view with different type of cuisines. Our buffet breakfast is served in the restaurant on the second floor. The hotel provides an internet point, free Wi-Fi service, conference halls for weddings and conferences. We do also have recreational facilities for relaxation, like sauna, massage, gym and swimming pool for families to enjoy",108,140,"International,African,American,Chinese",N/A,0788674704,reservation@mhotelkigali.com
LEBANON HOTEL,Accommodation entity,Town hotel,City Of Kigali,Gasabo,https://tourismregulation.rw/en/entity/profile/1423/,Licensed,"Lebanon hotel is an 29 rooms in Kigali located at KG 213 St, House No 58, Remera-Gasabo, less than 10 minutes away from Kigali International Airport, 2 minutes away from Amahoro National Stadium 5 minutes away from Kigali Convention Center… Lebanon hotel is arranged on three floors, without a lift. On the ground floor, apart from the reception, there is a comfortable lounge where you can sit and drink tea, or just read. There is also a splendid terrace, where, you can relax and immerge yourself from morning onward in the atmosphere of Kigali daily life, watching the city. The rooms are arranged on, first and second floors. On the top floor, there is also a delightful balcony and terrace available for the use of guests, from where you can enjoy the wonderful view. The buffet breakfast is served in the Restaurant on the ground floor, and also outside on our little patio during the summer months. The hotel provides an internet point, and a WIFi service. The hotel offers modern accommodations for business and tourist travelers, restaurant, conference facilities, a swimming pool, sauna and massage services, free shuttle services to as well as from the airport.",29,40,"International,African,Asian,BBQ",www.lebanonhotelkigali.com,0785008632,reservationlebanonhotel@gmail.com
Centre d'Accueil Sainte Agnès,Accommodation entity,Town hotel,Eastern Province,Rwamagana,https://tourismregulation.rw/en/entity/profile/673/,Licensed,"Centre d'Accueil Sainte Agnès is a comfortable hotel located in Town of Rwamagana, on the main road Kigali-Kayonza in 300 meters walk from Eastern province and Rwamagana District offices . With 35 well equipped rooms,  Centre d'Accueil Sainte Agnès offers to its guests nice breakfast slept in its rooms and others coming from outside of hotel on the delightful terraces where they can also watch news on TVs. It has Three conference rooms whose the biggest can host 300 people seated with free WiFi internet inside and around the ground. Centre d'Accueil Sainte Agnès also offers the services related to the Bar and Restaurant due to its experienced and skilled staffs. Centre d'Accueil Sainte Agnès is surrounded by different long and short trees whose their canopy do a favorable atmosphere for guests .  In Centre d'Accueil Sainte Agnès a guest is a King",35,80,Rwandan & International,www.centresainteagnes.com,"0782813656 (Reception), 0788554345 (Manager), 0788322228 (General Manager), 0788306512 (Owner )",sainte_agnes@yahoo.fr
BILLY'S BISTRO,Restaurant/Bar/Nightclub,Restaurant,City Of Kigali,Gasabo,https://tourismregulation.rw/en/entity/profile/1403/,Licensed,"Billy's Bistro is part of the complex Century Park Hotel & Residences. Is is situated in a plush area of Kigali called Nyarutarama, where you can find hotels, shops, restaurants and a newly renovated golf course. The location is one of the most beautiful in Kigali, facing a huge park and at sunset the colors of the sky are unforgettable. The restaurant served food from the Italian tradition fused with the Rwandan food culture and it is using products 90% coming from Rwanda. The menu is offering you a great variety of starters, salads, pasta dishes, meat and fish, and amazing desserts. A huge wine list is complementing the food menu with wines coming from South Africa, Italy, France and South America. For its location the restaurant is attracting a lot wedding and other ceremony.",0,0,Italian,,0735000908,mc.billybistro@gmail.com
TUNG CHINESE CUISINE,Restaurant/Bar/Nightclub,Restaurant,City Of Kigali,Gasabo,https://tourismregulation.rw/en/entity/profile/1405/,Licensed,"TUNG CHINESE CUISINE is operating in Nyarutarama a plush location in the City of Kigali. Facing one of the most beautiful park in town, is offering to his guests the possibility to dine in the beautiful restaurant on in the huge garden just in front. A Chinese Chef is waiting for you to delight your palate with an exclusive taste from the old tradition. Using local products is mixing the sweet and sour taste of the Chinese Cuisine with the taste of the local vegetables and meat. The garden can host wedding and ceremony and it is the best location for family and kids, having an huge kids place in his garden.",0,0,Chinese,,0738858888,cp.tungcuisine@gmail.com
CHILLAX LOUNGE,Restaurant/Bar/Nightclub,Bar,City Of Kigali,Gasabo,https://tourismregulation.rw/en/entity/profile/1404/,Licensed,"CHILLAX LOUNGE LOCATED IN NYARUTARAMA IN A BEAUTIFUL OPEN SPACE INSIDE THE CENTURY PARK , OFFERS AN AMAZING VIEW A DISTINCTIVE DESIGN ALONG WITH AN IMPRESSIVE SERVICE AND SELECTION OF EXCLUSIVE COCKTAILS AND WINES ALONG WITH AN GASTRONOMIC TOUCH OF THE BILLY`S BISTRO FOOD MENU. FREE WIFI AVAILABLE, SCREENS AND A LOTS OF ENTERTAINMENTS. SEE YOU SOON",0,0,International,,0783314105,ROLACHEW@GMAIL.COM
ROOTS INN LTD,Accommodation entity,Town hotel,City Of Kigali,Gasabo,https://tourismregulation.rw/en/entity/profile/1440/,Licensed,"ROOTS INN HOTEL is the hotel with 18 rooms ,comfortable hotel ,with green garden  and beautiful view of city of kigali.the hotel is arranged of two floors,without a lift on the ground floor,apart from the reception,there is confortable lounge where you can sit and enjoy tea of Rwanda,there is also a splended terrace,where arranged on first floors and second floors.the hotel  provides  an internet point with hight speed,",18,18,International,www .rootinn.com,0788645062,claudineroots.inn@gmail.com
HOTEL ISIMBI,Accommodation entity,Town hotel,City Of Kigali,Nyarugenge,https://tourismregulation.rw/en/entity/profile/1451/,Licensed,"Hotel Isimbi is a shareholder hotel founded in 1992 with 20 rooms situated in the center of Kigali city on KK 84 ST, 6. In 2015 we started an extension project building with 6 floors and a basement. The hotel  old building of 4 floors with a basement where we serve buffet at midday and organize some parties and ground floor with a reception, a lounge for our clients and  a restaurant on ground floor which serve breakfast, super, diner. Rooms are arranged on 3 floors, the fourth floor have with a medium conference hall. We provide an internet data in each room and a free Wifi service, TV with nationals and international channels and phones.  In order to improve our services we expanded the hotel with a building containing 36 rooms with different standards arranged on 5 floors accessible by lift or stairs. The basement of the new building have a big kitchen, ground floor with a parking of 10 cars, the pent floor will be occupied by a panoramic restaurant - bar.",52,67,"BBQ,Pizzeria,Rwandan & International,Sandwiches,Soups & Salads,Snacks,Vegan/Vegetarian",,"0788300078, 0788595530",hotelisimbi@hotmail.com
Ezra Boutique Villa,Accommodation entity,Villa,City Of Kigali,Gasabo,https://tourismregulation.rw/en/entity/profile/1447/,Licensed,"Ezra Boutique Villa (EBV) is an 8-self contained rooms boutique hotel. It is located next to the main entrance of Lemigo Hotel and opposite Fair View building. While we have been in operation for only 2 years we pride ourselves in being able to provide quality services and exceptional customer care. Our main advantage over similar setups is our location (2 minute walk to the Kigali Convention Centre), combined with serenity and peace. Our rooms are very attractive and food is tempting. To our resident customers we provide reflexology and massage by professionals. Our beautiful garden and the gazebos are extremely inviting to those who appreciate quality coffee/tea and fresh juice drinkers.",9,10,International,www.ezraboutiquevilla.com,0789031800,info@ezraboutiquevilla.com
Sambora Ltd,Accommodation entity,Lodge,Northern Province,Musanze,https://tourismregulation.rw/en/entity/profile/1775/,Licensed,"Sambora Kinigi Lodge is an enchanting haven nestled in the heart of Rwanda's Volcanoes National Park, offering an exceptional blend of luxury and nature. This intimate retreat provides an unforgettable experience centered around the awe-inspiring Silverback Gorillas of Rwanda. The lodge boasts delightful four single story cottages that ensure privacy and exclusivity, enveloping guests in the serene beauty of the untamed wilderness. Each accommodation is thoughtfully designed and fully inclusive, with a focus on sustainability and local sourcing, creating a harmonious connection with the vibrant community. All rooms and cottages are en-suite with spacious bathrooms. Refreshments and snacks are provided in each room, along with free wireless internet. One of Sambora Kinigi Lodge's highlights is its culinary excellence, led by Chef Revocat. Guests are treated to a culinary journey featuring locally sourced ingredients that reflect the flavors of Rwanda all from the stylish Uburanga dining room which looks out towards Sabyinyo Volcano. The menu is customizable to cater to individual preferences and dietary needs, ensuring a truly personalized dining experience. Welcome drinks, hot towels and tasty snacks. bites and fresh fruits are provided to all guests on arrival, complimenting local traditional dance and music which greet the guests as they enter the site. Sambora Kinigi Lodge offers an all-inclusive package that encompasses three sumptuous meals per day, soft drinks, local beers, and an impressive selection of house wines. Guests are also treated to a complimentary 20 minute relaxing or therapeutic massage with further treatments available. The lodge's location in Gorilla country provides easy access to life-changing encounters with Silverback Gorillas, making it a premier destination for wildlife enthusiasts. With its lush gardens, eucalyptus-stoked wood fires, and breathtaking views, Sambora Kinigi Lodge is a secret hideaway where nature and luxury seamlessly intertwine, promising guests an unforgettable escape in the heart of Rwanda's wilderness.",4,8,"International,African,Rwandan & International",www.samborakinigi.com,+250792400049,stay@samborakinigi.com
VIRUNGA INN RESORT & SPA LTD,Accommodation entity,Lodge,Northern Province,Musanze,https://tourismregulation.rw/en/entity/profile/1450/,Licensed,"The VIRUNGA INN RESORT &SPA LTD IS AN TWENTY ROOMS COMFORTABLE LODGE SITUATED IN MUSANZE. VIRUNGA INN HAS PART OF RECEPTION AND THERE IS A COMFORTABLE  AREA WHERE YOU CAN SIT , DRINK TEA OR FOOD AND THE HAVE PLACE FOR RELAX EVENY YOU CAN ENJOY  THE WONDERFUL VIEW .WE HAVE THE STRONG INTERNET FOR FREE FOR EVERYONE",20,36,International,,250789685985,virungainnrestspa@gmail.com
SINA GERARD MULTI-INVESTMENT COMPANY (SGMIC) Ltd,Restaurant/Bar/Nightclub,Restaurant,Northern Province,Rulindo,https://tourismregulation.rw/en/entity/profile/1082/,Licensed,"SINA GERARD/ENTERPRISE URWIBUTSO is an agro-processing company located at Nyirangarama, about 45 Km north  of Kigali City, on the RN4 road (Kigali - Musanze - Rubavu main road), Rulindo District, Northern Province It is primarily producing a range of various food and beverage commodities.   Among its multiple activities, the company is running a restaurant at Nyirangarama and Kigali. Considered as a stopover and resting area, Nyirangarama offering also an accommodation service to travelers",10,15,Rwandan,www.sinarwanda.com,0788302999/0788305111,owner@sinarwanda.com
Bicu Lounge,Restaurant/Bar/Nightclub,Restaurant,City Of Kigali,Nyarugenge,https://tourismregulation.rw/en/entity/profile/1584/,Licensed,"Bicu Lounge is situated on the 7th floor rooftop of Hotel Isimbi, it sits capacity of 70 people The Lounge is a blend of natural elements of wood and metal infused together to create a sophisticated experience. The lounge is a beautiful sight of colours and natural vegetation. A delicious grill menu with modern cocktails bringing to life a unique dining experience for Kigali enthusiasts and tourists.",0,0,"International,BBQ,Snacks",,0787966352,graniacompanies@gmail.com
360 DEGREES PIZZA ART,Restaurant/Bar/Nightclub,Restaurant,City Of Kigali,Gasabo,https://tourismregulation.rw/en/entity/profile/1452/,Licensed,"A warm welcome to you from 360 degrees Artisan Pizza. Named after the nature of our pizza which is cooked at above 360 degrees Celsius, we opened our doors in 2013 to offer a unique upscale casual dining experience. Our pizza pays homage to old world Vera Pizza Napolitano traditions, but is a contemporary take on the style. The pizza arrives still steaming from our Stefano Ferrara wood burning oven. The crust is thin, with a blistered cornicione—the raised rim of the pizza that’s the outer crust of the pizza — about an inch thick. It is neither thin and crispy nor thick and soft but chewy and crisp all at once. Because it is handcrafted, no two are exactly alike. The toppings are fresh and natural with each ingredient tasting very much like what it is. Our pizza strikes a careful balance among crust, sauce, and cheese with not too much of any one component. What’s our secret? ‘00’ Caputo flour and San Marzano tomatoes imported straight from Italy, combined with fresh ingredients to form a beautiful pizza that is cooked at over 360 degrees Celsius in our handmade Stefano Ferrara oven. Sounds Authentic? Well it is. The same way the Italians have been doing it for centuries. At 360, our wine philosophy is simple: great pizza deserves great wine. From Naples to Nairobi, we go to great lengths to bring you the best selection at the best price.",0,0,International,http://www.360degreespizza.com/,0789904671,kigaliheights@360degreespizza.rw
MURERAMANZI SUFIANI,Tour operator/Travel agent/Tour guide,Tour guide,Northern Province,Musanze,https://tourismregulation.rw/en/entity/profile/2178/,Licensed,Professional Tour guide,0,0,,,0788340138,manzi.sufiani@gmail.com
THE CELLAR RESTAURANT LTD,Restaurant/Bar/Nightclub,Restaurant,City Of Kigali,Gasabo,https://tourismregulation.rw/en/entity/profile/1478/,Licensed,"Services offered: 1. Restaurant and mobile food services activities 2.Manufacture of backery products 3.Mixed farming 4.Retail sale in non-specialized store with food, beverages or tobacco predominating",0,0,Pizzeria,www.thecellar.rw,+250788305424,aristidekamali@rocketmail.com
JAVA HOUSE LTD,Restaurant/Bar/Nightclub,Restaurant,City Of Kigali,Gasabo,https://tourismregulation.rw/en/entity/profile/1140/,Licensed,"In 1999, we introduced coffee drinking and gourmet café culture to Kenya. As we grew, we created more spots where people could enjoy the Java experience conveniently.Java House is on the move — we’re building branches and creating jobs all over East Africa, working to bring the Java experience closer to you.",0,0,International,WWW.JAVAHOUSE LTD,+250788381132,kigaliheights@javahouseafrica.com
Fuchsia Club LTD,Restaurant/Bar/Nightclub,Restaurant,City Of Kigali,Nyarugenge,https://tourismregulation.rw/en/entity/profile/1459/,Licensed,"Fuchsia Sports Club is a branch of Fucshia Club Ltd, situated in Rugunga. Fuchsia sports offers services of restaurant and bar. It has a big compound which can accommodate more than 300 people as there are outdoor place and indoor place. Fuchsia Sports is located in a sports club, so our clients can enjoy our service after sports activities.  You will found tennis, Football, Swimming, Ping pong, squatch etc.",0,0,"International,African,BBQ",www.fuchsialounge.rw,0788535672 /  0788527453,kabri105@gmail.com
DOLCE BAR and RESTAURANT,Restaurant/Bar/Nightclub,Restaurant,City Of Kigali,Nyarugenge,https://tourismregulation.rw/en/entity/profile/1463/,Licensed,We are situated in Kiyovu/Kigali and our main business is to serve food an drinks to clients within a smooth musical environnement. One of Kigali's old and experienced venues.,0,0,"International,BBQ",www.dolcebar.co.rw,+250788625108,dolcebarkgli@gmail.com
Akagera Transit Lodge Ltd,Accommodation entity,Vacation hotel or resort,Eastern Province,Kayonza,https://tourismregulation.rw/en/entity/profile/1576/,Licensed,"Akagera Transit Lodge is a community lodge made of a blend of luxury and traditional setting located in the community surrounding Akagera National Park. It is located in 2km away from the main entrance of Akagera National Park. We offer you the best experience before, during, and after your trip in the park. Our rooms, kitchen, and coffee shop are at your disposal for you to enjoy every single moment of your park experience. Our Lodge has 13 rooms, free WiFi, free parking, Laundry services, Fireplace.",13,26,"International,African",www.akageratransitlodge.com,0788691169,longin@akageratransitlodge.com
ROSE GARDEN PRIVATE APARTMENT LTD,Accommodation entity,Serviced apartment,City Of Kigali,Gasabo,https://tourismregulation.rw/en/entity/profile/1449/,Licensed,"our hotel apartment has 25 rooms. it is situated in Kigali town, Remera-Nyarutarama near MTN center and close to Indian Embassy. the hotel has 5 floors. the Hotel apartment has a good parking and garden, the capacity of parking is 100 vehicles. it has Wi-Fi network, security guards and free transport to our customers.",50,25,"African,Asian,Chinese",,0788989608,simon@homartgroup.com
MADRAS HOTEL APARTMENTS,Accommodation entity,Serviced apartment,City Of Kigali,Gasabo,https://tourismregulation.rw/en/entity/profile/1431/,Licensed,"Altis Hotel Apartments is  a three storey building located at Gasabo District, near Uiversite Libre de KiGALI (ULK) and Belgium School of Kigali (Ecole Belge). We provide to our clients a high quality of accommodation, It was opened in 2021. This property is located a short distance from Kigali Memorial site. Madras Hotel Apartments is the top luxury leading hotel apartments in Gisozi. Madras hotel apartments has 21 serviced units, indoor gym, restaurant, big garden. Refined 1 - to 2 - bedroom apartments feature kitchens, flat screens, and internet access, as we as living and dining areas. Upgraded apartments include fully fitted kitchen washer, dryers, balconies and/or kIGALI VIEWS. we provide an outcall massage inside the apartments.",32,32,"International,American,French",,+250788301358 and/or 0788305684,info@madras.org
Kabana Club bar resto,Restaurant/Bar/Nightclub,Bar,City Of Kigali,Gasabo,https://tourismregulation.rw/en/entity/profile/865/,Licensed,Provide notes for your entity .,0,0,French,,0788504647,yacinen@yahoo.com
HIGHLANDS SUITES APARTMENTS,Accommodation entity,Serviced apartment,City Of Kigali,Gasabo,https://tourismregulation.rw/en/entity/profile/1470/,Licensed,"The Highlands Suites Hotel- Nyarutarama in Kigali feature amongst the most luxurious accommodation in Rwanda kigali. 36 suites which are both beautiful and ethereal provide guests with hotels and apartments in rwanda accommodation in Kigali which both reflect the vibrancy of Kigali town, with hotels and apartments in rwanda contemplative serenity. These luxury suites in Rwanda kigali make up the romantic accommodation which feature luxuriously appointed Suites state of art furnishing,  DSTV, Kitchen, suites have been designed with hotels and apartments in rwanda the maximum comfort of guests for their stay. The Highlands Suites Hotel provides a slice of true paradise in accommodation made up of Two and One room suites which captivate the soul and lighten the heart. Truly light, spacious and ethereal in countenance, they convey all that has been lovingly designed from the suites. Signifying the wondrous beauty of Kigali, Highlands Suites Hotel accommodation makes use of the Rwandese sunlight which bestows its wondrous beauty and changes throughout the day. In keeping with hotels and apartments in rwanda its African heritage, the hotel makes up for an experience that is totally magical. Ideally located at the very heart of Rwanda kigali, Nyarutarama, one of Kigali’s high profile suburbs, the hotel stands amidst a well spacious landscaped ground and green gardens. An oasis of cool and green, encircled by the beauty of Kigali, this 36-suites world-class hotel is the focal point of national, regional, business, political and social life. Inspirationally styled as a showcase for Rwandese art, this unique Suites hotel offers; 3 conference facilities and business centers, a garden auditorium, two bars and restaurants,Swimming Pool, Gym, Spa, Bar and Restaurant, Clean and quiet neighborhood, 24/7 security with hotels and apartments in rwanda inbuilt cameras",36,48,"International,African,BBQ,French,Indian,Pizzeria,Rwandan,Rwandan & International,Sandwiches,Soups & Salads,Snacks",www.highlandsuiteshotel.com,+250 789 111 457,info@highlandsuiteshotel.com
RIDERS RWANDA LIMITED,Restaurant/Bar/Nightclub,Restaurant,City Of Kigali,Gasabo,https://tourismregulation.rw/en/entity/profile/1462/,Licensed,"RESTAURANT,LOUNGE AND BAR LOCATED DIRECTLY OPPOSITE THE CONVENTION CENTER IN KIGALI HEIGHTS 1ST FLOOR. 30 MINS AWAY TO THE AIRPORT.",0,0,International,,0784836839,dockharlie2@gmail.com
Ishimirwe Ingrid Jeanne Elyse,Tour operator/Travel agent/Tour guide,Tour guide,City Of Kigali,Kicukiro,https://tourismregulation.rw/en/entity/profile/1661/,Licensed,Committed to serving others.  I am a self-motivated woman with a high level of emotional intelligence and self-discipline,0,0,,,0783015313,ingrid.ishimirwe@gmail.com
BAHAMAS,Restaurant/Bar/Nightclub,Restaurant,City Of Kigali,Gasabo,https://tourismregulation.rw/en/entity/profile/1210/,Licensed,BAHAMAS is located at kigali in gasabo district we have nice place where the clients can seat and enjoy and our price is very cheap your welcome,0,0,International,,+250788218029,niyodaddy12@gmail.com
HAYTON MOTEL,Restaurant/Bar/Nightclub,Bar,Eastern Province,Gatsibo,https://tourismregulation.rw/en/entity/profile/1011/,Licensed,Hayton limited is a bar restaurant located in Eastern province Rutsiro district. it has 12 well trained employees who take care of customers and the vision of Hayton is keep serving its clients with incredible services.,0,0,"African,Rwandan",,0788309856,haytonrw@gmail.com
KING'S SAFARIS RWANDA Ltd,Tour operator/Travel agent/Tour guide,Tour operator,City Of Kigali,Gasabo,https://tourismregulation.rw/en/entity/profile/1559/,Licensed,King’s Safaris is the ultra-exclusive travel and lifestyle company in Rwanda and the best DMC in East Africa. Known for setting the highest standard for service excellence in the hospitality and tourism industry of the East African region. King’s Safaris focuses on providing the finest travel experiences to the ultimate of Africa’s destinations.,0,0,,https://kingssafaris.com/,0788782228,info@kingssafaris.com
UM-UT CAFE-RESTAURANT,Restaurant/Bar/Nightclub,Restaurant,City Of Kigali,Nyarugenge,https://tourismregulation.rw/en/entity/profile/1480/,Licensed,"Our Restaurant, has Turkish and International cuisine, is located in the Center of the City, It has a garden and indoor area, our Restaurant has a wide menu of Pizza,burger,grill,pasta etc.is also very successful in soft drinks and coffee varieties, we Provide quality Services and it is offered by professional staff in extremely hygienic Conditions.",0,0,"BBQ,Pizzeria,Rwandan & International,Sandwiches,Soups & Salads,Snacks",,+250780057605/ +250723707474,ensayz444@gmail.com
14th Avenue Wine bar and Restaurant,Restaurant/Bar/Nightclub,Restaurant,City Of Kigali,Gasabo,https://tourismregulation.rw/en/entity/profile/1751/,Licensed,"Welcome, dear traveler, to a remarkable fusion of tastes and experiences right here in Kigali, Rwanda – the 14th Avenue Wine Bar and Restaurant. Nestled in the heart of the city, 14th Avenue is a Mediterranean oasis that's more than just a wine bar. It's a gastronomic adventure that combines an extraordinary array of wines from across the globe with a Mediterranean-style kitchen that draws on the sun-kissed flavors of the coast. The bar offers a vast selection of both local and international wines, promising a delight for every kind of oenophile. But it's the culinary fare that truly sets it apart. Drawing inspiration from the diverse culinary traditions of the Mediterranean, the restaurant creates mouthwatering masterpieces that harmonize beautifully with your chosen libation. Whether you're indulging in a delicate pasta, savoring a flavorful tagine, or nibbling on an assortment of mezzes, 14th Avenue guarantees an unforgettable dining experience. Here, warm African hospitality meets Mediterranean charm, creating an atmosphere as enticing as the menu. So, if you find yourself in Kigali and craving a taste of the Mediterranean paired with the perfect glass of wine, look no further than 14th Avenue Wine Bar and Restaurant - a celebration of wine, food, and culture in the heart of Africa.",0,0,"French,Italian,Rwandan & International,Soups & Salads,Vegan/Vegetarian",www.kn14th.com,+250788333130,info@kn14th.com
JAVA HOUSE,Restaurant/Bar/Nightclub,Restaurant,City Of Kigali,Gasabo,https://tourismregulation.rw/en/entity/profile/1484/,Licensed,JAVA HOUSE REMERA BRANCH,0,0,"International,African,American,Rwandan,Sandwiches,Snacks,Vegan/Vegetarian",,0783254958,remera@javahouseafrica.com
KAIZEN HOTEL,Accommodation entity,Town hotel,City Of Kigali,Nyarugenge,https://tourismregulation.rw/en/entity/profile/1495/,Licensed,"kaizen hotel is an 22 rooms , comfortable hotel, located in Kigali town  especial around nyabugogo taxi park . the hotel is arranged third floors with a lift  on the last floor , apart from the reception ,there is a comfortable lounge where you can sit and eat as well as drink or just read. on the last floor there is place where you can sit and relax with your friends watching different beautiful place such as mountain  Kigali  , hill jali there is also another thing which is interesting to a lot of guests it see the movement of many people walking to the taxi  park around the hotel in  a great atmosphere of Kigali daily life . in previous period  before covid -19 we had a music band with different singers and musicians there was also karaoke . the hotel provide an internet point , and WI-FI service.",22,35,International,www.kaizenhotel.rw,0788271523,kaizenhotel@gmail.com
Four Steps Hotel,Accommodation entity,Town hotel,Southern Province,Huye,https://tourismregulation.rw/en/entity/profile/1485/,Licensed,"Four Steps Hotel is an 25 rooms, comfortable hotel, situated in the heart of Huye Town. The hotel is arranged on two floors, without a lift. On the ground floor, apart from the reception, there is a comfortable lounge where you can sit and drink tea, or just read. There is also a splendid terrace, where, you can relax and immerge yourself from morning onwards in the atmosphere of Huye daily life. The rooms are arranged on the first, second floors. On the second floor, there is also a delightful terrace available for the use of guests, from where you can enjoy the wonderful view. There is also a big swimming pool where you can go and enjoy the swim also there is a beautiful garden with a beautiful view and fresh air,The buffet breakfast is served in the restaurant on the ground floor. The hotel provides an internet point, and a free Wi-Fi service.",25,28,"International,African,BBQ",-,0788358681,fourstepshotel@gmail.com
EAST GATE HOTEL,Accommodation entity,Town hotel,Eastern Province,Ngoma,https://tourismregulation.rw/en/entity/profile/1501/,Licensed,"East Gate Hotel is a 72 Rooms, a luxury hotel with much comfort. it is situated in Ngoma District Kayonza Rusumo main Road, at only 100m from kibungo round about, 500m from ngoma stadium, 2km to kibungo referral hospital and it is only 30min driving to Akagera National Park. East Gate Hotel Provides accommodation services, restaurant services, bar services, conference halls services, swimming pool, gym, sauna and massage, wedding ceremonies, special parties, exhibitions, outside catering. The Rooms are well equipped with TV Sets, air conditional, internet WIFI, wardrobes, headboards and very nice veranda where the clients use to seat while enjoying fantastic view and fresh air from many lakes surrounding Ngoma district and thousands flowers as well .The East Gate Hotel operates 24hours a day, it serves full board services: Bed, breakfast, tea break, lunch, dinner while enjoying the sun shinning from East Gate.The parking space, garden shapes, enough wide space, thousands flowers make East Gate Hotel The best place to be, it's your home far away from your home place.Dear Esteemed guests, you are most welcome to East Gate Hotel",72,120,International,www.eastgatehotelrwanda.com,+250 787584969,eastgatehotel2020@gamil.com
New Sainte Anne Hotel,Accommodation entity,Town hotel,Northern Province,Musanze,https://tourismregulation.rw/en/entity/profile/1424/,Licensed,"The New Sainte Anne Hotel is working in the same building where the former Sainte Anne Hotel was working in Musanze Disctrict, Musanze City. In general only the Name of hotel has been a little changed because the management of the Hotel has been changed. The New sainte Anne Hotel is located in center of Musanze city near the road Kigali -Musanze- Rubavu. One of the particularities of New Sainte Anne Motel is the cleanness both outside and inside the rooms . In the whole Musanze it is well known that Sainte Anne Hotel has the best Rooms. We have 16 rooms  for guests and 2 rooms for staff , it means that anytime our visitors need a service our staff are around to assist them. We have a parking place , a restaurant, and conference hall. 13 rooms are arranged in second floor and 3 rooms are on first floor. The hotel provides a 4G internet connectivity. In each  room there is a TV and a land line telephone and the hot water.  Our second particularity is to offer a good service for the affordable prices.",16,20,African,,(+250)785450505,newsaintanne@yahoo.fr
centre de pastorale saint pierre,Accommodation entity,Vacation hotel or resort,Southern Province,Nyamagabe,https://tourismregulation.rw/en/entity/profile/1507/,Licensed,"centre de pastorale staint pieerre is an 50  rooms, comfortable vaccation centre, situated in the heart of nyamagabe  Town. the vacation centre is arranged on two floors, without a lift. On the ground floor, apart from the reception, there is a comfortable lounge where you can sit and drink tea, or just read. There is also a splendid terrace, where, you can relax and immerge yourself from morning onwards in the atmosphere of nyamagabe daily life. The rooms are arranged on the first, second floors. ,  The buffet breakfast is served in the restaurant on the ground floor. the vacation centre provides an internet point, and a free Wi-Fi service.",50,113,"International,African",,07884110767,centredepastoralegik@gmail.com
BELIZE MOTEL,Accommodation entity,Motel,City Of Kigali,Gasabo,https://tourismregulation.rw/en/entity/profile/1539/,Licensed,"Example: The  BELIZE MOTEL   is an 10 rooms, comfortable motel, situated in the heart of kigali Town. The motel is arranged on two floors, without a lift. On the ground floor, apart from the reception, there is a comfortable lounge where you can sit and drink tea, or just read. There is also a splendid terrace, where, you can relax and immerge yourself from morning onwards in the atmosphere of Gasabo daily life. The rooms are arranged on the first, second floors. On the second floor, there is also a delightful terrace available for the use of guests, from where you can enjoy the wonderful view. The buffet breakfast is served in the restaurant on the ground floor. The hotel provides an internet point, and a free Wi-Fi servic",10,10,"International,BBQ",www belize.rw.com,0788301002,Belizemotel.rw@gmail.com
Auberge saint Jean Leopold,Accommodation entity,Motel,City Of Kigali,Kicukiro,https://tourismregulation.rw/en/entity/profile/1532/,Licensed,"AUBERGE SAINT JEAN LEOPOLD MOTEL is a 12 rooms,comfortable motel,situated in Kanombe behind kigali international airport in Nyarugunga Sector.The motel is on the ground floor and some rooms are on two floors,without a lift.On the ground floor,apart from the reception,there is a comfortable lounge where you can sit and drink tea,or just read.There is also splendid terrace,where ,you can relax and immerge yourself from morning onwards in the atmosphere of Airport area daily life.The rooms are arranged on the ground floor and others on the first and second floors.On the second floor,there is also a delightful terrace available for the use of guests,from where you can enjoy the wonderful view.the buffet breakfast is served in the restaurant on the ground floor.the motel provides an internet point,and free WIFI-service.",12,12,"African,BBQ,Pizzeria,Rwandan & International",www.aubergesaintleopold.com,0788300657,fbwanakeye1@gmail.com
NOVALAND HOTEL,Accommodation entity,Town hotel,City Of Kigali,Gasabo,https://tourismregulation.rw/en/entity/profile/1511/,Licensed,"The NOVALAND  Hotel is an 17 rooms, comfortable hotel, situated in Kigali City,, Gasabo District, Ndera Sector,, Rudashya Cell . The hotel is arranged on two floors, without a lift. On the ground floor, apart from the reception, there is a comfortable lounge where you can sit and drink tea, or just read. There is also a splendid terrace, where, you can relax and immerge yourself from morning onwards in the atmosphere of Gasogi/ ijuru rya Gasogife. The rooms are arranged on the first, second floors. On the second floor, there is also a delightful terrace available for the use of guests, from where you can enjoy the wonderful view. The buffet breakfast is served in the restaurant on the ground floor. The hotel provides an internet point, and a free Wi-Fi service.",17,17,"African,BBQ,Chinese,Pizzeria,Rwandan,Soups & Salads,Other (specify)",,+250788473528,novalandhotel2021@gmail.com
VINTAGE COTTAGE,Accommodation entity,Cottage,Eastern Province,Rwamagana,https://tourismregulation.rw/en/entity/profile/1510/,Licensed,"Vintage Cottage is a vacation area located at the shore of lake Muhazi at Gati in Rwamagana District, about 54km from Kigali city.  Vintage Cottage was founded in 2017 by Mrs Rwamukwaya U. Beatrice and his spouse. The place started as private vacation area for her family and friends. The visitors made a wish to make it public and increase the room numbers.  Now at Vintage Cottage, we have  10 self-contained rooms with the fastest 4G internet connection. Vintage Cottage is constructed in ecological materials designed in artistic way. The place is located at Lake Muhazi not far from Kigali City, in 53 km, 60 minutes car driving. Guest can do fishing among sports that she/he can enjoy at our place. Tilapia fish from lake Muhazi is among our delicious foods and we can cook it in different way as the guest wish. Vintage cottage is located to 200meters from Falcon Golf and you may access different touristic sites of lake Muhazi in the boat. As a guest of Vintage Cottage, you may choose to stay in one of our elegant rooms, or you may prefer the exclusivity and additional living space of one of our cottages.  No matter which accommodation option you choose, you are assured of unparalleled refinement that leaves no details overlooked. Among our 6 sophisticated rooms guests can choose Double rooms and Cottage with comfortable beds, washrooms with separate bedrooms and our Family Cottage, whose 300 square meters of living space encompass a master bedroom with queen bed, a bathroom with shower constructed in stones, and water from the source with impressive spaces for meeting or entertaining. Each room’s design and detailing reflect the Pan-African heritage with sophisticated furnishings perfectly complemented by plush fabrics in bright color palettes. All accommodation at Vintage Cottage has been designed to meet the needs of corporate and leisure travelers with complimentary high-speed Internet, minibars and 24-hour room service. Our rooms are designated non-smoking, smoking rooms can be arranged with prior notice. Our Restaurant overlooks the lake and has been styled to offer a classically elegant interior with a light-filled atrium overlooking the verdant tropical gardens. Breakfast, lunch and dinner are served at our restaurant, each with its own subtly different ambience, and each as suited to a business briefing as to a more relaxed social or family event. Anglo-American or continental breakfasts feature an extensive buffet selection of homemade pastries and breads, fresh juices and fruits and a tempting array of continental delicacies. Lunch at our restaurant features an extensive buffet selection, which varies daily. And our Restaurant is open for dinner daily and offers both a table d’hôte menu and a wide range of à la carte options.",14,18,Rwandan & International,www.vintagecottagerwanda.com,0785008137,info@vintagecottagerwanda.com
TANIA'S CUISINE & LOUNGE,Restaurant/Bar/Nightclub,Restaurant,City Of Kigali,Gasabo,https://tourismregulation.rw/en/entity/profile/1526/,Licensed,"Tania's Cuisine & Lounge was found by Tania Gakuba in January first as food catering business and since February 2020 with a home at M&M Plaza on KG 8 avenue in Gishushu Area, Gasabo, Kigali, Rwanda. Tania has always been very passionate about cooking and have had various experiences throughout her life in Kinshasa DRC, Brussels Belgium London UK and Kigali Rwanda. Tania's Cuisine & Lounge is specializing in African cuisine with a variety of cuisine from East, Central, and West Africa. You are welcome for a unique experience at Tania's cuisine & Lounge",0,0,African,www.tania's.rw,0788500635,t.gakuba@gmail.com
HEAVEN GARDEN LTD,Accommodation entity,Serviced apartment,City Of Kigali,Kicukiro,https://tourismregulation.rw/en/entity/profile/1514/,Licensed,"Heaven Garden Ltd is private company host events including wedding receptions,meeting and basically service apartment with beautiful garden and playground for children",4,4,,,0783988072,heavengardenrebero@gmail.com
Emma-O Apartments Ltd,Accommodation entity,Serviced apartment,City Of Kigali,Kicukiro,https://tourismregulation.rw/en/entity/profile/1487/,Licensed,"The Emma-O Aprtment is a new property  located in Kicukiro ditrict, Kanombe sector Kabeza Cell, Mulindi Village. The Apartment is a 3 floor fully furnished property, with the best view, a splendid terrace, indeed the serenity you deserve. The apartments provides an excellent internet connection  (free Wi-Fi service), cleaning of rooms/units and professional secutity guards. It has 12 units with 24 rooms all self contained and accommodates people of all walks of life. The apartment is built on the tarmac road-Niboye-Kabeza with 10minute drive from Kigali International Airport, 2m drive to Kabeza Market, close to pharmacies, hotels and medical facilities. It is a serene place for individuals and families.",24,24,"International,African",N/A,+250788643528,emmaoapartments@gmail.com
Destination Rwanda Ltd,Tour operator/Travel agent/Tour guide,Tour operator,City Of Kigali,Gasabo,https://tourismregulation.rw/en/entity/profile/1517/,Licensed,selling tour packages,0,0,,www.Destination-Rwanda.com,0788592924,info@Destination-Rwanda.com
GREAT HOTEL KIYOVU LTD,Accommodation entity,Town hotel,City Of Kigali,Nyarugenge,https://tourismregulation.rw/en/entity/profile/1513/,Licensed,"GREAT HOTEL KIYOVU is an 64 rooms, comfortable hotel, situated in Kigali City. The hotel is arranged on 7 floors, with two lift. On the ground floor, apart from the reception, there is a comfortable lounge where you can sit and drink tea, or just read. There is also a splendid terrace, where, you can relax and immerge yourself from morning onwards in the atmosphere of kigali city daily life. The rooms are arranged on the first, second, third, fourth, fifth, sixth and seventh floors.  The buffet breakfast is served in the restaurant on the ground floor. The hotel provides an internet point, and a free Wi-Fi service.",64,64,Rwandan & International,greathotelkiyovu.rw,0788382272- 0791550182- 0791550183,info@greathotelkiyovu.rw
THE LITTLE HILL BOUTIQUE HOTEL LTD,Accommodation entity,Town hotel,City Of Kigali,Gasabo,https://tourismregulation.rw/en/entity/profile/1551/,Licensed,"The Little Hill Boutique Hotel is a cultural, eco friendly& natural attraction service provider. it is located at Gacuriro in umucyo Estate, 428 street from Nyarutarama Center. it takes only 20min driving from Kigali International Airport of Kanombe and 20min to Kigali Town center. The little hill Boutique Hotel provides different services including: accommodation services, restaurant, bar, breakout meeting room, coffee shop, master grill, laundry services, gift shop home delivery services, entertainment and live band music performance. Our rooms are well furnished and well equipped with different amenities such as: air condition, safe deposit, mini fridge, big TV Screen, telephone and the all rooms are covered by the free internet WIFI. The animals that you can find in different parks are our uniqueness for cultural and natural tourism attraction promotion. The hotel contains 7 elegant rooms at friendly rates. the place is so quiet, ever green, nice view and much privacy. We serve from breakfast, lunch, dinner, A la carte services where by we can serve local and international dishes for our clients. Dear Esteemed guests, you ware most welcome to the little hill boutique hotel and i ensure you the quality services all the times. The little hill boutique management and its entire staff wishes you a very fruitful year of 2022.",7,8,International,http//thelittlehillhotel.com,078307214,manager@thelittlehillhotel.com
Legacy Heritage Tours,Tour operator/Travel agent/Tour guide,Tour operator,City Of Kigali,Gasabo,https://tourismregulation.rw/en/entity/profile/1712/,Licensed,"Legacy Heritage Tours is a Rwanda based tour and travel company that offers domestic, Inbound and outbound tourism services. At Legacy Heritage we provide tours and safari in Rwanda and across the east african region with our unique approach and technique, based on the client's expectation and timing. we specialize in arrangement adventure tours, gorilla trekking, primate trekking, hiking volcanoes, wildlife safaris, community-based tourism, nature walk, boat cruise tours, visiting waterfall, hot springs, museum and memorials sites, caving and rock tours, city tours and exploration.",0,0,,www.legacyheritagecompany.com,0788400818,legacyheritage.rw@gmail.com
Travaleur,Tour operator/Travel agent/Tour guide,Tour operator,City Of Kigali,Gasabo,https://tourismregulation.rw/en/entity/profile/1521/,Licensed,"With offices located in the exclusive Masterpiece Mall near Kigali International Airport, our company offers both B2C and B2B travel solutions: Travaleur is an expert hybrid B2C Tour Operator, specialising in experiential travel to thirteen countries in East, North and Southern Africa; and Travulous, a trading name of Travaleur, is a specialist B2B Tour Operator (DMC) for Rwanda and Uganda, including extension itineraries to Kenya and Tanzania. Our Management Team has proudly worked with world-class conservation organisations including, the Born Free Foundation, the Dian Fossey Gorilla Fund International, the Jane Goodall Institute, and the World Wildlife Fund. Having travelled the length and breadth of the African continent, we are the Africa experts. We have first-hand knowledge of every country we feature; between us, our team has travelled to more than 25 countries on the African Continent, including the completion of an 18-month self-drive overland journey in an expedition-equipped 4x4 vehicle from London to Cape Town (return). We know Rwanda and Uganda extremely well, having first starting working in the region in 2003. Travaleur and Travulous are members of Protected Trust Services (PTS #5472). All customers and agents, globally, can book with confidence knowing their money is financially protected as all funds are safely held in a separate trust account, managed by independent trustees and your money is only used to pay for your trip. We cater to an international clientele as we also have offices in London and Boston.",0,0,,www.travaleurgroup.com,+250 790 696 288,info@travaleur.com
KAYSUN HOTEL,Accommodation entity,Vacation hotel or resort,City Of Kigali,Nyarugenge,https://tourismregulation.rw/en/entity/profile/1531/,Licensed,"KAYSUN HOTEL , Hotel is 17 rooms, comfortable hotel, situated in the heart of KIYOVU and 3 minutes drive to the city center Town. The hotel is arranged on one floor, without a lift. On the ground floor, there is a comfortable restaurant and fresh garden where you can sit and drink tea, or just read. There is also a splendid terrace, where, you can relax and immerge yourself from morning onwards in the atmosphere of kiyovu daily life. The rooms are arranged on the ground floor and first, floors. On the first floor, there is also a delightful terrace available for the use of guests, from where you can enjoy the wonderful view. The buffet breakfast is served in the restaurant on the ground floor. The hotel provides an internet point, and a free Wi-Fi service.",17,17,Rwandan & International,,+250789431381,kaysunhotel1@gmail.com
David Rutikanga,Tour operator/Travel agent/Tour guide,Tour guide,City Of Kigali,Kicukiro,https://tourismregulation.rw/en/entity/profile/1660/,Licensed,Tour Guide. Taking tourists around,0,0,,www.dguitravels.com,+250788615233,david@dguidetravels.com
Hallmark Residences,Accommodation entity,Villa,City Of Kigali,Kicukiro,https://tourismregulation.rw/en/entity/profile/1529/,Licensed,"Hallmark Residences is a unique gated estate of 30 self contained homes available for short, medium and long term lets.  The 30 residences consist of 16 four bedroomed homes and 14 three bedroom homes.  The homes are all self contained each with their own gated entrance, parking and garden.  The residences are all on the one level so easily accessible.  Each home is fully furnished and consists of sitting room, dining area, fully equipped kitchen, 3 or 4 double bedrooms with en-suite bathrooms, air conditioning, hot water heater and maids quarters.  All homes have high speed Wi-Fi access and internal telephones.  Guests have the option to cater for themselves or to hire a chef to cater for their eating requirements.  The homes are situated next to Hallmark Commercial centre which also houses a fitness centre, sauna and swimming pool available to guests staying in the homes as well as a childrens play area.  The site has its own back-up generator to ensure a constant supply of power.",106,106,,,+250 783 572 424,nina.gatesi@hallmarkresidences.com
The Nest Rugando,Accommodation entity,Town hotel,City Of Kigali,Gasabo,https://tourismregulation.rw/en/entity/profile/1554/,Licensed,"Beautiful 22 en-suite garden rooms and cozy courtyard rooms with outdoor seating. Located in the heart of Rugando, Kigali’s most happening neighborhood  with a fantastic selection of restaurants and bars all within a 5 minute walk, a short walk from the Convention Centre. We provide fast free internet, hot showers and a healthy breakfast. We look forward to welcoming and giving you A STAY YOU’LL LOVE.",22,22,"Rwandan & International,Soups & Salads",www.nesthotels.com,0785839198,info@thenestkigali.com
QUIET HAVEN NYANZA HOTEL,Accommodation entity,Town hotel,Southern Province,Nyanza,https://tourismregulation.rw/en/entity/profile/1846/,Licensed,"QUIET HAVEN NYANZA HOTEL is a town hotel located in Nyanza District in Busasamana sector. It is set in Nyanza, 32 km from Murambi Genocide Memorial Centre, QUIET HAVEN NYANZA HOTEL offers accommodation with a garden, free private parking, a restaurant and a bar. Among the facilities at this property are room service and a 24-hour front desk, along with free WiFi throughout the property. The property is non-smoking and is situated at 5 km from the King's palace and 37 km from Ethnographic Museum. The hotel will provide guests with offering a desk, a flat-screen TV, a terrace and  with a water closet. At QUIET HAVEN NYANZA HOTEL all rooms are 100% ensuite and have balconies with allows a nice view of the nyanza Town centre and the surrounding mountains. The nearest airport is Kigali International Airport, 101 km from the accommodation.",13,13,"American,BBQ,Italian,Rwandan & International,Sandwiches,Soups & Salads,Snacks",www.quiethavennyanza.smarthavenlt,0788448587,quiethavenhotelnyanza@gmail.com
Heaven Experiences Ltd,Tour operator/Travel agent/Tour guide,Tour operator,City Of Kigali,Nyarugenge,https://tourismregulation.rw/en/entity/profile/1656/,Licensed,"Heaven Experiences Ltd offers unique cultural tours of Kigali, and promotes Rwanda as a destination. We curate art, fashion and culinary tours, visits to community and conservation projects, and excursions to all national parks.",0,0,,https://heavenrwanda.com/experiences/,+250798685343,heavenexperiences@heavenrwanda.com
GOOD GALAXY MOTEL,Accommodation entity,Lodge,City Of Kigali,Nyarugenge,https://tourismregulation.rw/en/entity/profile/1577/,Licensed,"GOOD GALAXY LODGE is an 14 rooms, comfortable lodge, situated in the heart of Kigali Town. The lodge is arranged on one floor, without a lift. On the ground floor, apart from the reception, there is a comfortable lounge where you can sit and drink tea, or just read. There is also a splendid terrace, where, you can relax and immerge yourself from morning onwards in the atmosphere of Kigali daily life. The rooms are arranged on the ground, first floor. On the fist floor, there is also a delightful terrace available for the use of guests, from where you can enjoy the wonderful view.  The Lodge provides an internet point, and a free Wi-Fi service.",14,14,,,0782298588,emmug2020@gmail.com
Urban Park Suites,Accommodation entity,Town hotel,City Of Kigali,Gasabo,https://tourismregulation.rw/en/entity/profile/1578/,Licensed,"Urban Park Suites is a class apart boutique motel located in  the City of Kigali, Remera sector, Gisementi.  Now in its third month in operation, Urban Park Suites is an ideal place to hung out while in Remera. The place has 360 degree facilities with enough parking space. The place conference and meeting facilities. Urban Park Suites is a 45 rooms, comfortable boutique hotel, situated in the heart of Kigali City, in the busy Remera Sector, the gateway to the Rwanda's MICE industry. The hotel is arranged on two floors, with a lift. On the ground floor, apart from the reception, there is a beautiful lounge where you can sit and drink tea, or just read. There is also a splendid terrace, where, you can relax and immerge yourself from morning onwards in the atmosphere of Kigali's daily life. The rooms are arranged on the first, second floors. On the second floor, there is also a modern restaurant, while the rooftop bar, provides breathtaking views of Kigali International Airport and your eyes can stretch as far as Bugesera Airport.  The hotel has  one of Kigali's unique soundproof  music lounge on its  basement. The hotel provides an internet in every room, AC safe, and a free Wi-Fi service",18,20,,www.urbanparksuites.com,0790008667,Info@urbanparksuites.com
Salamatours & Travel Agency,Tour operator/Travel agent/Tour guide,Tour operator,City Of Kigali,Gasabo,https://tourismregulation.rw/en/entity/profile/1579/,Licensed,"Salamatours & Travel Agency is a registered company with TIN Number 111256895, which deals with tourism, travel and hospitality services in Rwanda.",0,0,,www.salamatoursrwanda.com,+250 788 589 113,salamatoursrwanda@gmail.com
People Bar & Dance Venue,Restaurant/Bar/Nightclub,Nightclub,City Of Kigali,Gasabo,https://tourismregulation.rw/en/entity/profile/1691/,Licensed,Kigali's oldest and best night club.  PEOPLE is Kigali's favorite clubbing destination! Entertainment catering for all music lovers with be,0,0,,,+250 788 650 014,philibartner@yahoo.fr
Godiscoverafrica ltd,Tour operator/Travel agent/Tour guide,Tour operator,City Of Kigali,Kicukiro,https://tourismregulation.rw/en/entity/profile/1684/,Licensed,"GoDiscoverAfrica Tours is a premier tour company operating in Rwanda, offering extraordinary travel experiences that showcase the beauty and diversity of the Land of a Thousand Hills. With a deep appreciation for Rwanda's unique culture, breathtaking landscapes, and abundant wildlife, the company specialises in crafting personalised and tailor-made itineraries. Our expert team of local guides and travel enthusiasts possess extensive knowledge of Rwanda's hidden gems, ensuring that every journey is filled with unforgettable encounters. From thrilling gorilla trekking adventures in Volcanoes National Park to immersive cultural experiences in vibrant local communities, we curate diverse and authentic trips that captivate our clients' hearts. Committed to responsible and sustainable tourism, GoDiscoverAfrica Tours collaborates with eco-conscious lodges and conservation efforts, ensuring that our presence positively impacts both local communities and the environment. Safety and comfort are paramount, and we provide seamless travel arrangements and accommodation at handpicked lodges and hotels. Whether you seek a transformative safari experience or a soul-stirring exploration of Rwanda's rich heritage, GoDiscoverAfrica Tours stands ready to create an exceptional journey that will leave you with cherished memories of this enchanting country. Let us be your guide to Rwanda's wonders and unlock the true essence of this captivating destination.",0,0,,http//:godiscoverafrica.rw,+250791349744,godiscoverafrica20@gmail.com
WAYS HOME STAY APARTMENT,Accommodation entity,Serviced apartment,City Of Kigali,Gasabo,https://tourismregulation.rw/en/entity/profile/1582/,Licensed,"WAYS HOME STAY Apartment is newly built apartment located at GASABO district, REMERA sector, NYABISINDU cell, GIHOGERE village at KG 219st on gate No. 15. It is a favorite accommodation choice in Kigali. With 3 levels it is well equipped to cater for the business man and woman, overseas tour groups, sports groups, school groups as well as the individual just looking for short and long term accommodation! It has 6 units where each unit has one living room one dining one fantastic kitchen, two marvelous bedrooms and two bathrooms. It has high speed internet, CCTV surveillance, enough security which comfort the tenant",12,12,,www.wayshomestay.com,0788336054,wayshomestay@gmail.com
S & E Agency Ltd,Tour operator/Travel agent/Tour guide,Travel agent,City Of Kigali,Gasabo,https://tourismregulation.rw/en/entity/profile/1711/,Licensed,"S & E Agency is a travel agency that located  in Gasabo District, Remera sector, Rukiri II at Yussa plaza Kisimenti.  It operate in tickets booking, Hotels reservation, car rental, summer camps and tour operators.",0,0,,www.sandeagency.com,0787859694,s.eagency50@gmail.com
NSHIMIYIMANA Jean Paul,Tour operator/Travel agent/Tour guide,Tour guide,City Of Kigali,Gasabo,https://tourismregulation.rw/en/entity/profile/1647/,Licensed,freelance guide .,0,0,,,0788690775,mahirwejeanpaul@gmail.com
HOME FREE HOTEL,Accommodation entity,Town hotel,City Of Kigali,Gasabo,https://tourismregulation.rw/en/entity/profile/1565/,Licensed,"Home free hotel is new hotel located at Kimihurura, it has 29rooms, restaurant, bar, Gym, and conference room,..",29,39,International,,+25079565569,homefreehotel@gmail.com
IBIGABIRO HOTEL,Accommodation entity,Town hotel,Western Province,Nyamasheke,https://tourismregulation.rw/en/entity/profile/1857/,Licensed,"IBIGABIRO HOTEL is a luxury hotel located in the West Province of Rwanda, in Nyamasheke District, Kagano Sector, Ninzi Cell near the head office of Nyamasheke District. This hotel stands out as one of the most beautiful and unique accommodations in the area, offering an unmatched experience for travelers seeking comfort and tranquility. Situated along the main road to Kigali, IBIGABIRO HOTEL is known for its peaceful surroundings, free from the hustle and bustle, allowing guests to relax in total serenity. One of the key highlights of the hotel is its breathtaking views of the Lake of Ash, which can be admired from the balconies of the guest rooms. Whether you're looking to unwind after a long journey or enjoy the natural beauty of Nyamasheke, this hotel provides an ideal retreat. The rooms are exceptionally well-prepared, offering a blend of modern comfort and luxury, ensuring that all guests feel at home. The hotel's experienced and well-trained staff ensure excellent service, catering to the needs of all visitors. From the moment you arrive, you are welcomed with warmth and professionalism, making your stay truly memorable. Key Features: Luxury Accommodation: Beautifully prepared rooms that offer comfort and a touch of elegance, with serene balcony views of the surrounding nature, especially the Lake of Ash. Quiet Environment: A peaceful location, free from noise, providing a perfect setting for relaxation. Scenic Views: The balconies provide panoramic views of the lake, making it an ideal spot to sit and enjoy the beauty of nature. Excellent Service: The hotel's staff are highly trained and experienced, ensuring that all guests receive top-notch hospitality. Additional Services: Dining options that include both local and international cuisine. Free Wi-Fi to stay connected during your stay. Outdoor relaxation areas to enjoy the tranquil environment. Conference and meeting facilities for business events or social gatherings. IBIGABIRO HOTEL offers a unique and relaxing stay in Nyamasheke District, making it the top choice for anyone visiting the area for leisure or business.",15,15,International,www.hotelibigabiro.rw,+250788777282,ibigabirohotel18@gmail.com
MOUNTAIN VIEW HOTEL & APARTMENT LTD,Accommodation entity,Serviced apartment,City Of Kigali,Gasabo,https://tourismregulation.rw/en/entity/profile/1122/,Licensed,"Mountain View Apartments is located in Gisozi, Kigali , RWANDA. We propose you to live in a magnificent complex composed of 7 different apartments, from 3 to 1 bedrooms. Each apartments are fully equipped, with high standard furniture, complete kitchen & African Art Decoration. You will love your stay with us !",12,16,Other (specify),www.mountainviewapartmentsrw.com,0788304435,hakoravedaste8@gmail.com
Maya Residences,Accommodation entity,Serviced apartment,City Of Kigali,Gasabo,https://tourismregulation.rw/en/entity/profile/1707/,Licensed,"Maya Residences is has 19 suites made up of 15 single-room suites, 3 double-room suites, and 1 double-room penthouse suite situated in Nyarutarama, Kigali. The property is arranged in 5 floors + basement, with a lift access to each floor. All the guest suites has high-speed WiFi internet access (60Mbs), daily housekeeping, laundry machines, fully-stocked kitchen, DSTV cable television, electricity, water, cooking gaz, on-premises free parking. Short-stay guests have complimentary breakfast for each night they spend with us. The front desk lobby is located at the ground floor, with a resto-bar located adjacent to the front desk lobby where guests can enjoy locally brewed Rwandan coffee or a cold brew accompanied with freshly made food from the Maya Bite kitchen. Each of the guest suites has a balcony terrace view of the infamous ""milles collines"" which light up at night especially in the vicinity of the Kigali Arena and Amahoro Stadium. The property offers service for long-term guests seeking long-stay leases as well as short-term guests seeking premium bed & breakfast for a few days in Kigali's centrally located Nyarutarama neighborhood.",19,23,International,www.mayaresidences.rw,0788351450,reservations@mayaresidences.rw
Four Points by Sheraton,Accommodation entity,Vacation hotel or resort,City Of Kigali,Nyarugenge,https://tourismregulation.rw/en/entity/profile/1588/,Licensed,"The Four Points by Sheraton Kigali is located in the city’s financial district and is close proximity to several embassies. This convenient four-star hotel is the perfect base to explore everything Kigali has to offer. With 154 modern rooms and suites, you can enjoy floor-to-ceiling windows, flat-screen TVs, ergonomic workspaces and complimentary high speed internet access. After a long day in Kigali, taste a delicious meal in one of our three restaurants and bars, reenergize at our 24-hour state-ofis a beautiful and comfortable Hotel with 154 rooms,  situated in the heart of City of Kigali. The Hotel has 8 floors, 142 rooms, 12 suites 9 meeting rooms, 6,727 sq ft of total meeting space",154,196,"International,African,Asian,BBQ",FOURPOINTS.COM,+250 724 987 207,David.Campbell3@marriott.com
MUTABAZI Emile,Tour operator/Travel agent/Tour guide,Tour guide,City Of Kigali,Gasabo,https://tourismregulation.rw/en/entity/profile/1596/,Licensed,"My names are MUTABAZI Emile, 32 years old, I hold A2 in Mathematics Physics and Geography, I have been trained about Tour guiding and effective customers service, I am an experienced Driver hold driving license class B&C, I speak Kinyarwanda, English, basic French and German where I hold A1 in German Language got from Goethe Institut Kigali.through my skills in tourism, my natural Hospitality and bloody tourism enthusiast,Rwanda Safari Guides Association trusted me to be  its member and I am now a qualified Member of Rwanda Safari Guides Association. So, I would like to be a licensed by RDB as tourists guide, thats a reason of my application. Please accept my application as I am ready to be the best ambassador guide to make Tourists extrem enjoy their stay in Rwanda. I am looking forward to your quick feedback.  Best regards Many thanks, Emile MUTABAZI.",0,0,,,0788834615,emilemutabazi1990@gmail.com
HOTEL MUHABURA,Accommodation entity,Town hotel,Northern Province,Musanze,https://tourismregulation.rw/en/entity/profile/1590/,Licensed,"HOTEL MUHABURA is an historical, quiet and beautiful HOTEL  located In CYUVE sector, MUSANZE  DISTRICT, at 90km From Kigali international airport ,,15km to VIRUNGA NATIONAL PARK,25km UGANDA BOARDER,65km to DRC BOARDER .Hotel MUHABURA provides employment that sets a national and international standard for service excellence and food quality. With its excellent customer service. HOTEL MUHABURA,  has 30 rooms included single standard rooms, double standard rooms, family rooms and executive suites MUHABURA HOTEL was developed as a noble initiative to promote members of the community economically and professionally and enhance the level of hospitality services within MUSANZE and Rwanda ,and EAST AFRICA. It is envisaged that with time,  HOTEL MUHABURA will be the Quality benchmark within the hospitality industry in Rwanda. HOTEL MUHABURA target is to become a vertically integrated firm providing excellent and specialized hospitality services. The facility has30 guest rooms – Restaurant, Conference hall. beautifull garden,HOTEL MUHABURA caters to international   tourists, business travelers, expatriate community, and professional Rwandans. HOTEL MUHABURA   hotel is a perfect venue for guests who want a clean, comfortable and quiet stay at affordable rates. Our core focus is to achieve 100% CUSTOMER SATISFACTION",30,50,"International,African,BBQ",www.hotelmuhabura.com,0788519039,info@hotelmuhabura.com
BIZIMANA NGABO ERIC,Tour operator/Travel agent/Tour guide,Tour guide,Northern Province,Musanze,https://tourismregulation.rw/en/entity/profile/1592/,Licensed,Eric is a highly self-motivated and result-oriented person who possesses good interpersonal and communication skills with an ability to maintain very high levels of integrity and responsibility. He is a team player who can also step up as a leader whenever called upon. Eric is keenly looking forward to advancing his tourism career and hopes to make a considerable contribution toward achieving the country‘s tourism sector milestones.,0,0,,,0788919406,ngaboeric13@gmail.com
AMAHORO APARTMENTS,Accommodation entity,Serviced apartment,City Of Kigali,Kicukiro,https://tourismregulation.rw/en/entity/profile/1700/,Licensed,"In the framework of sustainable development, EPR (Eglise Presbytérienne au Rwanda) established EPR Investment Company Ltd. At first, EPR Investment Company Ltd, emphasizes achieving high-quality standards of living through different development strategies, including Hospitality and accommodation development. That is why EPR by its company, invested in building an apartment called AMAHORO Apartment. This apartment has 11 apartments and another part of cafeteria. Each apartment has two bedrooms, two washing rooms, one kitchen and a living room. every apartment should be full with furniture and internet access. This apartment is conveniently located in Kigali City,  at Kicukiro District, Kicukiro sector, Gasharu Cell.",22,22,,www.amahoroapartments.com,+250791944602,amahoroapartment@gmail.com
TR-5 RESORT LTD,Accommodation entity,Town hotel,Southern Province,Kamonyi,https://tourismregulation.rw/en/entity/profile/1664/,Licensed,"The TR-5 RESORT HOTEL is an 10 rooms, comfortable hotel, situated in the heart of KamonyiTown. The hotel is arranged on two floors, without a lift. On the ground floor, apart from the reception, there is a comfortable lounge where you can sit and drink tea, or just read. There is also a splendid terrace, where, you can relax and immerge yourself from morning onwards in the atmosphere of Kamonyi daily life. The rooms are arranged on the first, second floors. On the second floor, there is also a delightful terrace available for the use of guests, from where you can enjoy the wonderful view. The buffet breakfast is served in the restaurant on the ground floor. The hotel provides an internet point, and a free Wi-Fi service.",10,12,"International,African,Asian,BBQ,Chinese",www.tr5resort.com,0792011751,info@tr5resort.com
Inland Africa Ltd,Tour operator/Travel agent/Tour guide,Tour operator,City Of Kigali,Gasabo,https://tourismregulation.rw/en/entity/profile/1667/,Licensed,"Inland Africa Safaris' core business is creating tour packages addressing the needs of tourists wanting to explore Rwanda and we operate tours across the country. Our packages include national parks, cultural, memorial, and heritage sites, and Kigali City. However, we are driven by the following foundational statements reflecting the company we are and aspire to be long term. Our Vision is to inspire a connected and sustainable future, envisioning an accessible Africa where everyone can engage with our rich heritage through immersive, eco-friendly tourism that champions local empowerment and conservation. We are a tour guides founded company, and our Mission is driven by our passion for meaningful travel experiences for anyone visiting or living in Rwanda.  We are committed to breaking barriers in African tourism, providing top-tier services while amplifying local narratives, driving community empowerment, and championing ecological preservation. We have five Core values: Authentic Experiences, Sustainability & Conservation, Accessibility, Adaptability, and Ingenuity, Community Upliftment, and Lifelong Learning For more information, visit our website on https://inlandafricasafaris.com/about/",0,0,,www.inlandafricasafaris.com,+250 792 401 200,services@inlandafrica.com
TTDU TRAVEL & TOURS,Tour operator/Travel agent/Tour guide,Tour operator,City Of Kigali,Kicukiro,https://tourismregulation.rw/en/entity/profile/1594/,Licensed,"TTDU TRAVEL & TOURS is a private managed  tour company under the name of TTDU Group Ltd which has qualified in providing different services including travel/ Safari tours in Rwanda and beyond boarders. We ourselves pride in delivering services at competitive prices with the best comfort experience of our guests. our office is located at St Peter's house Giporoso, Kigali, Kicukiro, Kabeza on 1st floor.",0,0,,www.ttdutraveltours.com,0788929708 / 0788406102,ttdutraveltours@gmail.com
SAVVY TOURS,Tour operator/Travel agent/Tour guide,Tour operator,City Of Kigali,Gasabo,https://tourismregulation.rw/en/entity/profile/1687/,Licensed,"It is in our Vision SAVVY TOURS to make your dreams come true! This is down through offering exceptional tours in a number of countries. we're dedicated to the flourishing people, wildlife, and environment of Africa. Our business is centered seamless travel experiences that allows you to explore stunning landscapes, wildlife, and communities our consultants will handle your needs with expertise and efficiency. We take pride in offering the best value for your money, thanks to our extensive network of accommodations, guides, and rangers. We're committed to beating any other price you might find.",0,0,,www.savvytoursandtravel.com,0788308914,savvytourandtravel@gmail.com
MIST SAFARIS LTD,Tour operator/Travel agent/Tour guide,Tour operator,City Of Kigali,Nyarugenge,https://tourismregulation.rw/en/entity/profile/1708/,Licensed,"Mist Rwanda Safaris is a trusted and reliable ground tour operator based in Kigali-Rwanda. We pride ourselves as a premier travel company in East Africa specializing in organizing unforgettable mountain gorilla trekking safaris to Volcanoes National Park and other wildlife safaris in Rwanda. At Mist Rwanda Safaris , we don’t restrict visitor exploration because we avail them a great opportunity to discover iconic tourist sites that make Rwanda one of Africa’s premier safari destination. We are fully registered and recognized tour company which makes us the genuine service provider, a good reason most travelers have considered us for their travel needs﻿.",0,0,,www.mistrwandasafaris.com,0785372824,bookings@mistrwandasafaris.com
SAVVY TRAVEL AGENCY,Tour operator/Travel agent/Tour guide,Travel agent,City Of Kigali,Gasabo,https://tourismregulation.rw/en/entity/profile/1689/,Licensed,"It is in our Vision SAVVY TOURS AND TRAVEL AGENCY to make your dreams come true! This is down through offering exceptional tours in a number of countries. we're dedicated to the flourishing people, wildlife, and environment of Africa. Our business is centered seamless travel experiences that allows you to explore stunning landscapes, wildlife, and communities our consultants will handle your needs with expertise and efficiency. We take pride in offering the best value for your money, thanks to our extensive network of accommodations, guides, and rangers. We're committed to beating any other price you might find.",0,0,,,+250788308914,savvytourandtravel@gmail.com
MUMBAI SPICE KITCHEN LTD,Restaurant/Bar/Nightclub,Restaurant,City Of Kigali,Gasabo,https://tourismregulation.rw/en/entity/profile/1669/,Licensed,"THE MUMBAI  SPICE KITCHEN LTD ,Is Best Indian Restaurants in Kigali, Kigali Province: Find Tripadvisor traveller reviews of Kigali Indian restaurants and search by price, location, and more,Mumbai Spice Kitchen is a Restaurant located at 5 KG 270 St, Remera, Kigali, RW. The business is listed under restaurant category",0,0,"Asian,Indian",www .mumbaispice.com,0784855164,kamleshbitwari@yahoo.com
Inyambo Travel Ltd,Tour operator/Travel agent/Tour guide,Tour operator,City Of Kigali,Gasabo,https://tourismregulation.rw/en/entity/profile/1854/,Licensed,"Lifetime Africa Expeditions is a Tour and Travel company situated in Kigali - Rwanda with our offices at Magnificat House, Office number C6 at KK 15 Ave, Kimironko. We extend our services and operations in Uganda, Kenya, Tanzania, and Zanzibar. We organize both Inbound and outbound tours and safaris",0,0,,https://www.lifetimeafrica.com/,0798288830,info@lifetimeafrica.com
Akagera Rhino Lodge Tours,Tour operator/Travel agent/Tour guide,Tour operator,Eastern Province,Kayonza,https://tourismregulation.rw/en/entity/profile/1597/,Licensed,"Akagera Rhino Lodge is a nature lodge located just 10 minutes outside of Akagera National Park's Main Sothern entrance, nestled in a shrubby 4 hectares on a cliff overlooking Lake Ihema in the park. In addition to 9 up class safari designed cabins, the lodge offers memorable day safaris in Akagera in its own safari designed 4x4 Vehicles, chauffeured by guides with site specific training and more than 9 years experience of guiding in Akagera National Park.",0,0,,www.akagerarhinolodge.com,0788865016,reservations@akagerarhinolodge.com
UMVA Muhazi,Accommodation entity,Lodge,Eastern Province,Rwamagana,https://tourismregulation.rw/en/entity/profile/1598/,Licensed,"UMVA Muhazi is in Rwamagana, 90 minutes from Kigali on the shores of Lake Muhazi, on the way to Akagera National Park. UMVA provides a boutique lodge experience that appeals to the adventurer and the designer. Located on a lakeside hill, each of UMVA's 9 curated rammed earth abodes has its own stunning view. There is a yoga deck, tennis court, and kayaks to meet all your adventuring needs. UMVA features a 4-course communal dining experience every night at 7PM included in the reservation. Breakfast, wireless internet and guest parking are complimentary. The staff can provide 24 hours concierge services as well as meeting or event services.",9,14,International,www.umvamuhazi.com,250791590042,management@umva.co
Nsanzumuhire Isaac,Tour operator/Travel agent/Tour guide,Tour guide,Northern Province,Musanze,https://tourismregulation.rw/en/entity/profile/1599/,Licensed,"am a hardworking, motivated and reliable Business owner and Tour guide with a strong background in banking and finance. I have 7 years’ experience in the tourism and hospitality secto",0,0,,www.volcanoviewrw.com,+250 788 821 820,isaacky01@gmail.com
AURA Lounge & Espresso Bar,Restaurant/Bar/Nightclub,Restaurant,City Of Kigali,Nyarugenge,https://tourismregulation.rw/en/entity/profile/1679/,Licensed,"The AURA Lounge & Espresso Bar is a Casual dinning style Restaurant located in Nyarugenge, Nyarugenge, Kiyovu with comfortable lounge where you can sit and drink tea, coffee, or just read. The breakfast is served in the restaurant and there is an optional of pick and go. AURA  serve lunch and dinner with European cuisine, and the bar is open from 2:00 pm till late. The Restaurant provides a car parking and a complementary free Wi-Fi service.",0,0,French,WWW.aurarw.com,0791689996,Info@aurarw.com
AND BEYOND RWANDA LTD,Tour operator/Travel agent/Tour guide,Tour operator,City Of Kigali,Nyarugenge,https://tourismregulation.rw/en/entity/profile/1659/,Licensed,"&BEYOND designs personalized high-end tours in 13 countries in Africa, four in Asia and four in South America, offering discerning travelers a rare and exclusive experience of the world as it should be. We believe in responsible travel which has a broad reach. It touches on each and every aspect of sustainable, conscious, intentional, purposeful, eco, green, ethical and regenerative travel. In travelling with &BEYOND, you are an active co-creator in leaving our world a better place. We own and operate 29 extraordinary lodges and camps in iconic safari, scenic and island destinations, in Africa and South America. This enables us to positively impact more than 9 million acres of wildlife land and 3,000 kilometres of coastline.",0,0,,www.andbeyond.com,+250792574450,john.munoru@andbeyond.com
Lahori Restaurant ltd,Restaurant/Bar/Nightclub,Restaurant,City Of Kigali,Nyarugenge,https://tourismregulation.rw/en/entity/profile/1676/,Licensed,"Lahori Restaurant is a Pakistani cuisine Restaurant, located in the center of Kigali City , where to access is easy for everyone around town. we offer good food with a quality customer service which make our guests so royal to us. we have best food and affordable to everyone. We offer Breakfast , lunch ( buffet) and Dinner . The restaurant is known for its Lahori specialty which attracts not only foreigners but also local guests . Food quality and excellent service are our main goals. We are so excited to keep bringing something new to our guests and can't wait to share our unique recipes.",0,0,Asian,,0783276944,lahoritaste827@gmail.com
CITY-BOND(PAVAN) TRAVELS & TOURS Limited,Tour operator/Travel agent/Tour guide,Travel agent,City Of Kigali,Nyarugenge,https://tourismregulation.rw/en/entity/profile/1600/,Licensed,We are  travel agent provide multi pal airlines  air tickets to worldwide & IATA approved agents . our services :- Book Air Tickets with Hotels booking to worldwide .,0,0,,www.citybondtravelsandtours.com,+250790654477,sales.kigali@ctbtravels.com
JAMBO TOURS & TRAVEL AGENCY,Tour operator/Travel agent/Tour guide,Tour operator,City Of Kigali,Nyarugenge,https://tourismregulation.rw/en/entity/profile/1605/,Licensed,"Jambo Tours & Travel Agency is one of the leading and well-established tours and travel Company in Rwanda with Vast experience in handling inbound and outbound holidays and travel not only for domestic tourists but also international tourists from all over the world. It is a Rwandan owned and accredited travel and tour company. We are based in Kigali, the commercial and political capital of the Republic of Rwanda. We are strategically positioned to provide all of your ground arrangements and customer service needs, while on safari in Rwanda. The company is run by a board of directors and backed by a team of specialized staff with excellent knowledge and expertise in their respective fields, thus guaranteeing personalized, reliable and professional service. Amongst our most important assets are the extensive knowledge base, deep-rooted professionalism and unwavering commitment of our highly-qualified and diverse staff. Our team of tours and travel specialists share a passion for creating the most inspiring experiences for every client. This requires a rare blend of professionalism and knowledge, patience and understanding, and most of all creativity and dedication.",0,0,,www.jambotoursrwanda.com,0788307648,info@jambotoursrwanda.com
W INTERNATIONAL TOURS Ltd,Tour operator/Travel agent/Tour guide,Tour operator,City Of Kigali,Gasabo,https://tourismregulation.rw/en/entity/profile/1665/,Licensed,it is in our Vision as W International Tours to make your dreams come true !!. This is down through offering exceptional tours in a number of countries. Our expertise in Africa offers you the best level of exclusivity that can not be seen else way in the world. In every destination we offer features some of the popular parks with different amazing activities does in these parks and staying in our carefully hand picked Lodge / Hotels. Our professional guides are carefully selected from among the best the industry can offer in each country we operate in. Our cars are top notch with a high level of maintenance and quick response in case of any emergency with the car. With us prepare to see Africa like you have never imagined before. Our itineraries are designed to suit you in every way. We take your dreams and make them true W International Tours always here for you!!,0,0,,,0792569900,mikew6372@gmail.com
Elizabeth golf apartment,Accommodation entity,Serviced apartment,City Of Kigali,Gasabo,https://tourismregulation.rw/en/entity/profile/1603/,Licensed,"Link property management is located in kigali town, Gasabo district, Remera sector, Nyarutarama cell. we offer accommodation service for short term and long term stay. we have more than 230 rooms of different categories.",68,160,,,0786224966,zoey@homartgroup.com
CHELI & PEACOCK SAFARIS RWANDA LTD,Tour operator/Travel agent/Tour guide,Tour operator,City Of Kigali,Nyarugenge,https://tourismregulation.rw/en/entity/profile/551/,Licensed,"Heaven Tours is a tour operator focused on unique experiences for luxury tourists visiting Rwanda.  Heaven Tours has carefully crafted tours which focus on social impact as well as experiences to encourage tourists to spend additional time taking in this magnificent city.  Heaven Tours highlights Kigali's many charms including culinary tours, arts and culture tours, and guided walks through areas of the city off the beaten track.",0,0,,www.heaventours.com,0782000001,info@heavenrwanda.com
umwiza Joanita,Tour operator/Travel agent/Tour guide,Tour guide,Eastern Province,Bugesera,https://tourismregulation.rw/en/entity/profile/1658/,Licensed,"Joanita UMWIZA drive as well as guiding tourists who visits the country to planned destinations also do nature interpretation, have got 8 years working experience in tourism industry 3 years of this been working in community development projects around the national parks as the park community liaison officer. I hold a bachelors degree in public administration and local governance, i have different training in guiding and nature interpretation, hospitality management and service excellence, city tour training as my supporting documents shows. I here by applying for a license so that I continue to operate with full required documents. i will be thankful if Granted",0,0,,non,0785183443,umwizajoan@gmail.com
TRAVEL QUEST COMPANY LTD,Tour operator/Travel agent/Tour guide,Travel agent,City Of Kigali,Nyarugenge,https://tourismregulation.rw/en/entity/profile/1608/,Licensed,"Travel Quest Co. is an IATA Accredited and Travel Agency and an Outbound Tour Operator based in Kigali, Rwanda. We take care of your travel arrangements, from airline tickets, transfers, hotel/lodge bookings and tours and excursions, to recommending an experience we believe will add something special to your trip. We do all the work. We create the itinerary, make the arrangements, oversee trip logistics, and ensure your trip meets our high standard. All you have to do is pack your suitcase and remember to take your passport. Our office is located in Grand Pension Plaza, Ground Floor, 2KN3,Ave, Nyarugenge.",0,0,,https://www.travelquest.co.com/,+250787296930,travelquestco@gmail.com
AFRICA JOURNEYS LTD,Tour operator/Travel agent/Tour guide,Tour operator,City Of Kigali,Nyarugenge,https://tourismregulation.rw/en/entity/profile/1604/,Licensed,"Africa Journeys Ltd. is a Destination Management Company (DMC) offering inbound travel services in Rwanda. We are a registered Rwanda company (TIN NUMBER #108413904) and a member of Rwanda Tours and Travel Association. Africa Journeys Ltd., based in Kigali, Rwanda, specializes in Groups, FIT, Special Interest, and MICE travel.",0,0,,https://www.africajourneysltd.com/,+250788585863,query@africajourneysltd.com
UNIQUE RWANDA VACATION EXPERTS,Tour operator/Travel agent/Tour guide,Tour operator,City Of Kigali,Nyarugenge,https://tourismregulation.rw/en/entity/profile/1663/,Licensed,"Unique Rwanda Vacation Experts, A professional travel company with specialization in planning and efficiently executing gorilla trekking safaris and wildlife tours to Rwanda. We  have got plenty to explore including wildlife game drives, bird watching tours, mountain hiking tours, cultural experiences, boat cruise tours, city tours, chimpanzee tracking tours, gorilla trekking tours among many other activities.",0,0,,www.uniquerwandavacations.com,+250788636303,info@uniquerwandavacations.com
Déjà Vu,Restaurant/Bar/Nightclub,Bar,City Of Kigali,Gasabo,https://tourismregulation.rw/en/entity/profile/1678/,Licensed,"A nice bar where you can find everything you wish to have. Great atmosphere, soft music and football destination. This is not just a bar!   We offer good and quality service.  Deja Vu has an up to date technology that allows you to call the waiter or ask for bills just by tapping on the button in the middle of every table. Come taste our good goat brochettes and when we tell you that your command gets ready in 30 min, don't hesitate to accept because they cannot go beyond the proposed time for every command. The place is awesome, the design is good. It's a phenomenon known as Deja Vu. You arrive at a place you've never been but it feels... familiar.",0,0,,,+250 788 650 014,dejavukigali@gmail.com
The Wave Lounge,Restaurant/Bar/Nightclub,Restaurant,City Of Kigali,Gasabo,https://tourismregulation.rw/en/entity/profile/1682/,Licensed,wave lounge is located in remera we serve v a variety of all African and European cuisines together with entertainment,0,0,"International,African,Rwandan",,0785646743,oweregodfrey@gmail.com
Villa kigali,Accommodation entity,Villa,City Of Kigali,Kicukiro,https://tourismregulation.rw/en/entity/profile/1610/,Licensed,The hills of south-east of Kigali hides a real jewel: Villa Kigali. This most private and luxurious accommodation offers everything you'll need during your stay to explore Rwanda or as a spacious home while doing business intown. In this exclusive hedeaway you can dine and unwind. Take a plunge in your private pool and experience the breathtaking views of the surrounding hills. Relax and treat yourself,4,7,"International,African,French,Italian,Rwandan",www.villakigali.com,0788777667,info@villakigali.com
Ezra NDIKUMWENAYO,Tour operator/Travel agent/Tour guide,Tour guide,City Of Kigali,Gasabo,https://tourismregulation.rw/en/entity/profile/1611/,Licensed,"Ezra is a passionate driver guide with an extensive experience of 5 years in the tourism sector, he  did different tourism trainings, farm trips throughout in Rwanda and East African countries. He have worked with different tour Companies. He strive to be one of the best driver and tour guides in Africa.",0,0,,,0786633937,ndikezra@gmail.com
Jean Yves NTWARI,Tour operator/Travel agent/Tour guide,Tour guide,City Of Kigali,Gasabo,https://tourismregulation.rw/en/entity/profile/1898/,Licensed,"**Jean Yves Ntwari – Experienced Safari & VIP Tour Guide** With 19 years of experience in Rwanda’s tourism industry, I have dedicated my career to showcasing the beauty, history, and rich biodiversity of this remarkable country. My journey began in **Nyungwe National Park**, where I worked as a tour guide for five years, immersing visitors in one of Africa’s oldest rainforests and its diverse wildlife. I then joined the **Rwanda Development Board (RDB)**, where I served as a **VIP guide**, leading high-profile guests, dignitaries, and international visitors through Rwanda’s breathtaking landscapes, national parks, and cultural landmarks. Through these experiences, I have honed my skills in storytelling, product development, and guest experience, ensuring each tour is engaging, insightful, and unforgettable. Passionate about **nature, wildlife, and conservation**, I am committed to **contributing to Rwanda’s tourism growth** by promoting it as a premier destination for nature lovers, adventure seekers, and cultural explorers. With expertise in **driver guiding, itinerary planning, and tourism marketing**, I aim to connect travelers with Rwanda’s unique heritage while supporting sustainable tourism initiatives. Whether it’s gorilla trekking in **Volcanoes National Park**, exploring the **savannah of Akagera**, or delving into the rich history of **Kigali**, my mission is to offer authentic and immersive experiences that leave a lasting impact. **Rwanda is a hidden gem**, and I am proud to be an ambassador, showcasing its wonders to the world.",0,0,,,0788341396/0788592024,ntwaliyves11@gmail.com
LUXURY AFRICA TOURS,Tour operator/Travel agent/Tour guide,Tour operator,City Of Kigali,Nyarugenge,https://tourismregulation.rw/en/entity/profile/1612/,Licensed,"Luxury Africa Tours offers personalized service beyond your imagination, with our team of experts ready to offer you luxurious and Heli travel, based on meticulously planned itineraries transforming your dreams into lifetime memories while striving to contribute to the conservation of our incredible continent.",0,0,,https://luxury-africa.com/,0791348719,info@luxury-africa.com
AFRICAR LTD,Tour operator/Travel agent/Tour guide,Tour operator,City Of Kigali,Gasabo,https://tourismregulation.rw/en/entity/profile/1614/,Licensed,We are customer service  oriented  and  promise to meet  and exceed  your expectations   with  reliable quality  service,0,0,,"www,.africar.rw",0788352003,info@africar.rw
The winners Travel COMPANY LTD,Tour operator/Travel agent/Tour guide,Travel agent,City Of Kigali,Nyarugenge,https://tourismregulation.rw/en/entity/profile/1621/,Licensed,"The Winners Company Travel LTD is a small travel agency located in Kigali city, on the ground floor of the Adventist of 7th Day Headquarters Building. The office has a staff working area and a comfortable sitting area for the clients.",0,0,,,+250791959182,thewinnerscomptravelltd@gmail.com
Lion Safaris Ltd,Tour operator/Travel agent/Tour guide,Tour operator,City Of Kigali,Kicukiro,https://tourismregulation.rw/en/entity/profile/1616/,Licensed,"Lion Safaris is a local based  tour  operator company. We have our main office from Kigali-Rwanda-Remera. We organize tour packages into mountain gorillas, Chimpanzees trekking in Rwanda and Uganda,big five safaris in Rwanda,Uganda,kenya,and Tanzania.",0,0,,www.lionsafaris.rw,+250787301552,info@lionsafaris.rw
Touch Africa Residence,Accommodation entity,Serviced apartment,City Of Kigali,Gasabo,https://tourismregulation.rw/en/entity/profile/1617/,Licensed,"Touch Africa residence is a fully furnished high-end apartments, located in Gasabo district ,kacyiru sector; The hotel is arranged on 3 floors, with a lift. On the ground floor, apart from the reception, there is a comfortable lounge where you can sit and drink tea, or just read.",42,1,"International,African,American",www.touchafrica.africa,0788365666,touchafricaltd@gmail.com
KIGALI MARRIOTT HOTEL,Accommodation entity,Town hotel,City Of Kigali,Nyarugenge,https://tourismregulation.rw/en/entity/profile/284/,Licensed,"This premier luxury business hotel in Kigali is located along KN3 Avenue in downtown Kigali, close to the financial district, embassies, government ministries and Kigali City Hall. Timeless elegance surrounds you on arrival to our modern and spacious lobby and grand stairs. Experience spacious guest rooms decorated in warm pastel colors and fitted with the latest in technology.",254,336,Rwandan & International,www.kigalimarriott.com,+250 222 111 111,hanna.magdy@marriott.com
GLOBE TRAVEL & TOURS,Tour operator/Travel agent/Tour guide,Travel agent,City Of Kigali,Nyarugenge,https://tourismregulation.rw/en/entity/profile/1618/,Licensed,"Globe Travel & Tours is a full-service travel company that has passionate travel and tours professionals with over 10 years extensive experience in the Tourism industry. We promise to offer the greatest value and the most reliable business travel services and we achieve this by continually moulding our approach to your specific and developing travel requirements to create customized travel services and programmes. More than just a service, we become an extension of your business, creating a partnership that enhances your business travel program. As a valued, long standing customer of Globe Travel & Tours, you can reap the benefits of our Corporate incentives and special services including dedicated sales and Reservation staff accessible through direct phone lines, mobile phones, e-mails and 24-hour emergency services.",0,0,,www.globetravel.rw,+250788969790,jeanninella@gmail.com
IREME Travel Agency,Tour operator/Travel agent/Tour guide,Travel agent,City Of Kigali,Nyarugenge,https://tourismregulation.rw/en/entity/profile/1619/,Licensed,"Ireme Travel agency Ltd is a private company specialized in providing travel agency activities including airline reservations and ticketing, hotels booking and visa assistance. we have a professional team with vast experience in tourism industry. Our office is located in central city of Kigali, Nyarugenge district, CHIC building, 1st floor, room B-07. our working hours are the following: Monday to Friday: 8:00 am - 7:00 pm Saturday : 8:00 - 3:00 pm We wish you a warm welcome. we are ready to give you excellent services",0,0,,www.rwandaccommodation.net,0789880339,iremetravel@gmail.com
Carnivore Restaurant and Grill,Restaurant/Bar/Nightclub,Restaurant,City Of Kigali,Gasabo,https://tourismregulation.rw/en/entity/profile/1697/,Licensed,"CARNIVORE RESTAURANT AND GRILL is a quiet and beautiful African Restaurant Which is located in KIMIHURURA sector, GASABO DISTRICT, 1st Floor Kigali Heights Building and CARNIVORE RESTAURANT AND GRILL is helping in development of tourism industry in the country. CARNIVORE RESTAURANT AND GRILL provides employment that sets a national and international standard for service excellence and food quality with its excellent customer service. CARNIVORE RESTAURANT AND GRILL is known to serve African grilled meat, its specialized in grilled food, we serve meat in attractive and appetizing way which attract tourists and other people. Not only grilled meat we do have various food to comply with our customers’ expectations.",0,0,"African,American,BBQ,Chinese,French,Italian,Pizzeria,Rwandan & International,Sandwiches,Soups & Salads,Vegan/Vegetarian",www.carnivorekigali.com,0788328891,clairuwizeye@gmail.com
Amariah Villa,Accommodation entity,Villa,City Of Kigali,Kicukiro,https://tourismregulation.rw/en/entity/profile/1670/,Licensed,"The Amariah Villa is an 11rooms, comfortable hotel, situated in the heart of  Kigali Rebero Hill Town. The hotel is arranged on one floors, On the ground floor, apart from the reception, there is comfortable lounge where you can sit and drink tea, or just read. There is also a splendid terrace, where, you can relax and immerge yourself from morning onwards in the atmosphere of Kigali Rebero Hills daily life. The 5 rooms are arranged on the Ground floor, and 6 rooms are  on upper floor. On the second floor, there is also a delightful terrace available for the use of guests, from where you can enjoy the wonderful view. The buffet breakfast is served in the restaurant on the ground floor. The hotel provides an internet point, and a free Wi-Fi service, we also have night club and SPA Services(SAUNA STEAM AND MASSAGE)",11,11,"African,American",https://www.amariahvilla.com,+250791957184,amariahvilla83@gmail.com
WHITE STONE APARTMENTS (WSA) LTD,Accommodation entity,Serviced apartment,City Of Kigali,Gasabo,https://tourismregulation.rw/en/entity/profile/1699/,Licensed,"White Stone Apartments Nyarutarama is a serviced apartment comprising 28 rooms. This modern apartment details a majestic view of the Golf Course centered in the heart of Kigali's noble Gasabo District, The apartments are fully furnished and boast essential amenities like WI-FI, a gym facility, and private parking. Each unit is air-conditioned and features a private bathroom and a fully equipped kitchen, ensuring convenience and comfort for guests. Furthermore, a majority of the apartments feature garden-design balconies adorned with natural flowers, enhancing the overall appeal and aesthetic of the premise.",28,28,Other (specify),www.wsapartment.com,0788381135,info@wsapartment.com
MEILLEUR SERVICES TOUR & TRAVEL AGENCY,Tour operator/Travel agent/Tour guide,Travel agent,City Of Kigali,Nyarugenge,https://tourismregulation.rw/en/entity/profile/1725/,Licensed,"MEILLEUR SERVICES TOUR AND TRAVEL AGENCY IS A CUSTOMER CARE ORIENTED AGENCY THAT PUT CUSTOMERS NEEDS FIRST AND HOPE THAT AFTER THEIR SATISFACTION THEY WILL TELL MORE ABOUT US WE ARE LOCATED AT MAKUZA PEACE PLAZA 3RD FLOOR OFFICE No 018 WE OFFER AIRTICKETS, HOTEL BOOKINGS, EXCURSIONS AND PACKAGES BUT MAINLY TICKETS",0,0,,meilleurservicestta.business.site,+250788452932,mstours300@gmail.com
THE B HOTEL LTD,Accommodation entity,Town hotel,City Of Kigali,Gasabo,https://tourismregulation.rw/en/entity/profile/1795/,Licensed,"The B Hotel is an 16 rooms, comfortable hotel, situated on Nyarutarama Golf Course. the Hotel is arranged on two floors, without a lift. on the ground floor, apart from the reception, there is a restaurant and bar with a best Golf  view where you can sit to eat and drink on your choice.  every room has a balcony. the buffet and breakfast is served in the restaurant. hotel has swiming pool, spa, GYM and conference hall. hotel has a speedy internet.",16,20,International,www.thebhotelrw.com,0798698092,reservation@thebhotelkigali.com
Ivan Rutembesa,Tour operator/Travel agent/Tour guide,Tour guide,City Of Kigali,Gasabo,https://tourismregulation.rw/en/entity/profile/1624/,Licensed,"I am an aspiring Tour guide, knowledgeable about the major tourist attractions around the country, such as their history with their flora and fauna. I aim to provide optimal service delivery and the best travel experiences for tourists in Rwanda.",0,0,,,0789815145,rutembesa23@gmail.com
Nature Wild Africa Ltd,Tour operator/Travel agent/Tour guide,Tour operator,City Of Kigali,Gasabo,https://tourismregulation.rw/en/entity/profile/1625/,Licensed,"Nature Wild Africa offers unique tours and safaris within East Africa. Our impeccable hospitality, unequaled dedication to service, and insight into the region qualify us to be your perfect link to diverse attractions and amazing destinations in East Africa.",0,0,,www.naturewildafrica.com,0788380033,naturewildafrica@gmail.com
WANDERLUX SAFARIS,Tour operator/Travel agent/Tour guide,Tour operator,City Of Kigali,Gasabo,https://tourismregulation.rw/en/entity/profile/1626/,Licensed,"This is a tour and travel destination management company specialized in bnb curating be-spoke safari experiences to the most discerning. It is located at kisimenti in Kigali city. The office is composed of a team of three people the Managing Director, the Operations Manager and the tour consultant.",0,0,,www.wanderluxsafaris.com,+250783007194,Wanderluxsafaris@gmail.com
Centric Hotel,Accommodation entity,Town hotel,City Of Kigali,Gasabo,https://tourismregulation.rw/en/entity/profile/1628/,Licensed,"Centric Hotel is a 31 rooms hotel where you come as a visitor and leave as family. The Hotel is arranged on three floors with a lift. on the ground floor, a part from reception, there is a bar and restaurant, there is also a splendid terrace where you can relax and immerge yourself from morning onwards in the atmosphere of Kigali. The rooms are arranged on the first, second and third floors whereby on each floor, there is excellent balcony. We have excellent meals prepared in Rwandan and international,Asian,Chinese,American,French or Italian way. we also offer a best drink of your choice. The hotel also offer free Wi-Fi service.",31,34,"American,Asian,Chinese,Ethiopian,Indian,Italian,Japanese,Rwandan & International",www.centrichotel.rw,0783151376,centrichotel20@gmail.com
AFRIKA JULIUS,Tour operator/Travel agent/Tour guide,Tour guide,City Of Kigali,Nyarugenge,https://tourismregulation.rw/en/entity/profile/1630/,Licensed,"Afrika is an experienced tour and driver guide with an experience of more than 18 years of experience. He is passionate about wildlife , conservation and community.",0,0,,,0788589030,africajuli2020@gmail.com
Hose IN AFRICA,Tour operator/Travel agent/Tour guide,Tour operator,City Of Kigali,Gasabo,https://tourismregulation.rw/en/entity/profile/1631/,Licensed,"Hose in Africa is a tour company built on passion and creative imagination. We are based in Remera, Gasabo district, in Kigali, Rwanda. And it is through tours, logistics planning for tourists, transportation and accommodation booking that we aim at creating a memorable travel experience to those with a thirst of discovering Rwanda fully.",0,0,,www.godiscoverafrica.com,0788528725,hoseinafrica@gmail.com
ACACUS LTD,Accommodation entity,Serviced apartment,City Of Kigali,Kicukiro,https://tourismregulation.rw/en/entity/profile/1632/,Licensed,"Acacus ltd is an apartment hotel with 12 rooms all self-contained located in Kabeza, it is arranged on three floors without a lift. On the ground floor there is reception and a two bedroom apartment and a one bedroom apartment all equipped with a living room and a nice kitchen  , on the first floor we have the same as the ground floor, second floor we have an office as well as six self contained rooms. The Acucus ltd also have a huge and high quality playground for kids able to accommodate up to 2000 kids playing and using all the equipment comfortably. there's also two restaurant spaces divided  into three different kind of food , JUST MORE PIZZA, MJOY BURGER and Fantastic FRIED CHICKEN  which  is a haven for kids and a coffee shop for their parents. Acacus Ltd provides an internet point, and a free Wi-Fi service.",12,16,International,,0786741850,moneam.fathy@acacus.co
VICTORY VILLA APARTMENT HOTEL,Accommodation entity,Serviced apartment,City Of Kigali,Gasabo,https://tourismregulation.rw/en/entity/profile/1633/,Licensed,"Victory Villa Apartment Hotel is an 14 Apartments with 22 rooms ,( 8 Apartments have 2 Bedrooms and 6 Apartments 1Bedroom each apartment is full equipped and each room is self contained ),comfortable Apartment Hotel,Situated Gacuriro KG 414st and very close to town.The Apartment Hotel is arranged on fourth floors,With a lift,on the ground floor,apart from reception,there is a comfortable swimming pool,you can relax and immerge your self form morning onward in the atmosphere of Kigali City daily life.The Apartment  are arranged on the ground,first,second floors.on the third floor,there is also Gym,Restaurant & Bar and a delightful terrace available for the use of guests from where you can enjoy the wonderful view,The Breakfast is served by order in the restaurant on the third floor,The Apartment Hotel provides a free WI-Fi service",14,22,"International,BBQ,Chinese,French,Italian,Pizzeria,Rwandan,Sandwiches,Soups & Salads,Snacks",www.victoryvillaapartmenthotel.com,0788500391,victoryvillaapartment@gmail.com
INN ON THE LAKE HOTEL,Accommodation entity,Vacation hotel or resort,Western Province,Karongi,https://tourismregulation.rw/en/entity/profile/1702/,Licensed,"Inn on the lake hotel is located in Kibuye, 36 km from Mukura Forest Reserve. It features a restaurant , free private parking, a bar and a shared lounge . Featuring a garden , the property is 400 meters from Kivu Luxury Explorer Cruise. The property features a terrace , a 24 hour front desk and free WiFi in all areas.                         The units have a seating area . Each room at Inn on the lake has a work desk, flat-screen TV and private bathroom.",6,9,International,www.innonthelakekibuye.com,+250786173782,innonthelake77@gmail.com
OASIS CELESTE TRAVEL AND SAFARIS LTD,Tour operator/Travel agent/Tour guide,Travel agent,City Of Kigali,Nyarugenge,https://tourismregulation.rw/en/entity/profile/1636/,Licensed,OASIS CELESTE TRAVEL AND SAFARIS is a tours and travel agency located in Kigali city center KN 70 AV in a building named TOWN CENTER BUILDING on 2nd floor Wing A.,0,0,,,+250791956986,reservationskgl.oasistravel@yandex.com
BLUE MONKEY TOURS LTD,Tour operator/Travel agent/Tour guide,Tour operator,Western Province,Karongi,https://tourismregulation.rw/en/entity/profile/1634/,Licensed,"Blue monkey tours in Rwanda is a tour company specializing in water-based activities and community-based tourism development. Our goal is to offer authentic and immersive experiences to our guests, including night fishing and sunset experience, while supporting local communities. We have team of knowledgeable and experienced guides who are passionate about sharing the beauty and rich culture of Rwanda and wildlife experience. Our tour visit traditional fishing villages, offer opportunities to learn about traditional fishing techniques, and participate in local festivals and celebration.",0,0,,www.bluemonkeytour.com,0782798849,bluemonkeytour@gmail.com
Serge Placide UWIRINGIYIMANA,Tour operator/Travel agent/Tour guide,Tour guide,City Of Kigali,Gasabo,https://tourismregulation.rw/en/entity/profile/1635/,Licensed,"Serge Placide has experience working with both the non-profit and private sector in Rwanda .Since 2016, Being a Tourists Guide has been his Passion. He guided so many Tourists visiting Rwanda. He really loves giving Visitors a Tour of his beautiful Country. He has competencies within Customer care, Entrepreneurship, Business development & management, networking and partnership building as well as fundraising and project management. She has an interdisciplinary academic background in Biology, Wildlife Protection and biodiversity conservation, Tourism and Conservation related businesses, Leadership and communication Skills from former National University of Rwanda. He has always a will to work with different Tour Operators as a Private &Freelancer Tourists Guide, Pitching, Greeting guests and clientele at the Airport(Airport transfer), Lead private safaris and excursions in various ecosystems (Pre-briefing, Briefing, guiding and debriefing): National parks, rainforests, wetlands, savannah, ecotourism, Early morning bird watching, daytime nature or forest walks, hiking, trekking. Maintaining group morale and good understanding with guests, Responsible for group tour dynamics, safety and well-being of Guests while providing Guiding Services",0,0,,www.rwagasabosafaris.com,0783844455,sergioplacidus@gmail.com
Bizimana Alexis,Tour operator/Travel agent/Tour guide,Tour guide,Northern Province,Musanze,https://tourismregulation.rw/en/entity/profile/1637/,Licensed,I am one of tourists driver guide in Rwanda.,0,0,,,+250788481887,balexi14@yahoo.fr
ONE CLICK HOTEL,Accommodation entity,Vacation hotel or resort,City Of Kigali,Nyarugenge,https://tourismregulation.rw/en/entity/profile/1638/,Licensed,"One Click Hotel is the most affordable hotel in Kigali – Rwanda, located in the heart of Kiyovu, the most secure & quiet place in the city of Kigali, which is 3 mins away from the city centre. We pick you up from Kigali International Airport for Free and transport you to our hotel. We have the most luxurious services at affordable prices. Our restaurant with Barbecue/BBQ & all drinks will keep you refreshed.  Whether you are looking forward to a luxurious experience in Rwanda in a high-end hotel, or to save on accommodation & enjoy other adventures in Rwanda, we are the only solution in town.",17,18,"International,African,BBQ,Rwandan & International,Vegan/Vegetarian",https://1clickhotel.com/,0788303683,info@1clickhotel.com
Shema Gerard,Tour operator/Travel agent/Tour guide,Tour guide,City Of Kigali,Kicukiro,https://tourismregulation.rw/en/entity/profile/1641/,Licensed,"Shema Gerard is an experienced tourist guide born in Rwanda and he is a bilingual guide in English, and French. he joined tourism in 2008. He is interested in the history and culture of Rwanda, and wildlife animals. His favorite animal is a giraffe.",0,0,,,0788862402,wondersg10@hotmail.com
PATRICK TURATSINZE,Tour operator/Travel agent/Tour guide,Tour guide,Northern Province,Musanze,https://tourismregulation.rw/en/entity/profile/2174/,Licensed,Freelance tour guide,0,0,,,0787439754,rukebapatrick@gmail.com
kabayiza Vincent,Tour operator/Travel agent/Tour guide,Tour guide,Eastern Province,Bugesera,https://tourismregulation.rw/en/entity/profile/1655/,Licensed,"Kabayiza Vincent is a Freelancer Safari Guide who is passionate in wild life and conservation, but also in wildlife photography!",0,0,,,0783691918,vincentkabayiza13@gmail.com
KARISIMBI TOURS AFRICA LTD,Tour operator/Travel agent/Tour guide,Tour operator,City Of Kigali,Gasabo,https://tourismregulation.rw/en/entity/profile/1643/,Licensed,"Karisimbi Tours Africa is a tour and travel company operating in Rwanda but also extends its services in Uganda, Kenya and Tanzania whenever there is need to. Our company office is located in Remera, Kigali at Umuyenzi Plaza on 1st Floor opposite Lancet Laboratory. We suffice our clients with professional tour service with professional tour guides, comfortable vehicles in excellent condition and with a dedicated and knowledgeable staff team. Karisimbi Tours Africa is dedicated to work with all related industry stakeholders mainly RDB, RTTA and RCB to drive the industry to great heights by diligently serving tourists and other visitors coming to our Country either for conferences and through other arrangements to the best of their expectations. We collaborate with Akagera Aviation Authority to ensure emergency Evacuation service is provided in case of need.",0,0,,www.karisimbitours.com,+250788757069,info@karisimbitours.com
Mugiraneza Louis de Mont Fort,Tour operator/Travel agent/Tour guide,Tour guide,City Of Kigali,Gasabo,https://tourismregulation.rw/en/entity/profile/1644/,Licensed,"A dynamic French and English speaking driver/ tour guide based in Rwanda, offering discovery and experience during your travels.",0,0,,,0788794928,mugiranezafort@gmail.com
Ma Campagne Resort Ltd,Accommodation entity,Vacation hotel or resort,Eastern Province,Rwamagana,https://tourismregulation.rw/en/entity/profile/1864/,Licensed,"Ma Campagne Resort Ltd is a Vacation hotel located in Eastern Province ,Rwamagana District in Gati at the shore of Muhazi Lake with 42 rooms, a Restaurant, a swimming pool and some boats and a fitness centre. It has a very nice view of the Lake where people relax having some food or drink and can go into boat for entertainment. The accommodation establishment  helps people who are on vacation or want to rest. The materials in rooms, Restaurant are made in Rwanda Products. It has a free wireless internet for guests.",42,46,"African,Italian,Rwandan & International",www.macampagneresort.rw,0791956395,reservation@macampagneresort.rw
SHEMA AMÉDÉE,Tour operator/Travel agent/Tour guide,Tour guide,City Of Kigali,Kicukiro,https://tourismregulation.rw/en/entity/profile/1645/,Licensed,"I, SHEMA AMEDEE, am Driver Guide based in Rwanda and I do Tours all over the Country. I have worked with different local companies since 2018 up to date and handled trips successfully.",0,0,,,+250788850690,shemamedee@gmail.com
MARTINS EXPERT HOME LTD,Accommodation entity,Vacation hotel or resort,Western Province,Rubavu,https://tourismregulation.rw/en/entity/profile/1717/,Licensed,"Martins expert home ltd is an 17 rooms comfortable hotel situated in RUBAVU city, the hotel is arranged on blocks composed with reception first block second restaurant, the third block is sweet-able bed rooms, and good compound attractive in view and good standing view with flesh air from lake Kivu,  where you can sit taking drinks and eats, martin expert home hotel have international and national cousins and big meeting room and special area of ceremony like marriage, internet is free in martin expert home.",9,17,"International,African,BBQ,Japanese,Pizzeria,Rwandan & International,Sandwiches,Soups & Salads,Snacks,Vegan/Vegetarian,Other (specify)",www.martinsexperthome.com,250788653350,matinexperthome@gail.com
Ndaru Luxury Suites,Accommodation entity,Vacation hotel or resort,City Of Kigali,Gasabo,https://tourismregulation.rw/en/entity/profile/1595/,Licensed,"Ndaru Luxury Suites By Le Muguet, located in Nyarutarama. Conveniently situated away from congestion and crowds, we provide you with a refreshing opportunity to experience choices and flexibility like never before. Complimentary high-speed Internet is available throughout our hotel, and keep up your physical routine in our 24-hour fitness center. Unmatched by other Kigali hotels, our spacious guest rooms provide flexibility in your work space and comfort in your rest space. Whether traveling for business or pleasure, your stay at the Ndaru Luxury Suites By Le Muguet is sure to be more comfortable, productive and enjoyable than ever before.. The hotel features a splendid outdoor swimming pool in addition to satellite TV, air conditioning, and free WiFi. The 18 exclusive guest rooms and 11 Apartments are furnished with a range of modern amenities such as television and internet access.As a guest, your comfort and satisfaction are our top priority. For this reason,we provide continental breakfast.We also offer an onsite fitness facility available.",29,45,"International,African,American,BBQ",https://ndaruluxurysuites.com/,0782832644,ndaruluxurybylemuguet@gmail.com
Murungi Jovia,Tour operator/Travel agent/Tour guide,Tour guide,City Of Kigali,Gasabo,https://tourismregulation.rw/en/entity/profile/1709/,Licensed,"Murungi Jovia a tourist driver guide covering Rwanda , Uganda and I hope to cover East Africa. with extensive experience in the tourism industry for over six years . My specialization in wildlife and strong management skills ensure a memorable and well-organized travel experience. With a deep passion for nature, I am dedicated to providing you with insightful and safe adventures, making your journey an unforgettable one Went for different trainings and short courses in service excellence, tourism , field and nature guiding . I am specializing in herpetology and ornithology . I love nature , wildlife , conserving for the future ,taking people to different destinations and create memorable experiences for them .",0,0,,,0789867659,murungijovia1@gmail.com
Respafrica Tours,Tour operator/Travel agent/Tour guide,Tour operator,City Of Kigali,Gasabo,https://tourismregulation.rw/en/entity/profile/1884/,Licensed,"Based in Rwanda-Kigali, Respafrica Tours is a dedicated and committed tour company providing tour and travel services for clients wishing to visit Rwanda and the East Africa Region. Respafrica team comprises of leading experts with hands-on experience in tourism and hospitality, ready and always available to make visitors enjoy a memorable stay.",0,0,,www.respafricatours.com,0788684804,info@respafricatours.com
Eric Sabi Nsengiyumva,Tour operator/Travel agent/Tour guide,Tour guide,City Of Kigali,Kicukiro,https://tourismregulation.rw/en/entity/profile/1648/,Licensed,"Eric Sabi is a tourism professional who has been in tourism and hospitality industry for more than 10 years, He is a visionary Leader with an extensive experience of working in the travel & tourism, community tourism and hospitality industry. He is skilled in sustainable tourism good practices, Luxury tours planning and guiding, hospitality management, tourism and hospitality marketing, event organization to mention a few. He has significantly contributed to success of organizations he has worked with, including different sustainable community tourism projects and he is currently operating the leading sustainable and single use plastic free tour company in Rwanda. He is passionate about sustainable tourism which benefits both community and environment and he is enthusiastic to be a change agent and to make an impact in tourism & hospitality industry in Rwanda towards a better clean and green tourism industry.",0,0,,www.hopetoursrwanda.com,0788363208,ericksabi20@gmail.com
Jean Baptiste NTIRENGANYA,Tour operator/Travel agent/Tour guide,Tour guide,City Of Kigali,Gasabo,https://tourismregulation.rw/en/entity/profile/1649/,Licensed,Tour Guiding,0,0,,N/A,0788838020,batizosavior@gmail.com
Dieudonne Rwaburindi,Tour operator/Travel agent/Tour guide,Tour guide,City Of Kigali,Kicukiro,https://tourismregulation.rw/en/entity/profile/1650/,Licensed,"Dieudonne Rwaburindi has been an experienced Safari guide in Rwanda for 5 years. His extensive knowledge of Rwandan history and destinations; Storytelling, Active listening, and Empathy won him the trust of visitors from around the globe and local companies for leading day tours to multiple days and complex itineraries in Rwanda. His skills include but are not limited to driver guiding, tour management skills, Product development, Packaging and diversification skills; Critical Thinking, Problem-solving, Teamwork Digital Marketing skills, Accounting skills, Business Facilitation & Business Coaching skills are added value to his performance. He speaks English, French, and Swahili fluently; and Kinyarwanda as a mother tongue.",0,0,,,0788521628,drwaburindi@gmail.com
INGANZO BOUTIQUE HOTEL,Accommodation entity,Town hotel,City Of Kigali,Gasabo,https://tourismregulation.rw/en/entity/profile/1723/,Licensed,"INGANZO BOUTIQUE HOTEL is an 18 rooms, comfortable hotel  with a majestic view  centered in the heart of Kigali's noble Gasabo District. On the ground floor, apart from the reception, there is a comfortable lounge where you can sit and drink tea, or just read. On the second floor, there is also a delightful terrace available for the use of guests, from where you can enjoy the wonderful view. The buffet breakfast is served in the restaurant on the ground floor. The hotel provides an internet point, and a free Wi-Fi services.",18,18,"African,Asian,BBQ,Rwandan & International",,0793085827,info@inganzohotel.com
SAPHIR BOUTIQUE HOTEL,Accommodation entity,Town hotel,City Of Kigali,Gasabo,https://tourismregulation.rw/en/entity/profile/1716/,Licensed,"Located in Kigali, 2.2 miles from Kigali Convention Centre, Saphir Boutique Hotel provides accommodations with a garden, free private parking, a shared lounge and a terrace. Featuring a bar, the 4-star hotel has air-conditioned rooms with a private bathroom. The property has evening entertainment and room service.",9,9,Rwandan & International,www.saphirhotel.rw,0798909090,info@saphirhotel.rw
Adventure Safaris Rwanda ltd,Tour operator/Travel agent/Tour guide,Tour operator,City Of Kigali,Kicukiro,https://tourismregulation.rw/en/entity/profile/1719/,Licensed,"The Adventure Safaris Rwanda Ltd is a tour company located in Remera KN5road behind st.Peter's house,Selling tour packages such as;Gorilla permits,Chimpanzee permits,wildlife safaris,Hotel bookings,transport and city tours plus all other tourists attractions",0,0,,www.rwandacarsforrental.com,+250785412878,rwandacarsforrental@gmail.com
THE TRAVEL MART TOURS Ltd,Tour operator/Travel agent/Tour guide,Travel agent,City Of Kigali,Nyarugenge,https://tourismregulation.rw/en/entity/profile/1721/,Licensed,"The entity name is THE TRAVEL MART TOURS Ltd that deals with travel agency operations such as air ticketing, visa applications and making hotel reservations as well as all the necessary documents required on the travel. THE TRAVEL MART TOURS Ltd is a certified member in RATTA with qualified staff and operating a workplace with all the necessary requirements that will provide customer satisfaction.",0,0,,www.Travelmarttour.com,250737838749,travelmarttour@gmail.com
Africa memories ltd,Tour operator/Travel agent/Tour guide,Tour operator,City Of Kigali,Nyarugenge,https://tourismregulation.rw/en/entity/profile/1863/,Licensed,"Africa Memories Ltd is a tour company dedicated to create memories that last a lifetime for visitors to Rwanda and Uganda. We offer personalized tailor-made trips with both off the beaten track and life-changing itineraries.Our mission is to introduce travelers to the hidden gems of this vast and diverse land from the majestic wildlife safaris to mountain gorilla trekking and hiking. We also give travelers the opportunity to immerse themselves in the vibrant local cultures,connect with community and contribute to conservation efforts.",0,0,,www.africamemories.travel,0727927902,info@africamemories.travel
GOLDEN CLASS AGENCY,Tour operator/Travel agent/Tour guide,Travel agent,City Of Kigali,Gasabo,https://tourismregulation.rw/en/entity/profile/1853/,Licensed,"Golden Class Agency is a full-service travel agency dedicated to helping travelers explore the world with ease, comfort, and confidence. We specialize in creating tailored travel experiences for individuals, families, and groups, ensuring that each journey is uniquely crafted to meet the personal preferences, interests, and budget of our clients. From luxurious getaways to adventurous expeditions, we offer a wide range of services, including flight bookings, hotel accommodations, transportation, guided tours, and travel insurance. Whether you’re planning a romantic honeymoon, a family vacation, a business trip, or an all-inclusive package holiday, our expert travel consultants provide personalized service to make your travel dreams a reality.",0,0,,www.goldenclass.rw,+250792569932,info@goldenclass.rw
Opportune Safaris,Tour operator/Travel agent/Tour guide,Travel agent,City Of Kigali,Nyarugenge,https://tourismregulation.rw/en/entity/profile/1842/,Licensed,"Opportune Safaris, is a leading Rwandan tour operator since 2014, specializes in crafting personalized Gorilla Treks, Cultural Tours, and wildlife safaris across Rwanda's diverse landscapes. We are deeply committed to sustainable tourism, ensuring that each adventure not only offers unforgettable experiences but also helps preserve Rwanda’s rich natural heritage for future generations.",0,0,,www.opportunesafaris.com,0728895999,opportunesafaris2014@gmail.com
KAY SUN HOTEL,Accommodation entity,Vacation hotel or resort,Western Province,Rutsiro,https://tourismregulation.rw/en/entity/profile/1832/,Licensed,"The Kay Sun Hotel is an 15 rooms, the Kay sun Hotel Is Located in Western Province, Rutsiro District, Boneza Sector, Boasting gracious personalized and abundant recreational activities on land and water ,Kay Sun Hotel is the perfect choice for an extended holiday or weekend of departure. At Kay Sun Hotel we are committed to providing you with the experience of Adventure ,from beautifully appointed accommodations to adverse range of activities and excursions that capture the history ,culture and natural beauty of Rwanda our standard rooms offer ample space and the choice between double and twin beds . stay connected with our free Wi-Fi while enjoying a hot drink and other facilities  All have look View ; Stunning Lake view , Balcony,Breakfast Explore impressive scenery, discover birds and wildlife,marvel at traditional lifestyle ,meet friendly communities and find tranquility on the safe ,clean water  see the lake Kivu view , go to sleep and awake while you are relaxing in your rooms or in your private balcony",15,17,"African,American,BBQ,French,Pizzeria,Rwandan,Rwandan & International,Sandwiches,Soups & Salads,Snacks,Vegan/Vegetarian,Other (specify)",www.kaysunhotel.com,+250789332949,kaysunhotel22@gmail.com
DIVINE CATERING LTD,Restaurant/Bar/Nightclub,Restaurant,City Of Kigali,Gasabo,https://tourismregulation.rw/en/entity/profile/1861/,Licensed,"DIVINE CATERING LTD IS AN OUTSIDE CATERING ENTITY THATS CATERS FOOD AND BEVARAGES IN DIFFERENTS EVENTS SUCH AS WEDDINGS, MEETINGS, CONFERENCE, ENTERTAINMENT, CORPORATE, SCHOOLS, FAMILY AND OTHER VARIOUS GATHERINGS IN PUBLIC AND PRIVATE INSTUTITION, LOCATED AT KIMIRONKO GASABO DISTRICT, KIGALI CITY",0,0,Rwandan & International,WWW.DIVINECATERINGRW.COM,0788353095,divinecatering2018@gmail.com
Pathways Tours and Travels Ltd,Tour operator/Travel agent/Tour guide,Travel agent,City Of Kigali,Gasabo,https://tourismregulation.rw/en/entity/profile/1769/,Licensed,"Pathways Tours and Travels Ltd was registered in 2021, by two travel enthusiasts with more than 7 years in the travel and tourism Industry,  PATHWAYS TOURS AND TRAVELS aims at combining all the services an individual needs while traveling, from ticket booking, hotel reservation, trip planning and much more all within one company with seamless process and a dynamic team available 24/7.  We are located  on KG 5RD(Remera-Lando Road) in Kigali, Rwanda.",0,0,,www.pathwaystours.com,+250788309894/ +250788222056,info@pathwaystours.com
SOFAM TOURS LTD,Tour operator/Travel agent/Tour guide,Travel agent,City Of Kigali,Nyarugenge,https://tourismregulation.rw/en/entity/profile/1726/,Licensed,SOFAM TOURS LTD is a private travel agency situated in the Centre of Kigali city that provides travel and tourism-related services to the general public on behalf of travel suppliers to offer different kinds of travelling packages for all destination.,0,0,,,+250 788 438 452 and +250 788 766 468,sofamtours.ltd@gmail.com
AMOR TRAVEL AND TOUR AGENCY LTD,Tour operator/Travel agent/Tour guide,Travel agent,City Of Kigali,Nyarugenge,https://tourismregulation.rw/en/entity/profile/1620/,Licensed,Amor travel and tours agency  ltd was travel agency who make ticket and reservation visa application etc we are at Regio Mariea Building in Nyarugenge District  near the poste office we have good service for our clients travel with us we care for you.,0,0,,,0788254735,amortravelu@gmail.com
INTARE TOURS & TRAVEL AGENCY LTD,Tour operator/Travel agent/Tour guide,Travel agent,City Of Kigali,Nyarugenge,https://tourismregulation.rw/en/entity/profile/1727/,Licensed,INTARE TOURS & TRAVEL AGENCY is an agency in Rwanda that specializes in providing tours and Global Air Tickets.,0,0,,www.intaretravel.com,0791946733,intaretourtravels@gmail.com
MARVERICKS TRAVEL BUREAU LTD,Tour operator/Travel agent/Tour guide,Travel agent,City Of Kigali,Nyarugenge,https://tourismregulation.rw/en/entity/profile/1729/,Licensed,"MARVERICKS TRAVEL BUREAU LTD is a full service travel agency that specializes in adventure travel and provides recreational and business travelers with professional service and consultation. Its also specializes in visa assistance applications for different countries visa its possible. It is situated in Kigali City, Nyarugenge District, CHIC COMPLEX, Shop No.005",0,0,,,+250780126616,marverickstravelbureau@gmail.com
The hut Restaurant and Boutique Hotel,Accommodation entity,Town hotel,City Of Kigali,Gasabo,https://tourismregulation.rw/en/entity/profile/1732/,Licensed,"The hut Restaurant and Boutique Hotel is a 26 rooms, comfortable hotel, situated in the heart of Kigali. The Hotel is arranged on four floors, with two different lifts, one with capacity to carry maximum of twelve guests and another one with capacity to carry maximum of eight guests. On the ground floor, there is reception and a beautiful restaurant on roof top. The hotel has also a swimming pool on the first floor. There is a comfortable lounge where you can sit and drink tea, or just read. We also provide SPA services. The rooms are arranged on the second and the third floors. There is also a delightful terrace available for the use of guests, from where you can enjoy the wonderful view. The buffet breakfast is served in the restaurant on fourth floor. The hotel provides an internet point, and a free Wi-Fi service.",26,28,"African,American,Asian,Italian",www.thehuthotelrwanda.com,0788304788,thehutrwanda@gmail.com
Empirical Tour and Travel Ltd,Tour operator/Travel agent/Tour guide,Travel agent,City Of Kigali,Kicukiro,https://tourismregulation.rw/en/entity/profile/1883/,Licensed,"Empirical Tour and Travel is a tour company based in Rwanda which has been responsible for providing guest with unforgettable, once in a lifetime, excursions for over a 5 years. Our personalized trips will cater to your needs and wants, without you having to stress about anything.",0,0,,www.empiricaltour.com,+250781952381,empiricaltourandtravel@gmail.com
GEZANA CAFE,Restaurant/Bar/Nightclub,Restaurant,City Of Kigali,Gasabo,https://tourismregulation.rw/en/entity/profile/1920/,Licensed,Gezana Cafe,0,0,"International,American,BBQ,Italian,Pizzeria,Rwandan,Sandwiches,Soups & Salads,Vegan/Vegetarian",www.gezanacafe.com,0795583260,cafegezana@gmail.com
Inzozi Travel & Tours ltd,Tour operator/Travel agent/Tour guide,Tour operator,City Of Kigali,Gasabo,https://tourismregulation.rw/en/entity/profile/1862/,Licensed,"INZOZI TRAVEL & TOURS LTD Inzozi Travel & Tours is Rwandan indigenous company whose main purpose and intent is to promote the future and welfare of the people of Rwanda. With the objective to partner/work with VisitRwanda# and encourage the adventurous spirit through unique Eco- Tourism focused travel itineraries. Inzozi Travel&Tours’s aim is to entertain, engage, educate and help ease local poverty!",0,0,,Inzozi.vercel.app,0788565515,dinahkezio@gmail.com
EAST GATE HOTEL,Accommodation entity,Town hotel,Eastern Province,Kirehe,https://tourismregulation.rw/en/entity/profile/1780/,Licensed,"East Gate Hotel is a 62 Rooms, a luxury hotel with much comfort. it is situated in Kirehe District Kayonza Rusumo main Road, at only 100m from kirehe  referral hospital and it is only 30min driving to Rusumo border. East Gate Hotel Provides accommodation services, restaurant services, bar services, conference halls services, swimming pool, gym, sauna and massage, wedding ceremonies, special parties, exhibitions, outside catering. The Rooms are well equipped with TV Sets, air conditional, internet WIFI, wardrobes, headboards and very nice veranda where the clients use to seat while enjoying fantastic view and fresh air from many lakes surrounding Kirehe district and thousands flowers as well .The East Gate Hotel operates 24hours a day, it serves full board services: Bed, breakfast, tea break, lunch, dinner while enjoying the sun shinning from East Gate.The parking space, garden shapes, enough wide space, thousands flowers make East Gate Hotel The best place to be, it's your home far away from your home place.Dear Esteemed guests, you are most welcome to East Gate Hotel",62,65,International,,+250787007015,eastgatehotelkirehe@gmail.com
LAURUS SOLUTIONS (RWANDA) PVT Ltd,Tour operator/Travel agent/Tour guide,Tour operator,City Of Kigali,Gasabo,https://tourismregulation.rw/en/entity/profile/1737/,Licensed,"Laurus Travel & Tours is a leading tourism company specializing in promoting tourism packages in Rwanda and Zimbabwe. Our aim is to provide travelers with unforgettable experiences and create lifelong memories through our diverse range of services. Our featured destinations, Rwanda and Zimbabwe, are renowned for their natural beauty, wildlife, and cultural heritage. We offer a variety of services tailored to cater to the diverse interests and preferences of travelers: 1. Yacht Cruises: Experience the epitome of luxury and relaxation with our yacht cruises. Sail along the stunning Rwandan and Zimbabwean coastlines, taking in breath-taking views of the crystal-clear waters and enjoying exceptional onboard services. 2. Gorilla Trekking: Embark on an awe-inspiring journey to trek and observe the magnificent, endangered mountain gorillas in their natural habitat. Our expert guides will lead you through dense jungles, providing insights into gorilla behavior and conservation efforts. 3. Safaris: Immerse yourself in the wild wonders of Rwanda and Zimbabwe with our thrilling safaris. Encounter the iconic Big Five (elephant, lion, leopard, rhino, and buffalo) and countless other species as you venture through some of the most picturesque national parks. 4. Zip Lining: Seek an adrenaline rush as you zip through the treetops, witnessing stunning landscapes from a unique vantage point. Our zip lining experiences offer a perfect blend of adventure and natural beauty. 5. City Tours: Delve into the vibrant history and culture of cities like Kigali, Harare, and Victoria Falls. Our city tours provide an opportunity to explore architectural gems, bustling markets, and interact with locals to truly absorb the essence of these destinations. 6. Cultural Experiences: Immerse yourself in the rich traditions and cultural heritage of Rwanda and Zimbabwe. From participating in traditional dance performances to visiting local communities and partaking in authentic culinary experiences, we ensure an immersive cultural journey. Additionally, we have established strategic partnerships with renowned resorts and lodges such as Akagera and Victoria Falls. These partnerships enable us to offer exceptional accommodations and ensure our clients' comfort and satisfaction throughout their journey. At Laurus Travel & Tours, we prioritize customer satisfaction and safety. Our dedicated team of experienced professionals and guides are well-versed in the destinations we promote, ensuring that every aspect of your trip is meticulously planned and executed. Choose Laurus Travel & Tours for an exceptional and comprehensive tourism experience in Rwanda and Zimbabwe, where adventure meets luxury and cultural immersion. Let us be your gateway to unforgettable moments!",0,0,,www.laurustravels-tours.com,250-789-972536,info@laurustravels-tours.com
STUNNING TRAVEL & TOURS LTD,Tour operator/Travel agent/Tour guide,Travel agent,City Of Kigali,Nyarugenge,https://tourismregulation.rw/en/entity/profile/1735/,Licensed,"STUNNING TRAVEL & TOURS LTD - Your Gateway to Extraordinary Journeys. We are situated in Kigali, Rwanda, CHIC Building, Room No. AE01, -3 Floor. At STUNNING TRAVEL & TOURS LTD, we're dedicated to curating unparalleled travel experiences that leave an indelible mark on your heart and mind. Our mission is to turn your travel aspirations into vibrant realities, ensuring that every journey is nothing short of stunning. Embark on a journey that transcends the ordinary and enters the realm of the extraordinary. STUNNING TRAVEL & TOURS LTD is your key to unlocking the world's hidden treasures and memorable encounters. Contact us today to start your journey to stunning destinations. STUNNING TRAVEL & TOURS LTD - Where every adventure is an awe-inspiring spectacle, and every traveler is treated to a truly stunning experience.",0,0,,,0788312724,stunningtravelrw@gmail.com
KARIBU TO RWANDA TOUR CO.LTD,Tour operator/Travel agent/Tour guide,Tour operator,City Of Kigali,Nyarugenge,https://tourismregulation.rw/en/entity/profile/1739/,Licensed,"We are a tour company located in Kigali city, Nyarugenge District, MIC BUILDING 4th flour. we are offering Tour services as well as Speed boats in Lake Kivu, Hiking to Volcano Park, and tour guides to other parks. also, we do hotel reservations. KARIBU TO RWANDA TOUR has the best speed boat in the lake of Kivu where every customer will enjoy self-drive and family gatherings in the boat. having trips to and from Kivu lake islands. For Hiking Activing services, our company has picked up from the airport to the hotel and for the whole journey tour guides too, assist in visiting Rwanda's historical and cultural places.",0,0,,www.kaributorwandatour.com,0798785332,kangarooconstruction12@gmail.com
PURE AFRICA TOURS LTD,Tour operator/Travel agent/Tour guide,Tour operator,City Of Kigali,Nyarugenge,https://tourismregulation.rw/en/entity/profile/1731/,Licensed,"Pure Africa Tours, is a local domestic company based in Rwanda, offering a thrilling off beaten safari experience across entire East Africa, with great experience, and working relationship, built over years. Speaking to one of our Safari consultant, is the best way to start planning your trip, whether you already know where you want to go or just have the seed of an idea. They can discuss your plans. We can help steer you away from the busiest areas and suggest regions that still hold the feeling of true wilderness across the region.",0,0,,https://pureafricatours.com/,+250788 873990,pureafrica22@gmail.com
SATIMAX TRAVEL AND TOURS LTD,Tour operator/Travel agent/Tour guide,Travel agent,City Of Kigali,Nyarugenge,https://tourismregulation.rw/en/entity/profile/1741/,Licensed,"We are SATIMAX TRAVEL AND TOURS When you think travel....Think us!! We are your travel solutions We sell all airline's flights of worldwide on very cheapest price We offer tours Hotel booking Visa application etc MAXIMUM SATISFACTION ✈️ TUBAFITIYE AMATIKE YINDEGE AHENDUTSE We are situated in Kigali-Rwanda, NEW Downtown building 2nd floor Room S10 (Near Downtown car park)",0,0,,www.satimaxtravels.com,+250 784 169 657,info@satimaxtravels.com
EMBASAF TRAVEL & TOURS Co.,Tour operator/Travel agent/Tour guide,Travel agent,City Of Kigali,Nyarugenge,https://tourismregulation.rw/en/entity/profile/1730/,Licensed,"EMBASAF TRAVEL & TOURS Co. is a travel and destination marketing company that is fully registered as EMBASAF Ltd. Our Company offers range of services from Air ticketing, selling of full travel packages to Hotel Booking and reservation. It's currently located in the city center.",0,0,,https://embasaf.com/,0785825813,emma.rukundo@embasaf.com
SIMBA RESTAURENT,Restaurant/Bar/Nightclub,Restaurant,City Of Kigali,Gasabo,https://tourismregulation.rw/en/entity/profile/1743/,Licensed,"Simba supermarket is owned by two Shareholders. Managing Director and Chief Finance Officer who founded it and who are responsible for its success and The company’s offices are in Nyarugenge in the city center in the central business district of Kigali which is an ideal location within the proximity and reach to our clients. Simba have Restaurant, coffee shop and supermarket located in Kigali gasabo, Kicukiro and Nyarugenge district and especially Gishushu Branch the place we are applying for.",0,0,"Pizzeria,Sandwiches,Soups & Salads,Snacks,Vegan/Vegetarian",https://simbasupermarket.rw/,0788806712,yvan@simbasupermarket.rw
LIVALANA HOTEL LTD,Accommodation entity,Vacation hotel or resort,Western Province,Karongi,https://tourismregulation.rw/en/entity/profile/1736/,Licensed,"Livalana Hotel is an 28 self-contained rooms, a very comfortable resort, peacefully situated on the sandy shores of Lake Kivu in Karongi, the sixth largest lake in Africa, and surrounded by extensive tropical gardens; the hotel is arranged on 3 floors, on the ground floor, there is a comfortable Restaurant where you can sit and drink tea, be served the breakfast buffet, lunch and dinner and watch TV. At the Livalana Hotel, you can relax and immerge yourself from morning onward in the atmosphere of Karongi/ Kibuye City daily life. The rooms have a delightful terrace, where you can sit, relax, and enjoy the spectacular and wonderful view of the glorious different Islands in Lake Kivu. The Hotel provides a free Wi-Fi service.",28,38,"African,American,Asian,BBQ,Chinese,French,Indian,Italian,Japanese,Lebanese,Pizzeria,Rwandan,Rwandan & International,Sandwiches,Soups & Salads,Snacks,Vegan/Vegetarian",https://www.livalanahotel.com,+250788477132,livahotelbridge@gmail.com
OASIS PARK APART HOTEL,Accommodation entity,Serviced apartment,City Of Kigali,Gasabo,https://tourismregulation.rw/en/entity/profile/1744/,Licensed,"OASIS PARK 69 rooms apartment complex, situated in Gishushu area, 5 minutes walk trip from the Kigali Convention Center. The apartment is arranged on 11 floors, with a lift. On the ground floor, apart from the reception, there is a comfortable restaurant where you can sit and drink tea, or just read and relax. There is also a splendid terrace on the rooftop floor, where, you can relax and immerge yourself from morning onwards in the atmosphere of Kigali life. As a part of amenities on premise we also have a gym as well as a meeting room both accessible to our guests at no fee.",69,113,International,,0792401986,management@oasisparkrwanda.com
CONTINENTAL SKY TRAVEL AGENCY LTD,Tour operator/Travel agent/Tour guide,Travel agent,City Of Kigali,Nyarugenge,https://tourismregulation.rw/en/entity/profile/1745/,Licensed,"Continental Sky Travel Agency Ltd: Elevate Your Journey At Continental Sky Travel Agency Ltd, we redefine the art of travel, seamlessly blending luxury, efficiency, and unparalleled service. As a premier travel partner, we take pride in crafting unforgettable experiences that transcend the ordinary, allowing you to explore the world with style and ease. Contact Us: Ready to embark on your next adventure? Contact Continental Sky Travel Agency Ltd and let us turn your travel dreams into reality. Elevate your journey with us and discover a world of possibilities. We are situated in Kigali-Rwanda, Nyarugenge, CHIC Building, Floor B069B2 Continental Sky Travel Agency Ltd - Where Every Journey Is an Experience.",0,0,,,+250788210609,continentalskytravel@gmail.com
Kultura Bar and Restaurant Ltd.,Restaurant/Bar/Nightclub,Restaurant,City Of Kigali,Gasabo,https://tourismregulation.rw/en/entity/profile/1747/,Licensed,"Kultura is a fine dining restaurant connected to a green garden creates a refreshing and inviting atmosphere. It has an  open area for outdoor seating. Provide comfortable and aesthetically pleasing furniture, such as patio tables and chairs. The connection to the garden by incorporating more greenery and plants in the restaurant space adds to the visual appeal but also contributes to a relaxing and natural ambiance. Kultura has a dining options where guests can enjoy their meals in the open air. This is especially appealing during pleasant weather and inviting atmosphere during the evenings. String lights, lanterns, or subtle garden lighting  with magical touch to the outdoor space. The lounge area is comfortable and tempt guests to try something new while they wait. We provide amenities such as Wi-Fi and charging stations in the lounge area. This will allow guests to stay connected and entertained while waiting for their orders. Kultura has a  background music that complements the overall atmosphere. Whether it's soft jazz, acoustic tunes, or something else, music can enhance the dining experience.",0,0,"Asian,Chinese,Japanese,Korean,Thai",www.kulturadining.com,+250786700108,melaniec@kulturadining.com
RUKUNDO JEAN PIERRE,Tour operator/Travel agent/Tour guide,Tour guide,Northern Province,Burera,https://tourismregulation.rw/en/entity/profile/1748/,Licensed,"I RUKUNDO Jean Pierre has been guiding since 2017 up to date for different tour companies in Rwanda, Uganda and Congo apart from this work experience i hold advanced level certificate in tourism and bachelor with honors  in translation and interpreting studies in English , French, Kinyarwanda and Swahili which are necessary requirements for being licenced.",0,0,,,0788640852,rukundojeanpierre99@gmail.com
Soy Asian Table,Restaurant/Bar/Nightclub,Restaurant,City Of Kigali,Gasabo,https://tourismregulation.rw/en/entity/profile/1750/,Licensed,"Welcome to Soy Asian Table, a culinary oasis in the heart of Kigali, Rwanda, where the vibrant flavors of South East Asian cuisine intertwine with the richness of African fusion. Immerse yourself in an extraordinary dining experience that celebrates the perfect harmony of two diverse culinary worlds. Our menu boasts the finest dim sums, carefully crafted to perfection and infused with the essence of both continents. Savor each delectable bite as it takes your taste buds on an unforgettable journey. Complementing our delightful cuisine is an extensive selection of cocktails and wines, featuring the biggest wine collection in town. Our expert mixologists have skillfully combined Asian and African influences to create tantalizing cocktails that will leave you wanting more. The inviting ambiance of our open fireplace sets the stage for unforgettable gatherings and big events. Whether it's a celebration with friends and family or a special occasion, Soy Asian Table offers the perfect setting to create cherished memories. For your convenience, we also offer hotel in-room delivery, allowing you to enjoy the flavors of Soy Asian Table in the comfort of your own space. Join us at Soy Asian Table and let your taste buds embark on a unique culinary journey that celebrates the fusion of South East Asian and Rwandan flavors. We invite you to experience the magic of our restaurant, where the art of cuisine comes alive in every dish, sip, and moment shared.",0,0,"Asian,Soups & Salads,Vegan/Vegetarian",www.soyasiantable.com,+250789099859,info@soyasiantable.com
IBABA TOURS&TRAVELS,Tour operator/Travel agent/Tour guide,Tour operator,City Of Kigali,Nyarugenge,https://tourismregulation.rw/en/entity/profile/1756/,Licensed,"We create a package holiday by combining all elements such as hotel, airport transfers, activities, restaurants, tours and such like: inclusive tours, scheduled tours  are crafted with our own adventure activities, stunning wildlife, and cultural experiences to create the most exciting, insightful, and varied journeys",0,0,,https://ibabatravels.com,+250 791 698 188,ibabatravels@gmail.com
D-Guide Travels,Tour operator/Travel agent/Tour guide,Tour operator,City Of Kigali,Gasabo,https://tourismregulation.rw/en/entity/profile/1754/,Licensed,"Specialized in Experiential Travel, our Expert Team is always deliberate and particular when it comes to planning for your next Africa Safari Experience. Whether it's on your bucket list or need inspiration, at D-Guide Travels, we will take the time to find out what makes your perfect trip. Using our expert knowledge, years of travel experience and  our established network of partners and suppliers, we will do all the hard work for you, while you focus on creating memories that will last a lifetime. Our travel packages are designed to provide an unforgettable experience for travelers who are looking for adventure and natural beauty. Experience the African Wilderness is the perfect option for anyone looking to explore Africa.",0,0,,www.dguidetravels.com,0788615233,info@dguidetravels.com
Rwema Abdulazak,Tour operator/Travel agent/Tour guide,Tour guide,City Of Kigali,Nyarugenge,https://tourismregulation.rw/en/entity/profile/1866/,Licensed,"My name is Rwema Abdulazak ,I am 26years old,i was born in Kigali,Rwanda,I am a tour, guide since two years ago, I offer good service and hospitality to the guest from different countries as well as supporting VISITRWANDA in so doing i looked forward to apply for RDB tourism licensing to be well known  and trusted in tourism field as well as playing a great role in promoting and marketing of my country",0,0,,,+250787230849,rwemaafrica@gmail.com
KIBOGORA MISSION GUEST HOUSE,Accommodation entity,Guest House,Western Province,Nyamasheke,https://tourismregulation.rw/en/entity/profile/1757/,Licensed,"KIBOGORA MISSION GUEST HOUSE is located in Nyamasheke District, Kanjongo Sector, Kibogora Cell. reach near to KIBOGORA Polytechnic University, instead of going to the Kibogora hospital, you will see the KIBOGORA MISSION GUEST HOUSE, enter and we will welcome you and begin to see a garden with flowers that you will not find anywhere else, a large and secure parking, you will begin to feel the breeze, you will see the beauty of Lake Kivu, we have different rooms and are characterized by Rest assured, we have all kinds of food for you, including flesh fish from Lake Kivu. Visitors to Nyamasheke District, we ensure you to give you the best service you can compare with anywhere else.",36,36,International,www.kibogoramission.rw,0787735138,kibogorabookings@gmail.com
BOHOWORKS Ltd,Restaurant/Bar/Nightclub,Restaurant,City Of Kigali,Gasabo,https://tourismregulation.rw/en/entity/profile/1749/,Licensed,"At Boho Restaurant, we are committed to offering our patrons an exceptional dining experience, rooted in the finest local ingredients and flavors. We strive to create a welcoming atmosphere where every customer feels valued and appreciated, leaving with not just a meal but also a lasting impression of excellent service and hospitality. With our carefully curated service and dedication to customer excellence, we have garnered a loyal customer base and have been recognized for our contribution to the local tourism scene.",0,0,African,https://www.boho.rw/,+250 788 312 787,bohoworksltd@gmail.com
THE GREEN LOUNGE (Bar and Restaurant),Restaurant/Bar/Nightclub,Bar,City Of Kigali,Kicukiro,https://tourismregulation.rw/en/entity/profile/1767/,Licensed,"The Green Lounge is an upscale and vibrant establishment that seamlessly blends contemporary design with a commitment to sustainability. Nestled in the heart of [location], it stands as a premier destination for those seeking a unique and Eco-conscious dining experience. Here's an overview of what The Green Lounge has to offer: 1. Ambiance: - The Green Lounge boasts a sophisticated and Eco-friendly ambiance, featuring modern decor infused with natural elements. The space is designed to provide a relaxed yet chic atmosphere for patrons. 2. Culinary Excellence: - Our culinary team takes pride in crafting a diverse menu that celebrates locally sourced, organic ingredients. The menu reflects a fusion of global flavors, ensuring a delightful gastronomic journey for every diner. 3. Sustainable Practices: - Committed to environmental responsibility, The Green Lounge incorporates sustainable practices throughout its operations. From energy-efficient lighting to Eco-friendly packaging, we strive to minimize our ecological footprint. 4. Hospitality with a Personal Touch: - The Green Lounge places a strong emphasis on personalized service. Our attentive and knowledgeable staff ensures that every guest feels welcomed, creating an inviting and memorable experience. 5. Event Spaces: - The venue offers versatile event spaces suitable for a range of occasions, from intimate gatherings to larger celebrations. Whether it's a business meeting, a special celebration, or a casual get-together, The Green Lounge provides a sophisticated backdrop. 6. Innovative Beverages: - Our bar features a curated selection of craft cocktails, premium wines, and artisanal beverages. The Green Lounge takes pride in offering a diverse and unique drink menu that complements the culinary offerings. 7. Cultural Engagement: - Beyond being a dining destination, The Green Lounge actively engages with the local community by hosting cultural events, art exhibitions, and collaborations with local artists. 8. Commitment to Excellence: - The Green Lounge is dedicated to maintaining the highest standards of excellence in every aspect of its operation, from culinary innovation to customer service, creating a memorable and fulfilling experience for each guest.",0,0,"African,BBQ,Pizzeria,Rwandan & International,Sandwiches,Vegan/Vegetarian",,0788987473/0791700255,thegreenloungekgl@gmail.com
Atlas Gaze Ltd,Tour operator/Travel agent/Tour guide,Tour operator,City Of Kigali,Nyarugenge,https://tourismregulation.rw/en/entity/profile/1762/,Licensed,"Atlas Gaze Ltd is a recently established Rwandan travel consultancy and destination management company headquartered in Kigali. Founded in early 2023. With a collective experience of over 15 years in the airline sector, we bring a wealth of knowledge and expertise to elevate the travel experiences of our clients. At Atlas Gaze, our mission is to redefine travel experiences by providing bespoke solutions that seamlessly blend comfort, efficiency, and memorable moments. We aspire to be the preferred partner for all travel needs, delivering excellence through our industry knowledge and unwavering commitment to customer satisfaction and sustainable tourism.",0,0,,WWW.ATLASGAZE.COM,0783188657,INFO@ATLASGAZE.COM
Bizimana Andrew,Tour operator/Travel agent/Tour guide,Tour guide,City Of Kigali,Gasabo,https://tourismregulation.rw/en/entity/profile/1761/,Licensed,"I am a graduate of UTB (the University of Tourism and Business Studies) in the faculty of Travel and Tourism Management. I am Travel & Hospitality Enthusiast, Proactive, and Customer service oriented in tourism. I worked in hospitality since 2013 as a part-time jobs until later in 2015 and joined the university. Having studied courses regarding travel and attending different trainings has made me enthusiastic to work and proceed with my career in the travel industry.",0,0,,,+250 788 563 665,bizimanaandrew1@gmail.com
MEZA MALONGA RESTAURANT,Restaurant/Bar/Nightclub,Restaurant,City Of Kigali,Gasabo,https://tourismregulation.rw/en/entity/profile/1763/,Licensed,"Meza Malonga Food Experience We are storytellers of the history of the people and lands behind each ingredient. The lush District of Musanze, Rwanda is the soil of our home grown fruits and vegetables. With Maasai, Bantu, Zulu influences and beyond, Dieuveil Malonga’s cuisine reveals the splendor, uniqueness and complementarity of African nations. With culture and travel at the core of our inspiration, our curated gastronomic experiences are an invitation to a journey without borders throughout Africa.",0,0,Other (specify),www.mezamalonga.com,0785146072,dieuveilmalonga@gmail.com
HIGHENDS TOURS & TRAVEL LTD,Tour operator/Travel agent/Tour guide,Travel agent,City Of Kigali,Nyarugenge,https://tourismregulation.rw/en/entity/profile/1764/,Licensed,"**HighEnds Tours & Travel Ltd: Elevating Your Journey to Extraordinary Heights** Welcome to HighEnds Tours & Travel Ltd, where we redefine the very essence of travel, turning each expedition into an unforgettable odyssey. As a premier travel agency, we specialize in curating bespoke travel experiences that combine luxury, sophistication, and unparalleled service, ensuring every journey is nothing short of extraordinary. **Our Commitment:** At HighEnds Tours & Travel Ltd, our commitment is to transform your travel dreams into reality. We go beyond the conventional, crafting unique itineraries that cater to the most discerning travelers. Whether it's a serene escape, a cultural immersion, or an adventure of a lifetime, our dedication to excellence ensures an unparalleled experience. **Services:** 1. **Tailored Luxury:** Immerse yourself in the epitome of luxury with our meticulously curated travel experiences. From lavish accommodations to private transfers, we leave no stone unturned in creating a seamless and opulent journey. 2. **Global Destinations:** Embark on a global exploration with access to the most coveted destinations. Discover the world's wonders, from iconic landmarks to hidden gems, as we guide you through a tapestry of cultures, landscapes, and unparalleled beauty. 3. **Experiential Travel:** Beyond the ordinary, we specialize in crafting experiences that transcend the traditional travel itinerary. Whether it's a private tour of historical sites, a culinary adventure, or a bespoke cultural immersion, our goal is to create moments that linger in your memory. 4. **Corporate Retreats:** Elevate your corporate travel experience with our tailored solutions. From executive retreats to team-building getaways, we understand the unique needs of business travel, ensuring a seamless blend of productivity and relaxation. **Why Choose Us:** 1. **Expertise:** With a team of seasoned travel professionals, HighEnds Tours & Travel Ltd brings a wealth of expertise to the table. Trust us to navigate the complexities of travel, providing insights and recommendations that elevate your experience. 2. **Exclusivity:** We believe in the art of exclusivity. Our partnerships with luxury hotels, airlines, and experience providers ensure that our clients enjoy privileged access to the finest amenities and services. 3. **Personalized Attention:** Your journey is as unique as you are. HighEnds Tours & Travel Ltd takes pride in offering personalized attention to every detail, ensuring that each aspect of your trip reflects your preferences and desires. 4. **Innovation:** We stay ahead of travel trends, embracing the latest technology and innovative solutions. From seamless online booking experiences to cutting-edge travel enhancements, we bring innovation to every step of your journey. **Contact Us:** Ready to embark on a journey that transcends the ordinary? Contact HighEnds Tours & Travel Ltd, and let us tailor an experience that suits your desires and surpasses your expectations. Your extraordinary journey begins with us. *HighEnds Tours & Travel Ltd - Redefining Luxury Travel.*",0,0,,,0786765273,highendstravel07@gmail.com
MADAR SOLUTIONS GROUP LTD,Tour operator/Travel agent/Tour guide,Tour operator,City Of Kigali,Kicukiro,https://tourismregulation.rw/en/entity/profile/1765/,Licensed,"Madar Solutions Group ltd is a tour company that is aiming at becoming one of the biggest tour operators in the country and as well facilitate the country to further its tourism agenda. Our team comprises passionate professionals who possess a deep understanding of the tourism industry and its potential to positively impact local communities and economies. Our team as of now is comprised of the Managing Director, the Operations Manager, Executive Assistant, professional Driver and a tour guide. After acquiring the licence, we intend to hire more workers such that we best service tourists while they are in the country.",0,0,,,0798654251,sajed@madarsg.com
THE B LOUNGE,Restaurant/Bar/Nightclub,Bar,City Of Kigali,Nyarugenge,https://tourismregulation.rw/en/entity/profile/1778/,Licensed,"THE B LOUNGE is a Bar-Restaurant and Night Club located in Kigali City , Nyarugenge District,  Rwezamenya Sector and Rwezamenyo II cell, opposite Saint Charles LWANGA Catholic Church in Basil Height Building in the 4 floor. Its location in the last floor of the building allows a very nice big view of the Kigali city and a big lounge.",0,0,"International,African,BBQ,French,Italian,Rwandan",Google my business -  https://g.co/kgs/y4zHLnf,0788440548,eubasilgroupltd1@gmail.com
Allen TESIRE,Tour operator/Travel agent/Tour guide,Tour guide,Northern Province,Musanze,https://tourismregulation.rw/en/entity/profile/1766/,Licensed,"Allen TESIRE am driver Guide from Musanze,member of RSGA.",0,0,,,0788604959,tesireallen46@gmail.com
Hope Tours Rwanda,Tour operator/Travel agent/Tour guide,Tour operator,City Of Kigali,Nyarugenge,https://tourismregulation.rw/en/entity/profile/1771/,Licensed,"Hope Tours Rwanda is a sustainable tour company based in Rwanda, specializing in unforgettable and responsible Gorilla Trekking experiences in Rwanda . We also offer unique and customized safaris,  adventures and cultural tours in Rwanda. We take immense pride in our commitment to bringing hope to local communities. Our dedicated team ensures high-quality services and a lifetime of adventures for our guests. We’re proud to be a single-use plastic-free company, contributing to a sustainable and thriving world for future generations.",0,0,,www.hopetoursrwanda.com,0788363208,ericsabi@hopetoursrwanda.com
Tumusime Fred,Tour operator/Travel agent/Tour guide,Tour guide,City Of Kigali,Gasabo,https://tourismregulation.rw/en/entity/profile/1897/,Licensed,"Individual that provides professional tour guiding services. This entity is responsible for offering guided tours to tourists, ensuring they receive engaging, informative, and memorable experiences while exploring different locations.",0,0,,N/A,0788240700,fredtumusime20@gmail.com
Worthy getaway ltd,Tour operator/Travel agent/Tour guide,Travel agent,City Of Kigali,Nyarugenge,https://tourismregulation.rw/en/entity/profile/1782/,Licensed,Tour and Travel Agency,0,0,,https://worthygetaway.com,+250788535133,worthgetway@gmail.com
AMIKUS HOTEL,Accommodation entity,Town hotel,Northern Province,Musanze,https://tourismregulation.rw/en/entity/profile/1774/,Licensed,"AMIKUS HOTEL, is a town hotel located in Northern Province, Musanze District, Muhoza Sector, Kigombe cell, at RN2,NM 155 ST, we offer different service such as accommodation with 32 rooms from 2nd to 4th floor ,you may use stairs or lift to access rooms, we have   an international restaurant on ground with an attractive terrace, coffee shop, we have conference services with different types of conference rooms of 15 to 200 people, we have  Bar at the top of building with good view of five volcanoes/VNP and beauty of Musanze  city we also offer transport service, tour packaging, catering  service, internet service and free WIFI in whole building. The customer is king with us, you are most welcome!",32,45,"International,African,Asian,BBQ",amikushotel.com,0791463000,amikushotel1@gmail.com
RESERVE&PAY TRAVEL,Tour operator/Travel agent/Tour guide,Travel agent,City Of Kigali,Gasabo,https://tourismregulation.rw/en/entity/profile/1646/,Licensed,"We specialize in travel service , accommodations , our focuses in mainly in expanding the sector using technology",0,0,,www.reservenpay.com,0788290000,isaacndamukunda@gmail.com
Belle Vue Apartments,Accommodation entity,Serviced apartment,City Of Kigali,Kicukiro,https://tourismregulation.rw/en/entity/profile/1886/,Licensed,"Belle Vue Apartments is a 12 rooms Apartment located in Kigali city,Kicukiro district,Gatenga sector and Nyarurama cell. This high quality accommodation apartment is arranged well , without a lift. On the third floor, there is a comfortable terrace where you can sit and drink tea, or just read. There is also a splendid terrace, where, you can relax and immerge yourself from morning onwards in the atmosphere daily life. The rooms are arranged on the first and second floors. On the third floor, there is also a delightful terrace available for the use of guests, from where you can enjoy the wonderful view. The Apartments provide an internet point, and a free Wi-Fi service.",12,12,"International,Pizzeria,Rwandan,Rwandan & International",http://www.bellevueapartmentsrebero.com,0791500955,bellevueapartmentsrebero@gmail.com
TOP CHEF RESTAURANT&WINE BAR,Restaurant/Bar/Nightclub,Bar,City Of Kigali,Nyarugenge,https://tourismregulation.rw/en/entity/profile/2089/,Licensed,"Top Chef Bar, located in Nyabugogo, Kigali (on Munu Plaza opposite the main taxi park), is a popular, vibrant, and upscale venue known for its lively, high-energy atmosphere, featuring live music, professional dancers, and traditional Ugandan ikimansuro performances. It is a renowned spot for sizzling brochettes, varied local/international cuisine, and a wide selection of drinks.",0,0,International,none,0788409084,restaurantwinebartopchef@gmail.com
Atlas Gaze Ltd,Tour operator/Travel agent/Tour guide,Travel agent,City Of Kigali,Nyarugenge,https://tourismregulation.rw/en/entity/profile/1777/,Licensed,"Atlas Gaze Ltd is a recently established Rwandan travel consultancy and destination management company headquartered in Kigali. Founded in early 2023. With a collective experience of over 15 years in the airline sector, we bring a wealth of knowledge and expertise to elevate the travel experiences of our clients. Atlas Gaze is an IATA certified agency. At Atlas Gaze, our mission is to redefine travel experiences by providing bespoke solutions that seamlessly blend comfort, efficiency, and memorable moments. We aspire to be the preferred partner for all travel needs, delivering excellence through our industry knowledge and unwavering commitment to customer satisfaction.",0,0,,www.atlasgaze.com,0783188657,info@atlasgaze.com
Bugingo Emmanuel,Tour operator/Travel agent/Tour guide,Tour guide,City Of Kigali,Gasabo,https://tourismregulation.rw/en/entity/profile/1653/,Licensed,I Bugingo Emmanuel certified as tour Guide,0,0,,,0788438175,bugingoe37@gmail.com
Cyprien Uwimana,Tour operator/Travel agent/Tour guide,Tour guide,City Of Kigali,Gasabo,https://tourismregulation.rw/en/entity/profile/1640/,Licensed,"Cyprien is a passionate, professional photographer tour guide based in Kigali. he is mainly interested in safari tours but also covers other tourism activities like Gorilla tracking, chimpanzee tracking, culture and adventure tours.",0,0,,,0788852748,ucyprien@gmail.com
Wildlife Partners,Tour operator/Travel agent/Tour guide,Tour operator,City Of Kigali,Gasabo,https://tourismregulation.rw/en/entity/profile/1772/,Licensed,"Wildlife Partners is a social enterprise fully owned by the Rwanda Wildlife Conservation Association (RWCA), created to build financial sustainability for conservation initiatives by RWCA through responsible tourism and hospitality businesses. We help our guests connect with nature and inspire them to get involved and contribute to wildlife conservation through on-ground experiences. Most of our tours and hospitality businesses are found on impact sites of RWCA.",0,0,,https://wildlifepartnersrwanda.org/,+250788876760,wildlifepartnersorg@gmail.com
Sambora Private Journeys Ltd,Tour operator/Travel agent/Tour guide,Tour operator,City Of Kigali,Nyarugenge,https://tourismregulation.rw/en/entity/profile/1779/,Licensed,"Sambora Private Journeys is a Destination Management company located in Kigali Rwanda. We offer tourism related packages to east Africa that are all inclusive to the high end and mid range Market. We are sister company of Sambora Kinigi a prestigious lodge located in Kinigi, Musanze. We specialize in private guided journeys utilizing the best qualified guides and state of the art safari vehicles. Our company provides bespoke tailored packages specific to each individual guest creating a truly remarkable experience on our journeys.",0,0,,www.samboraprivatejourneys.com,0782009024,jamal@samboraprivatejourneys.com
"KIVU MARINA BAY LIMITED (""Trading as MANTIS KIVU MARINA BAY HOTEL"")",Accommodation entity,Town hotel,Western Province,Rusizi,https://tourismregulation.rw/en/entity/profile/1454/,Licensed,"MANTIS KIVU MARINA BAY HOTEL is a luxury star hotel located in the Rusizi District, in the Western side of Rwanda. The hotel is overlooking Lake Kivu and the border of the Democratic Republic of Congo. One of the main USPs of the location of the Mantis Kivu Marina Bay, is that it is located on the southern part of Lake Kivu, and is within close proximity to the Nyungwe National Park. The Nyungwe National Park is home to chimpanzees and other primate species, including black and white colobus monkeys. Visitors can embark on chimpanzee trekking tours, or take in the scenes while doing the world-renowned canopy walk through the park. One-day gorilla trekking trips to Kahuzi Biega National Park just over the border in The DRC is an option when visiting the southern part of Lake Kivu. Mantis Kivu Marina Bay Hotel is located 270Km from The Volcanos National Park where the extremely endangered Eastern Mountain Gorilla Families can be found. As you come to the Hotel from either Kigali or the Volcanos National Park, you have the option to stop by Kibuye Town, whereby guests will also have the option to stop over and experience another beautiful part of Kivu lake. The appealing look of the façade of Mantis Kivu Marina Bay Hotel creates an inviting atmosphere, with its grand triple volume lobby and glass elevators create a feeling of space and freedom. It has a beautiful view of the western tourist region and across the waters to the Democratic Republic of Congo.",79,115,International,www.mantiscollection.com,+250786237513,bruce.walker@mantiscollection.com
New Horizon Africa Safaris Ltd,Tour operator/Travel agent/Tour guide,Tour operator,City Of Kigali,Nyarugenge,https://tourismregulation.rw/en/entity/profile/1784/,Licensed,"New Horizon Africa Safaris is a Rwanda based tour operator offering the best wildlife East African tour packages with specialization of organizing the best encounters of Mountain Gorillas in their natural habitat. We specialize in making custom made safari packages suiting our guest needs and budgets, offering the best Gorilla tracking experiences in Rwanda, Uganda and D.R.Congo, offering the best car rental experiences with driver guides and accommodations reservations. The company has experienced teams of guides, travel experts and managers with the best understanding of the guests’ needs and always strives to exceed expectations. Our drivers are locals and understand the culture and languages making it more easy to make perfect trips and experiences at all areas we visit and all National parks in Rwanda, Uganda and Democratic Republic of Congo.",0,0,,https://newhorizonafricasafaris.com/,+250785576756,newhorizontours5@gmail.com
KIGALI DELIGHTS HOTELS &APARTMENT,Accommodation entity,Town hotel,City Of Kigali,Gasabo,https://tourismregulation.rw/en/entity/profile/1787/,Licensed,"Kigali Delights Hotel & Apartment's is an 71 rooms which combines both luxury and budgeted rooms, situated in gacuriro  Gasabo district. The hotel is arranged on four floors, with a lift. On the ground floor, apart from the reception, there is a comfortable lobby and restaurant overlooking Amahoro stadium where you can sit and drink tea, or just read. There is also a splendid terrace, where, you can relax and immerge yourself from morning onwards in the atmosphere of Kigali  daily life. The rooms are arranged on the first, second floors ,third and Executive rooms  with conference hall on the fourth floor. The buffet breakfast is served in the restaurant on the ground floor. The hotel provides an internet point, and a free Wi-Fi service also do provide airport shuttle on request.",71,87,"International,BBQ,Rwandan & International",N/A,+250788358600,info@kigalidelightshotel.com
NEW SNOW INEZA HOTEL LTD,Accommodation entity,Town hotel,Northern Province,Musanze,https://tourismregulation.rw/en/entity/profile/2119/,Licensed,"INEZA Hotel is a warm and welcoming place to stay in Musanze, conveniently located just as you enter from Kigali. We offer a comfortable and peaceful environment where guests can relax, feel at home, and enjoy friendly, personalized service. Whether you are traveling for business or visiting nearby attractions like Volcanoes National Park, our goal is to make your stay simple, enjoyable, and memorable.",24,36,,httt://www.inezahotel.rw/,+250796664151,inezahotel1@gmail.com
LAKE SIDE VIEW LOUNGE AND RESTAURANT LTD,Restaurant/Bar/Nightclub,Bar,Western Province,Rubavu,https://tourismregulation.rw/en/entity/profile/1785/,Licensed,his peaceful haven enjoys an idyllic setting at the southern tip of Lake KIVU Experience Lakeside... our unrivalled position allows you to wander from the Humor to the Lake.,0,0,"African,American,Asian,BBQ",,0781464970,awtseanaw@gmail.com
MOUSSA,Tour operator/Travel agent/Tour guide,Tour guide,City Of Kigali,Nyarugenge,https://tourismregulation.rw/en/entity/profile/1788/,Licensed,Being a tour guide,0,0,,,0788410700,mussahabyarimana@gmail.com
JOURNEY AFRICA WILD LTD,Tour operator/Travel agent/Tour guide,Tour operator,City Of Kigali,Nyarugenge,https://tourismregulation.rw/en/entity/profile/1789/,Licensed,"Journey Africa Wild is a reputable tour company based in Rwanda that specializes in providing unique and unforgettable safari experiences across the continent. With a deep passion for wildlife conservation and a commitment to sustainable tourism, Journey Africa Wild strives to create meaningful and responsible travel experiences for its clients. The company offers various safari packages that showcase Africa's incredible wildlife, stunning landscapes, and rich cultural heritage. From exciting game drives in famous national parks, such as the Serengeti and Masai Mara, Queen Elizabeth to gorilla trekking adventures in Rwanda and Uganda, Journey Africa Wild ensures that each trip is tailored to meet the interests and preferences of its clients. What sets Journey Africa Wild apart is our dedication to ethical and responsible tourism practices. The company works closely with local communities, wildlife conservation organizations, and eco-lodges to support initiatives that preserve Africa's natural beauty and protect its diverse wildlife. We prioritize environmentally friendly practices and strive to create positive impacts on the communities they visit. Journey Africa Wild's team of experienced guides and staff provide exceptional service, ensuring that every aspect of the safari experience is seamless and enjoyable. We have extensive knowledge of Africa's wildlife, ecosystems, and cultural heritage, creating informative and engaging experiences for our clients. Whether it's a luxury safari getaway, a budget-friendly adventure, or a tailor-made itinerary, Journey Africa Wild is committed to delivering a truly authentic African safari experience. Our goal is to create lasting memories while promoting conservation and responsible travel practices.",0,0,,https://journeyafricawild.com/,0783214645,journeyafricawild@gmail.com
Friendly Skies Travel & Tours Ltd,Tour operator/Travel agent/Tour guide,Travel agent,City Of Kigali,Gasabo,https://tourismregulation.rw/en/entity/profile/1797/,Licensed,"Friendly Skies Travel & Tour is a Travel Agency that aspires to be a trusted partner to our clients that are traveling from and/or traveling to the country of honey and milk, the country of a thousand hills, our beautiful Rwanda. We provide the best services to insure that our customers have the most wonderful experience while traveling. We know how traveling around the world can be haunting experience for many. Our experienced staff is dedicated to provide our customers the best experience at the best price while traveling. We look forward to see you soon in our Friendly Skies. We are located on the 1st floor of the A & F PLAZA Building in Kisimenti, KN 5 RD. You may contact us on +250 785759085.",0,0,,,0785759085,rwema89melissa@gmail.com
LUXE HORIZONS AFRICA TOURS LTD,Tour operator/Travel agent/Tour guide,Tour operator,City Of Kigali,Kicukiro,https://tourismregulation.rw/en/entity/profile/1890/,Licensed,"We pride ourselves as a number one Luxury Tour Company specializing in Experiential travel mainly in Rwanda. Every safari is designed to meet the expectations of and fulfil the specific needs of our guests. Furthermore, on top of an exceptional safari itinerary designed just for you by our Travel Expert, we always provide a  private specialist guide who brings expertise to the area you are travelling in, adding depth to your interactions with the wildlife and to your historical and cultural experiences.",0,0,,WWW.LUXEHORIOZNSAFRICA.COM,0788615233,INFO@LUXEHORIZONSAFRICA.COM
Book Your Voyage Travel & Tours Rwanda Limited,Tour operator/Travel agent/Tour guide,Travel agent,City Of Kigali,Nyarugenge,https://tourismregulation.rw/en/entity/profile/1889/,Licensed,"Book Your Voyage is B2B Travel agent who strictly deals in B2B they provide there services to the travel agents only as our services are 1.Air Tickets 2.Hotel Reservation 3.World Wide Holiday packages 4.Transfer 5.Visa Assistance and many more our Office located at Mic building 4th floor office no 39, KN 2 Avenue, Nyarugenge,Kigali,Rwanda",0,0,,www.bookyourvoyage.com,0795412149,kglsales@bookyourvoyage.com
Peramount Adventure and Travels,Tour operator/Travel agent/Tour guide,Tour operator,City Of Kigali,Gasabo,https://tourismregulation.rw/en/entity/profile/1791/,Licensed,"Paramount Adventure and Travels Ltd is tour operator  company  that organizes and sells tours, excursions, and vacation packages to travelers. we handle all aspects of the tour, including planning the itinerary, booking accommodations and transportation, arranging activities and meals, and providing guides or escorts if needed. We offer customized travel packages, group tours, or specialized services like adventure travel or luxury vacations and we make travel experience, convenience, enjoyable, memorable for our clients from local day trips to international travel packages.",0,0,,https://paramountadventureandtravels.com/,0782501110,adventureparamount2@gmail.com
Fine Safaris-Afrika Ltd,Tour operator/Travel agent/Tour guide,Tour operator,City Of Kigali,Kicukiro,https://tourismregulation.rw/en/entity/profile/1790/,Licensed,"This Entity offers tourism packages, Hotel reservations and Transportation of tourists both Local and International within Rwanda and Beyond.",0,0,,,+250788758534,info@finesafaris-afrika.com
Kabera Oscar,Tour operator/Travel agent/Tour guide,Tour guide,City Of Kigali,Kicukiro,https://tourismregulation.rw/en/entity/profile/1792/,Licensed,Hi. my name is Kabera Oscar. I have been tour guide for 6years . This is the work I love since it gives me the time to speak of my country whenever I am with a tourist I stand as an ambassador of my country. I am applying for license so that I may continue working eligibly. Thank you,0,0,,,0785552591,kabera80@gmail.com
GAHEMBE MOTEL,Accommodation entity,Motel,Eastern Province,Bugesera,https://tourismregulation.rw/en/entity/profile/1804/,Licensed,"GAHEMBE  Motel is a located in Bugesera District serves modern African cuisine with grilled meat called “Brochette Gahembe” and innovative cocktails made with fresh organic produce from our onsite organic garden. Gahembe Motel  is an 14 rooms, comfortable hotel, The hotel is arranged on two floors, without a lift. On the ground floor, apart from the reception, there is a comfortable lounge where you can sit and drink tea, or just read. The buffet breakfast is served in the restaurant on the ground floor. The hotel provides an internet point, and a free Wi-Fi service.",14,14,"African,BBQ",,0788653518,innocentkaremera336@gmail.com
SAFA BAKERIES AND GROCERY LTD,Restaurant/Bar/Nightclub,Restaurant,City Of Kigali,Gasabo,https://tourismregulation.rw/en/entity/profile/1794/,Licensed,"we have proved to be among the leading safe food producers and handlers under the proper guidance of Rwanda standards board , Rwanda halal certification and Rwanda development board through their continual audits and visits. the restaurant has one main auditorium that can accommodate not above 50 people at ago.",0,0,"African,Chinese",,0786725380,safabakeriesltd@gmail.com
TRIPPLE LEGACY TRAVELS,Tour operator/Travel agent/Tour guide,Travel agent,City Of Kigali,Nyarugenge,https://tourismregulation.rw/en/entity/profile/1799/,Licensed,"Tripple Legacy Travels, based in the vibrant city of Kigali, is a premier travel agency specializing in air ticketing services with a knack for crafting unforgettable travel packages. Founded on a legacy of industry expertise, our company stands out as a beacon of personalized, efficient service. Ms. Rachel B Musafiri, the driving force behind Tripple Legacy Travels, boasts over a decade of invaluable experience in the aviation industry. Her journey began at RwandAir Ltd, where she cultivated strong interpersonal and problem-solving skills as a Check-in and Customer Care Officer. Tripple Legacy Travels is not just a travel agency; it's a manifestation of the founder's rich industry experience, visionary leadership, and unwavering commitment to providing unparalleled service. With her at the helm, the company stands poised to redefine the travel experience in Rwanda with a legacy of expertise, reliability, and customer-centricity.",0,0,,,0788688434,tripplelegacytravel@gmail.com
Theobard UWAMAHORO,Tour operator/Travel agent/Tour guide,Tour guide,Northern Province,Musanze,https://tourismregulation.rw/en/entity/profile/1796/,Licensed,"Experienced tour guide with over eleven years at the Dian Fossey Gorilla Fund International as a tracker, specializing in gorilla research, monitoring, and protection within the Volcanoes National Park. Energetic and personable, committed to providing diverse tourists with exceptional experiences. Skilled in handling complaints efficiently and ensuring customer satisfaction. Versatile freelancer with over six years' experience in various tour companies. Proficient in maintaining vehicle safety, cleanliness, and customer service standards. Currently a driver guide at AKAGERA Rhino Lodge. Actively engages in professional development to stay updated on industry trends and innovate guiding approaches. Proactive in diagnosing client satisfaction and proposing business recovery solutions, setting and achieving service delivery targets in collaboration with management.",0,0,,,0783429233,theobarduwamahoro@gmail.com
Blueberry Travel,Tour operator/Travel agent/Tour guide,Travel agent,City Of Kigali,Nyarugenge,https://tourismregulation.rw/en/entity/profile/1892/,Licensed,"Blueberry Travel is one of the leading companies into travel and tourism sector that offers service Flight Reservation and Ticketing, Accommodation, Holiday packages, Travel Insurance, Car Rental and Airport Transfers. Blueberry Travel has a globally presence in 25+ countries worldwide, with its head office is located in U.A.E",0,0,,www.blueberry-travel.com,0795342244,sales.kgl@blueberry-travel.com
AGRITOURISM NETWORK AND TOURS,Tour operator/Travel agent/Tour guide,Tour operator,City Of Kigali,Gasabo,https://tourismregulation.rw/en/entity/profile/1798/,Licensed,AGRITOURISM NETWORK AND TOURS LTD is a company located in kigali as main office with the aim of promoting the agriculture tourism by showing to the tourists and visitors the beauty of Rwandan in agriculture areas like tea plantation as well as coffee. Also our company educate the farmers how to prepare their farms in order to be attractive to the tourists and make money through.,0,0,,www.agritourismnetworkandtours.com,0788681018,info@agritourismnetworkandtours.com
Cafe camellia,Restaurant/Bar/Nightclub,Restaurant,City Of Kigali,Nyarugenge,https://tourismregulation.rw/en/entity/profile/713/,Licensed,"is a high end coffee shop that specializes in out side catering, Breakfast, Coffee, Tea, pastries, Juices, Fruits and other delicious foods.",0,0,Rwandan & International,www.camelliarw.com,+250788309808,camelliatearw@yahoo.com
Mr. Chips Fast Food and Takeaway Ltd.,Restaurant/Bar/Nightclub,Restaurant,City Of Kigali,Gasabo,https://tourismregulation.rw/en/entity/profile/1807/,Licensed,"Mr. Chips has been the leader in the fast food business in Kigali for over 13 years serving North American classics, such as burgers, pizza, fried and roast chicken and of course chips (french-fries). Mr. Chips also has a great selection of desserts, from ice cream sandwiches and sundaes to apple pies, muffins and brownies. The restaurant is conveniently located in Kibagabaga. It has a very comfortable covered outdoor terrace as well as indoor seating. Clients can enjoy a wide range of great music styles while enjoying our delicious food in a very relaxed atmosphere. There is plentiful parking, wi-fi service and Mr. Chips offers convenient takeaway as well as delivery services.",0,0,"International,American",www.mrchipskigali.com,0787106483,mrchipskigali@gmail.com
TRASER,Tour operator/Travel agent/Tour guide,Travel agent,City Of Kigali,Nyarugenge,https://tourismregulation.rw/en/entity/profile/528/,Licensed,"Traser( Travel Agency Services) is a travel agency situated in Centenery House, 2nd Floor, Nyarugenge, Kigali  City.",0,0,,,0788305714,traserw@gmail.com
EXPEDITION RWINDI VOYAGE LTD,Tour operator/Travel agent/Tour guide,Tour operator,Western Province,Rubavu,https://tourismregulation.rw/en/entity/profile/1805/,Licensed,"EXPEDITION RWINDI VOYAGE LTD is a Tour company based in rubavu district,this company was created by a team of young enterpreuneurs with the purpose of job creation.we are dealing mostly with the trails around Rubavu and the western province of Rwanda.for the last two years our clients were mainly backepackers who wanted to enjoy the congo nile trail either by hiking or biking. we are also selling the rwanda wildlife activities in the volganoes,Akagera,Nyungwe and the newly created Gishwati Mukura national park.our services our offices are in Rubavu district where we connect to all the services. even if our company is still a young organization but we have ambition of seeing it having branches withing the east Africa region in the near future.",0,0,,www.rwindisafaris.com,0783303566,Rwindisafaris@gmail.com
Kayibanda,Tour operator/Travel agent/Tour guide,Tour guide,City Of Kigali,Kicukiro,https://tourismregulation.rw/en/entity/profile/1806/,Licensed,I give tour experiences to tourists visiting Rwanda. I have worked in the tourism industry for 8+years,0,0,,,0788605611,rkdonne@gmail.com
ATTRACTIVE EAST AFRICAN TOURS AND TRAVEL AGENCY LTD,Tour operator/Travel agent/Tour guide,Travel agent,City Of Kigali,Nyarugenge,https://tourismregulation.rw/en/entity/profile/1808/,Licensed,"ATTRACTIVE SAFARIS LTD is a licensed Tour Operator RDB/TL/2017/12/TO/00126 In addition to tourist activities, we also offer ticketing services. Different RDB inspection teams recommended us to apply also ""Tourism operating Licence for Travel Agency.",0,0,,www.attractivesafaris.com,+250788487682,info@attractivesafaris.com
2 SHOTS CLUB LTD,Restaurant/Bar/Nightclub,Bar,City Of Kigali,Gasabo,https://tourismregulation.rw/en/entity/profile/1809/,Licensed,"2 SHOTS CLUB LTD is a restaurant ,Bar located kigali remera our main services are selling food and beverage as professional",0,0,"International,African,BBQ,French,Pizzeria,Rwandan,Snacks,Vegan/Vegetarian,Other (specify)",,0788308405,ngaramberaph@gmail.com
Munyaneza Eulade,Tour operator/Travel agent/Tour guide,Tour guide,City Of Kigali,Kicukiro,https://tourismregulation.rw/en/entity/profile/2168/,Licensed,I was operating as a tour guide in Rwanda but without RDB License so I want to be a professional guide in Rwanda with RDB License.,0,0,,None,0782861867,munyaneura@gmail.com
ISANGE PARADISE RESORT,Accommodation entity,Vacation hotel or resort,Northern Province,Musanze,https://tourismregulation.rw/en/entity/profile/2053/,Licensed,"Isange Paradise Resort has 10 comfortable self-contained rooms, each one with a private terrace overlooking the beautiful charming garden, We host all your private parties with VIP setup for all your guests. Weddings, Parties, Conferences all types of gatherings are catered for at Isange Paradise Resort.Our menu has a wide variety of food for you to choose from, from local delicacies to international cuisine, as well as a long list of various refreshing drinks.",12,15,International,http://www.isangeparadiseresort.com,+250783116655,isangeparadise@gmail.com
ALPINE HOLIDAYS Ltd,Tour operator/Travel agent/Tour guide,Travel agent,City Of Kigali,Nyarugenge,https://tourismregulation.rw/en/entity/profile/1817/,Licensed,"At Exploring Tourism, the leading Rwanda travel agency, we outdo at helping you get your trip planned. Not just trip, but exceptional trips filled with exciting and life-enriching experiences. Our travel agents are experts at handcrafting and coordinating complex itineraries to Rwanda",0,0,,www.alpinetravels.com,+250784833266,admin@alpinetravels.com
Mukurarinda Jean Claude,Tour operator/Travel agent/Tour guide,Tour guide,City Of Kigali,Kicukiro,https://tourismregulation.rw/en/entity/profile/1810/,Licensed,Freelancer Tour Guide,0,0,,,0788747784,mukuclauddy@gmail.com
THE GORILLA SIP LTD,Restaurant/Bar/Nightclub,Restaurant,Northern Province,Musanze,https://tourismregulation.rw/en/entity/profile/1815/,Licensed,"The Gorilla sip is your one-stop haven for coffee, cocktails, and culinary delights, where every sip tells a story and every bite feels like home. Unwind in our cozy accommodation or host unforgettable events in our lush garden , Perfect blend of business vibes and family -friendly charm. Join us in crafting memories, one cup and and plate at a time while enjoying the beautiful view of  five volcanoes.",0,0,"African,American,BBQ,Rwandan & International,Vegan/Vegetarian",,0788301836,muyenzimartin2023@gmail.com
EASTERN HILLS HOTEL LTD,Accommodation entity,Town hotel,City Of Kigali,Gasabo,https://tourismregulation.rw/en/entity/profile/1816/,Licensed,THE Eastern hill hotel is located is an 14 rooms .comfortable hotel situated at in the heart of Kigali. The hotel is arranged in 3 floor. without lift .apart from reception. There is an comfortable lounge where you can sit and enjoy the tea from thousands hills. Or just read different books. We have international kitchen. our rooms has self contains. With full high speed internet. Every room has balcony.,14,14,"International,Rwandan & International,Other (specify)",www .EASTERNHILLSHOTEL.COM,0788307270/0788460095,easternhill7@gmail.com
Hirwa Safaris ltd,Tour operator/Travel agent/Tour guide,Tour operator,City Of Kigali,Nyarugenge,https://tourismregulation.rw/en/entity/profile/1828/,Licensed,"Hirwa Safaris was started out of the desire to see a tourism sector that directly uplifts the local communities while promoting responsible exploitation of tourism resources for economic benefit in Rwanda. The company was founded by a couple that met in the tourism industry. With a combined experience of over 10 years, a passion for conservation and impacting community. Hirwa Safaris was conceived. We are a small team that cares passionately about every guest and give a personal, individual service to each and every one of you. With a strong passion and appreciation of fine travel, intimate knowledge of the culture, history, wildlife and conservation practices of your destination, we deliver the finest bespoke authentic travel experience to you.",0,0,,hirwasafaris.com,0782793746,leviakima03@gmail.com
EBENEZER HOTEL APARTMENTS,Accommodation entity,Serviced apartment,City Of Kigali,Kicukiro,https://tourismregulation.rw/en/entity/profile/1931/,Licensed,"EBENEZER HOTEL APARTMENS is a serviced apartments located at KK92, Nonko/Nyarugunga/ kicukiro. It is located KANOMBE  near Kigali International Airport. We offer long and short stay services. EBENEZER HOTEL APARTMENTS created a sense of simple luxury, providing modern and contemporary hotel apartment services with styled en-suite rooms and apartments  We have  six units of deluxe double bedroom ,9 units of  one bed room apartment and 6 units of two bedroom apartments. All the rooms at EBENEZER have private bathrooms and balcony with city and valley view. Guests have access to free WIFI, parking, hot shower, flat and smart TV, 24 hours reception and room service. The Hotel Apartments is arranged in the Ground plus two floors and rooftop. The reception is on the ground while the Restaurant is situated on the roof top with an incredible view of beautiful hills including Kigali Economic zone, Bumbogo, Ndera, Masaka, Rusororo, Kimironko and others. Rooms and apartments are on the ground, first and second floors. Each option, whatever deluxe double bedroom, one or two bedroom apartment are available at each floor and it has a private entrance.",27,33,International,www.ebenezerhotelapartments.com,0788471152,uwimanaclaudette1@gmail.com
Go Primate Adventure,Tour operator/Travel agent/Tour guide,Tour operator,Northern Province,Musanze,https://tourismregulation.rw/en/entity/profile/1844/,Licensed,"Go Primate Adventure is a local adventure company based in Rwanda, specializing in primate trekking, including gorillas, chimpanzees, and monkeys. Our top priority is to provide exceptional primate trekking experiences. We offer thrilling and unique tours across Rwanda, featuring community homestays, gorilla safaris, cultural tourism, city visits, cycling, and hiking adventures. We also offer tailor-made tours around Rwanda, Congo, Uganda, Kenya, and Tanzania. Our highly experienced staff will help you plan your trip, and our knowledgeable guides will introduce you to our fascinating customs and culture while taking you on unforgettable primate treks. Join us to explore the beauty of the primates in their natural habitat and experience the adventure of a lifetime with Go Primate Adventure!",0,0,,www.goprimateadventure.com,+250789319234,info@goprimateadventure.com
Norbert Uwizeyimana,Tour operator/Travel agent/Tour guide,Tour guide,Northern Province,Musanze,https://tourismregulation.rw/en/entity/profile/1827/,Licensed,Offering interpretive and personalized guests experiences.,0,0,,,+250786797771,unorbert20@gmail.com
Sundowner Ltd,Restaurant/Bar/Nightclub,Restaurant,City Of Kigali,Gasabo,https://tourismregulation.rw/en/entity/profile/1819/,Licensed,"Sundowner Bar and Restaurant is where good friends meet is located Kimihurura, Gasabo KG ST 625 st 2. Our services; Best Nyamachoma, Lunch/Buffet in Kigali, we also offer Pizzeria, Ala carte and outside catering services. Friday and Saturday/Weekend where we have the best DJ in town. For more Information please contact +250 783504455, +250 0787395868.",0,0,"International,African,BBQ",,0787395868,sundownerkgl@gmail.com
Bisate Lodge,Accommodation entity,Lodge,Northern Province,Musanze,https://tourismregulation.rw/en/entity/profile/1820/,Licensed,"Bisate is located on 42 hectares (103 acres) and is situated on the lower slopes of the long-dormant Bisoke volcano, next to Volcanoes National Park. Just outside the rock wall that marks the park boundary, there is densely cultivated farmland that uses the fertile volcanic soil. Our award-winning lodge and pioneering reforestation project are both located in this area. Bisate Lodge comprises six sublime en-suite forest villas, designed as a homage to Rwandan royalty, a wine cellar, library, spa, restaurant, and tree nursery, woven through with warm hospitality complete this natural wonder.",6,12,"International,African",https://www.wildernessdestinations.com/africa/rwanda/volcanoes-national-park/bisate-lodge,+250788315269,managementbisate@wilderness-safaris.com
LUCERNA - KABGAYI HÔTEL,Accommodation entity,Town hotel,Southern Province,Muhanga,https://tourismregulation.rw/en/entity/profile/1821/,Licensed,"LUCERNA- KABGAYI HÔTEL Located in Muhanga district, in the heart of Rwanda, and Kabgayi- one of the historical places of Catholicism in Rwanda. The hotel, which opened in 2023, is more than just a place to stay; it is a sanctuary where guests are welcomed with open hearts and minds, and where the principles of professionalism, respect, and inclusivity guide every interaction. With Rwanda’s diverse population and vibrant cultural tapestry, the hotel embraces the opportunity to welcome guests from all walks of life, especially those heading to the western, and northern parts of Rwanda and Burundi. Whether you are visiting for business, leisure, or spiritual reflection, our doors are open to you, and our team is dedicated to ensuring that your experience with us is nothing short of exceptional. With 65 rooms, this hotel is one of the best few hotels in Muhanga district. The Presidential Suite at Lucerna Kabgayi Hôtel is the epitome of luxury, featuring spacious and elegantly appointed living spaces, panoramic views, and personalized service for an unparalleled and prestigious experience. The facility has a Grand Ballroom- ideal for large conferences, extravagant events, and unforgettable banquets; Renaissance Hall is perfect for medium-sized gatherings, corporate functions, and stylish receptions; the Intimate Salon- a stylish setting, perfect for more intimate gatherings and Smart Suite, your ultimate hub for virtual meetings and online. Other facilities to be in are: The Lucerna Bar, Coffee Shop, and Restaurant, and don’t forget to enjoy the “Lucerna Cuisine- the vibrant tapestry of flavors blending African, East African, and Rwandan influences with a touch of southern flair and from savory appetizers to exquisite entrees, the menu is a celebration of diverse tastes.",65,73,"International,African,BBQ,Indian,Pizzeria,Rwandan,Sandwiches,Soups & Salads,Snacks,Vegan/Vegetarian",www.lucernakabgayihotel.rw,0794191115,hotellucernakabgayi@gmail.com
BISABO SUITE APPARTMENT LTD,Accommodation entity,Serviced apartment,City Of Kigali,Gasabo,https://tourismregulation.rw/en/entity/profile/1822/,Licensed,"Bisabo Suites Apartment is a luxurious 10 apartments, situated at the heart of Kigali.An unparalleled charm of Kigali's hidden oasis at BISABO Suites Apartments. Nestled in the heart of Rwanda's vibrant capital, our luxurious apartments offer a serene retreat amidst the bustling city. Experience the perfect blend of modern elegance and natural beauty, with meticulously designed interiors, lush green spaces, and breathtaking views of the Kigali skyline.",10,14,,www.bisabosuite.com,0784259000,info@bisabosuite.com
Jean de Dieu IRIGARAGAYE,Tour operator/Travel agent/Tour guide,Tour guide,City Of Kigali,Nyarugenge,https://tourismregulation.rw/en/entity/profile/1825/,Licensed,"Jean de Dieu is  experienced  enthusiastic tour guide ,well-traveled professional who interact with people from multiple background, excellent communicator ,good at leading and organizing trips and advising travelers on travel options.",0,0,,,+250789908008,rigan.djeande@gmail.com
UK TRAVEL AND TOURISM,Tour operator/Travel agent/Tour guide,Travel agent,City Of Kigali,Nyarugenge,https://tourismregulation.rw/en/entity/profile/1901/,Licensed,"UK Travel is a marketplace offering Flights, accommodation and various travel products by supplying from Airlines, local DMCs and bed banks through different platforms and methods.",0,0,,https://www.uktravelb2b.com,0795453655,info@uk4travels.com
KINGFISHER TOURS LTD,Tour operator/Travel agent/Tour guide,Tour operator,City Of Kigali,Nyarugenge,https://tourismregulation.rw/en/entity/profile/1651/,Licensed,"Kingfisher tours ltd has earned trust and respect of several prestigious clients. Our continuously growing number of satisfied clients speaks volumes about our product, quality, and time delivery. We look forward to getting an opportunity to serve you to meet your requirements. We are a company that have always believed in the offering the best to our valued clients. That is why we have been able to earn the confidence of a huge number of clients all over Rwanda and outside of Rwanda. We are located at St Famille Hotel building near Nyabugogo street, nearby PANAFRICA building opposite IPOSITA. KINGFISHER Tours Ltd car rental and tours, we are redefining the car rental industry with our unique, bespoke& premium offerings. We believe that your business or holiday trip should be as stress free as possible and armed with expert local knowledge of the Rwandan car rental and tours industry, KINGFISHER Tours Ltd guarantees you a journey as great as the destinations you visit. We boast of a wide variety of well-maintained fleet of vehicles in the economy and luxury segments. Express your own style by traveling in our distinctly different vehicles. Experience a luxurious cruise in a different car. KINGFISHER Tours Ltd car rentals and tours provide warm and personal hospitality to all our guests to allow for maximum enjoyment of the richness of Rwanda and the region, providing an agile, personalized, and efficient service, with the backing of professionals of vast experience in the field of transport and tourism.",0,0,,www.,0788592263,musafili70@yahoo.fr
GALAXY KIVU HOTEL,Accommodation entity,Town hotel,Western Province,Rubavu,https://tourismregulation.rw/en/entity/profile/1896/,Licensed,"Galaxy Kivu Hotel is a three-star rated hotel located at the Coast of Kivu Lake in Rubona cell of the Nyamyumba sector in Rubavu district Western province. The hotel offers accommodation with rooms having the lake view and a breathtaking environment, a superb cuisine and conference facilities having a meeting hall at the lakeside. At Galaxy Kivu Hotel is a home for everyone from where the beauty and variety of Lake Kivu can be explored, magnificent architecture and wonderful hill slopes scenery. Additionally, the Hotel is 10 Km drive from Rubavu city and lake leisure services are provided. As a result of our services, we have a partnership with different organizations namely Plan International Rwanda, GiveDirectly,  Interpeace, VIVO Energy Rwanda, Oxfam, FERWACY, NEC, W. International tours, REB and Global Risk Advisor, Help A Child Rwanda, etc",15,19,"International,African,BBQ,Chinese,French,Pizzeria,Rwandan,Rwandan & International,Sandwiches,Soups & Salads,Snacks,Vegan/Vegetarian",www.galaxykivuhotel.com,+250786490000,galaxykivuhotel@gmail.com
The Pinnacle Kigali,Accommodation entity,Vacation hotel or resort,City Of Kigali,Kicukiro,https://tourismregulation.rw/en/entity/profile/1906/,Licensed,"The Pinnacle Kigali is an ultra-luxurious passion project originally envisioned as a family retreat. It was meticulously developed over 5 years, weaving together unimaginable luxuries deserving of the finest homes with amenities of refined hospitality. It is highly personalized, bold, and a form of art to behold. This ultra-luxurious boutique hotel spans three floors with 8,500 sq. metres of built-up area sitting on 3.2 acres of land atop one of Rwanda’s thousand hills in Rebero, Kigali. With plans to launch a membership club alongside the hotel services, The Pinnacle Kigali has a lot to offer its guests. Accommodating up to 26 guests in its 13 uniquely themed rooms, it redefines luxury of space. Its facilities are unsurpassed in catering to a guest’s needs to relax and rejuvenate, or to work and play, while offering a front-row seat to the most spectacular panoramic views of Kigali City. Launching at the end of March, the property has a vast Food & Beverage offering with restaurants serving: fine dining, teppanyaki, mediterranean, afro-fusion, wood-fired pizza, and casual all-day dining options. Its curated wine and beverage selection will transport its guests on a gastronomical adventure of global appeal and flair, grounded in local tastes, with its 1,000 bottle wine cellar, whiskey bar, champagne bar, rooftop and poolside bars. This property can be an exclusive private home away from home, a boutique hotel, a members’ club, or the address for work or leisure needs. With multiple areas to relax and enjoy the comforts of a home away from home, its goal is to cater to the most discerning taste in contemporary opulence, complemented with the highest levels of personalized service.",13,13,"International,Asian,French,Italian,Japanese",thepinnaclekigali.com,+250795466156,marketing@thepinnalekigali.com
PRIME SKY TRAVEL LTD,Tour operator/Travel agent/Tour guide,Travel agent,City Of Kigali,Nyarugenge,https://tourismregulation.rw/en/entity/profile/2121/,Licensed,"Prime Sky Travel Ltd is a travel and tours company providing airline ticketing, visa assistance, hotel reservations, tour packages, and other travel services with a focus on professionalism, reliability, and customer satisfaction.",0,0,,N/A,0788955677,dusabeyezuchristell@gmail.com
Harvest Hill Apartment,Accommodation entity,Serviced apartment,City Of Kigali,Gasabo,https://tourismregulation.rw/en/entity/profile/1823/,Licensed,"Harvest Hill Apartments is a  27 room apartment situated in Kigali, 800 meters from US Embassy. Harvest Hill Apartments is set amid beautifully landscaped grounds its quality and character is evident from the well-appointed lobby and common areas to the bright open rooms in which many of the rooms provide a spectacular view of the Kigali city. There is easy access to bike and walking paths and the friendly on-site staff will attend to your needs and ensure the building is always well maintained",27,27,,http://harvesthillapartment.rw,0788519523,shumbyvon@yahoo.fr
GORILLE AFRICAIN TOURS Ltd.,Tour operator/Travel agent/Tour guide,Tour operator,City Of Kigali,Nyarugenge,https://tourismregulation.rw/en/entity/profile/1847/,Licensed,"At Gorille Africain Tours, we are dedicated to creating extraordinary travel experiences that immerse guests in the breathtaking beauty and rich culture of East and Southern Africa. With a focus on Rwanda and its neighboring regions, we specialize in designing tailor-made adventures that cater to the unique desires of each traveler. Our Expertise With over 23 years of combined experience working with top tour operators across East and Southern Africa, we bring unparalleled knowledge and expertise to every journey we craft. Our deep local connections and understanding of the region allow us to offer seamless and personalized travel experiences, ensuring that every detail is perfectly tailored to meet the highest expectations. Sustainability at Our Core We believe in responsible tourism that not only delights our guests but also supports and preserves the natural and cultural heritage of the areas we visit. Our commitment to sustainability means that every adventure we design contributes to the well-being of local communities and the conservation of the stunning landscapes we explore. What We Offer From thrilling gorilla treks in the misty mountains of Rwanda to bespoke safaris across the vast plains of Southern Africa, we offer a diverse range of experiences that cater to the adventurous spirit and refined tastes of our guests. We handle every aspect of the journey—from planning and logistics to ensuring comfort and security—so our guests can focus on creating memories that will last a lifetime. Our Promise At Gorille Africain Tours, we don’t believe in overselling. Instead, we strive to exceed expectations, delivering exceptional service and unforgettable experiences. Whether you’re an individual traveler or a travel agent seeking to offer your clients something truly special, we’re here to make every journey smooth, effortless, and extraordinary. Let’s Create Your Next Adventure We invite you to connect with us and discover how we can elevate your next African adventure. Let’s work together to create something truly remarkable.",0,0,,https://gorilleafricaintours.com/,+250787161314,hello@gorilleafricaintours.com
Bak and wany general trading ltd,Tour operator/Travel agent/Tour guide,Travel agent,City Of Kigali,Gasabo,https://tourismregulation.rw/en/entity/profile/1830/,Licensed,"Bak and Wany is travel and tourism which provide Visa Assistance: We offer guidance and support to navigate the Rwandan visa application process, ensuring a smooth arrival for international visitors. Travel Resource Center: Our office in KG 107, Remera, Kigali serves as a one-stop shop for travel information. We provide free Wi-Fi access, necessary materials for planning, and even two computers for use. Ticket Booking: We offer convenient ticket booking services for flights, tours, and activities, allowing visitors to plan their itinerary seamlessly. Commitment to Rwandan Tourism: We are passionate about promoting Rwanda as a premier tourist destination.  Our services are designed to facilitate visitor travel, streamline the planning process, and contribute to the positive growth of the Rwandan tourism industry. We are confident that our services will contribute to a positive and memorable experience for all visitors to Rwanda.",0,0,,,0793904690,bakandwany@gmail.com
Habitats Africa,Tour operator/Travel agent/Tour guide,Tour operator,City Of Kigali,Gasabo,https://tourismregulation.rw/en/entity/profile/1642/,Licensed,"At our core, we're dedicated to the flourishing people, wildlife, and environment of Africa. Our business is centered around crafting a seamless travel experience that allows you to explore stunning landscapes, wildlife, and communities. Our team is comprised of knowledgeable experts who are passionate about creating customized itineraries and providing one-of-a-kind experiences. When you reach out to us with questions or requests, our consultants will handle your needs with expertise and efficiency. We take pride in offering the best value for your money, thanks to our extensive network of accommodations, guides, and rangers. We're committed to beating any other price you might find.",0,0,,http://www.habitats-africa.com/,0786656601,info@habitats-africa.com
SONG&STARK TOURS,Tour operator/Travel agent/Tour guide,Tour operator,City Of Kigali,Gasabo,https://tourismregulation.rw/en/entity/profile/1835/,Licensed,"Song&Stark Cooperation Rwanda Ltd is a tour operator operating in Rwanda offering private and tailor-made tours to tourists. Our agency stands apart with well-designed itineraries, excellent customer services and adventures in the national parks, cultural sites and historical landmarks in Rwanda. Our tour packages are Mid-range and Luxurious, based on the tourist budget a tour package can be arranged.",0,0,,https://songstarktours.com/,0794422747,help@songstark.com
Joshua Ishimwe,Tour operator/Travel agent/Tour guide,Tour guide,City Of Kigali,Kicukiro,https://tourismregulation.rw/en/entity/profile/1836/,Licensed,"Joshua Ishimwe, is a Rwandan passionate tour guide, he holds a bachelors degree in business administration from the University of Rwanda, college of business and economics. He has experience in hospitality, and gastronomy based tourism. Joshua is also a trained Barista, he speaks french and english.",0,0,,,0788789430,ishimwejoshua@gmail.com
FREXI LTD,Tour operator/Travel agent/Tour guide,Travel agent,City Of Kigali,Nyarugenge,https://tourismregulation.rw/en/entity/profile/1837/,Licensed,"Frexi Ltd is your premier choice for exploring the breathtaking beauty and rich cultural tapestry of East Africa. Based in Rwanda, we offer expertly crafted itineraries that take you from the heart-pounding adventure of gorilla trekking to the serene shores of Zanzibar. With a deep-rooted commitment to sustainable tourism, we ensure your journey positively impacts local communities. Let us be your guide to an unforgettable East African experience.",0,0,,www.frexi.rw,+250782379122,frexiltd@gmail.com
Ndaru Luxury Suites Ltd,Accommodation entity,Town hotel,City Of Kigali,Gasabo,https://tourismregulation.rw/en/entity/profile/1812/,Licensed,"Ndaru Luxury Suites Ltd is located in Nyarutara KG, 519 ST 2A This is 40 roomed hotel with 18 deluxe room and 11 apartments each with 2 bedrooms each. The hotel provides food, diners and accommodation with the following facilities and amenities. 2 conferences each with 20 seats capacity and 50 seats. Gym, Sauna, Steam, Massage and Swimming pool. The hotel has ample car parking and wifi free for all clients. The hotel also offers room services and Laundry Service. The hotel offers airport transport to book please contact our reception desk on.",29,40,"International,African,Asian,BBQ,Italian,Pizzeria,Rwandan,Soups & Salads,Snacks,Vegan/Vegetarian",http://ndaruluxurysuites.com,0788167903/04,ndaru123@gmail.com
Ochre Travel Limited,Tour operator/Travel agent/Tour guide,Tour operator,City Of Kigali,Kicukiro,https://tourismregulation.rw/en/entity/profile/1839/,Licensed,"Ochre Travel curates exclusive, responsible tours to the enchanting landscapes of Rwanda and beyond. Delve into authentic cultural experiences, designed to inspire and crafted with care. Founded by three friends whose love for travel is as deep as their devotion to their homeland, Ochre Travel emerges as a beacon of authentic and sustainable tourism at the foothills of the majestic Virunga Mountains. Ochre Travel transcends the traditional tour operator role; we are narrators of stories and champions of conservation. We commit to crafting memorable journeys that delight and contribute meaningfully to wildlife preservation and community development. Our travel philosophy centers on forging connections—linking the traveler with the destination, bridging the past with the present, and harmonizing the dreams of our guests with the realities of Rwanda. If you desire a safari that is both transformative and intimate, devised by those who know and cherish their country the most, your search ends here. With Ochre Travel, every adventure unfolds a new chapter in a broader narrative of exploration and camaraderie. Come with us, and let us reveal the Rwanda we know, the Rwanda we love.",0,0,,www.ochretravel.com,0793901552,ochretravel@gmail.com
SHIELD DESTINATION MANAGEMENT COMPANY LIMITED,Tour operator/Travel agent/Tour guide,Tour operator,City Of Kigali,Gasabo,https://tourismregulation.rw/en/entity/profile/1838/,Licensed,"We offer comprehensive packages like travel & tourism, trade mission facilitation, and event management support, study and treatment abroad facilitation. Shield DMC acts as a one stop shop for managing all aspects of an experience in Rwanda for both individual and corporate clients.",0,0,,www.shielddmc.com,+250793834852,info@shielddmc.com
GOTIS LTD,Tour operator/Travel agent/Tour guide,Tour operator,City Of Kigali,Gasabo,https://tourismregulation.rw/en/entity/profile/1928/,Licensed,"Gotis Ltd is a Rwandan transportation company, founded by two French-Rwandan brothers. Whether you are visiting Rwanda for business or tourism, Gotis Ltd is your trusted partner for all your travel needs. With Gotis Ltd, you can embark on custom-made road circuits designed around your individual preferences, allowing you to discover Rwanda at your own pace. Whether you want to visit the breathtaking Volcanoes National Park, explore the shores of Lake Kivu, or delve into the rich history and vibrant culture of Kigali, our experienced team is here to guide you every step of the way. Our multilingual, professional Guides are more than just drivers; they are knowledgeable guides who can enhance your journey by sharing local insights and stories, ensuring that you have an immersive experience. We offer a range of vehicles (from 7 to 12 seaters) to accommodate different group sizes, all equipped for comfort and safety. Whether you are traveling solo, with family, or in a larger group, Gotis Ltd is dedicated to making your trip memorable, with flexible services tailored to meet your expectations. Our experienced staff will work closely with you to create a travel itinerary that aligns with your specific interests, making your discovery of Rwanda both seamless and enriching.",0,0,,https://gotistransport.com/,0786466231,contact@gotisltd.com
African Expert Safaris and Tours Ltd,Tour operator/Travel agent/Tour guide,Tour operator,City Of Kigali,Kicukiro,https://tourismregulation.rw/en/entity/profile/1917/,Cancelled,"African Expert Safaris is committed to offering you the best travel experience to Africa, our niche is Rwanda, and entire East African Community regions. We provide the mind-blowing services that will exceed your expectations during your home away experience.",0,0,,https://africanexpertsafaris.com/,0786233859,victorafricanexpertsafaris@gmail.com
DREAM DESTINATIONS TOURS AND TRAVEL Ltd,Tour operator/Travel agent/Tour guide,Tour operator,City Of Kigali,Kicukiro,https://tourismregulation.rw/en/entity/profile/1914/,Licensed,"At Dream Destinations Tours and Travel, we believe that every journey should be an unforgettable experience. Whether you seek adventure, relaxation, or cultural exploration, we offer a diverse range of travel packages designed to inspire and delight. With a commitment to exceptional service, we take pride in turning your travel dreams into reality. we are your trusted partner in exploring the world. Let us help you create memories that will last a lifetime!",0,0,,https://ddestinationtravel.com/,+250788328237,info@ddestinationtravel.com
AFRIEXPERIENCE LTD,Tour operator/Travel agent/Tour guide,Tour operator,City Of Kigali,Gasabo,https://tourismregulation.rw/en/entity/profile/1911/,Licensed,"AFRIEXPERIENCE LTD known as Afri-X Tours is a premier tour operating company dedicated to providing unique and enriching travel experiences in Rwanda and throughout Africa. We specialize in creating personalized journeys that immerse travelers in the diverse cultures and natural beauty of the continent. As a sister company to Africar (africar.rw), established in 2008, we bring a wealth of experience and a shared commitment to delivering exceptional service and unforgettable adventures.",0,0,,https://www.afrixtours.com/,+250738302555,info@afrixtours.com
UNIVERSAL VENTURES RWANDA,Tour operator/Travel agent/Tour guide,Tour operator,City Of Kigali,Kicukiro,https://tourismregulation.rw/en/entity/profile/1845/,Licensed,"We are Universal ventures Rwanda a local tour operator specialized in organizing and offering travel and tourism services for both domestic and international visitors. we provide tour packages including wildlife safaris, primates safaris and culture tours. we also provide car hire service.",0,0,,www.universalventuresrwanda.com,0781441853,info@universalventuresrwanda.com
GORILLA EXPEDITION SAFARIS,Tour operator/Travel agent/Tour guide,Tour operator,Northern Province,Musanze,https://tourismregulation.rw/en/entity/profile/1740/,Licensed,"Gorilla Expedition Safaris is a trailblazing boutique  Safari company that specializes in curating unparalleled authentic safari experiences in East Africa. With a steadfast commitment to providing the utmost bespoke service to our discerning travelers, we embark on a journey to unveil the untamed beauty and diversity of the region's wild places. Our passion lies in unlocking the hidden treasures of East Africa, where nature takes center stage. From the majestic Volcanic Virunga Mountains of Rwanda to the untouched beaches of Lamu and Zanzibar in Kenya and Tanzania, our meticulously crafted experiences are a seamless blend of stimulation, indulgence and adventure with professional and experienced driver guides, who knows East Africa as the back of their palm!",0,0,,www.gorillaexpeditionsafaris.com,+250789670513,info@gorillaexpeditionsafaris.com
TRIPLE LEGACY TRAVELS,Tour operator/Travel agent/Tour guide,Tour operator,City Of Kigali,Nyarugenge,https://tourismregulation.rw/en/entity/profile/1833/,Licensed,"Triple legacy travels is a tour and travel company offering tour packages, air tickets and car rentals. The company is located in Nyarugenge, Norrsken house Kigali.",0,0,,,+250788688434,tripplelegacytravel@gmail.com
Amadi bikorimana,Tour operator/Travel agent/Tour guide,Tour guide,City Of Kigali,Nyarugenge,https://tourismregulation.rw/en/entity/profile/1848/,Licensed,"As a tour guide, I have the privilege of leading visitors through diverse attractions, sharing my knowledge and passion for the local culture, history, and environment. My role involves crafting memorable experiences that connect guests with the essence of the places they visit. My Key Responsibilities: Leading Tours: I guide groups through various locations, ensuring they have a safe, enjoyable, and informative experience. Storytelling: I share captivating stories and interesting facts about the sites we visit, enriching the tour with cultural and historical context. Interacting with Guests: Building rapport with participants is essential. I engage with them, answering questions and encouraging discussions to foster a friendly atmosphere. Logistics Management: I coordinate the itinerary, manage time efficiently, and navigate through different sites to maximize the experience. Promoting Local Culture: I act as an ambassador for the local community, encouraging guests to appreciate and respect the customs and traditions of the area.",0,0,,,0788915893,Hamadykamissi@gmail.com
Mugeni Grace,Tour operator/Travel agent/Tour guide,Tour guide,City Of Kigali,Gasabo,https://tourismregulation.rw/en/entity/profile/1824/,Licensed,"My name is Grace Mugeni, I am a passionate freelance tourist driving guide who works with various companies. As a certified member of the Rwanda Safari Guides Association (RSGA)  with training from Uganda's Africa Institute of Tourism and Field Guiding, I add professional experience to my tours. My career in tourism was sparked and nurtured by my experience as a tour consultant at Far Horizon. I am quite passionate about wildlife, especially birds, mountains filled with different species, and trekking. With a bachelor's degree in Mass Communication, I use my knowledge and passion for nature to provide fascinating city tours and nature interpretation. My passions include travelling, dancing, and hiking, all of which add to my dedication to ensuring that clients have unforgettable experiences while exploring our beautiful country. I aspire to become one of the top female guides, changing people's perspectives on women in tourism. By using my knowledge, I aim to aid in the development of Rwanda and inspire a greater interest in nature to the youth.",0,0,,,+250788275965,mugrace45@gmail.com
OK TRAVELS LTD,Tour operator/Travel agent/Tour guide,Travel agent,City Of Kigali,Nyarugenge,https://tourismregulation.rw/en/entity/profile/1850/,Licensed,"OK TRAVELS  LTD  IS A TRAVEL AGENCY AND LOCATED AT KIGALI  TIN-122989028 , KN4 ,YUSSA SHOPPING CENTER  NYARUGENGE  KIGALI -RWANDA",0,0,,,0790379707,oktravels.rw@gmail.com
Food and Stuff,Restaurant/Bar/Nightclub,Restaurant,City Of Kigali,Gasabo,https://tourismregulation.rw/en/entity/profile/1855/,Licensed,"Established in 2011, Food and Stuff Ltd has emerged as the leading catering service in Kigali, serving the diverse clientele including diplomatic missions, private firms, NGOs and non-profits with varying requirements. By sourcing 90% of our ingredients from Rwandan farms, combining produce knowledge with international quality standards, and upholding professionalism, we deliver exceptional service.  We were among the pioneer companies in Rwanda to achieve HACCP certification.  Our services span from providing delightful farm-to-table cuisine to offering expertise in kitchen planning from the ground up.",0,0,"International,African,American,BBQ",www.foodandstuff.co,0785825792,debby@foodandstuff.co
Usabyeyezu Sylvie,Tour operator/Travel agent/Tour guide,Tour guide,City Of Kigali,Gasabo,https://tourismregulation.rw/en/entity/profile/1926/,Licensed,"I'm a tour guide with a deep appreciation for the beauty, complexity, and spirit of Rwanda. I don’t just guide, I tell stories. Whether it’s history, wildlife, or local customs, I bring it all to life through vivid tales, unexpected humor, and a touch of sarcasm (because who says discovering stuff has to be boring?). I’m incredibly fond of wildlife and people in general, there’s something magnetic about the raw, unfiltered connections that nature and human interaction offer. Guiding, to me, isn’t just work, it’s something that makes me feel truly alive. I thrive on cultural exchange and love connecting with people from all walks of life. I don’t just show you Rwanda, I help you feel it, with laughter, curiosity, and a few memorable one-liners along the way.",0,0,,,+250781603398,usabyesylvie10@gmail.com
CAMELLIA CATERING SERVICE,Restaurant/Bar/Nightclub,Restaurant,City Of Kigali,Nyarugenge,https://tourismregulation.rw/en/entity/profile/1927/,Licensed,"Camellia Catering Kigali provides professional catering services for events such as weddings, corporate functions, birthdays, and traditional ceremonies. Their menu features a variety of local and international dishes, including buffet setups, finger foods, and full-course meals. They also offer office catering to ensure convenient and quality meals for staff and guests",0,0,"International,African,Rwandan,Rwandan & International",,0788303164,camelliatearw@yahoo.com
MURENZI VITA,Tour operator/Travel agent/Tour guide,Tour guide,City Of Kigali,Gasabo,https://tourismregulation.rw/en/entity/profile/1961/,Licensed,"Vita is Passionate, knowledgeable, and always ready to share the hidden gems of every destination—I’m a professional tour guide dedicated to creating unforgettable travel experiences. Whether you’re seeking history, culture, or adventure, I tailor each tour to your interests, ensuring every moment is meaningful. Let’s explore together!",0,0,,,+250788773776,vitamrenzi@gmail.com
Mbarushimana Zidane,Tour operator/Travel agent/Tour guide,Tour guide,Northern Province,Musanze,https://tourismregulation.rw/en/entity/profile/1925/,Licensed,"I am a knowledgeable and passionate tour guide based in Rwanda, offering insightful experiences that highlight the country's rich history, vibrant culture, and breathtaking landscapes. Whether you're exploring Kigali, trekking with mountain gorillas, or visiting historical sites, I provide engaging, informative, and personalized tours to help you connect deeply with Rwanda.",0,0,,,0788268067,tzidane08@gmail.com
Le Petit Chalet by KPC Holdings,Restaurant/Bar/Nightclub,Restaurant,City Of Kigali,Gasabo,https://tourismregulation.rw/en/entity/profile/1939/,Licensed,"Kigali Pizza Company is a food and beverage service company, that has a pizza delivery service and a restaurant called Le Petit Chalet. It is located at KG5 st69. We have a beautiful terrace with the best view, and  a captivating  interior with arts.",0,0,International,kigalipizzacompany.com,799366225,kpc.pizza@gmail.com
Grotta Resort Ltd,Accommodation entity,Vacation hotel or resort,Northern Province,Musanze,https://tourismregulation.rw/en/entity/profile/1919/,Licensed,"Grotta Resort is a serene and spacious 26-room retreat nestled in the lush, tranquil landscapes of Musanze. With a total of 52 beds, the resort offers a variety of room options designed to cater to families, couples, solo travelers, and business guests alike. The rooms are centrally located within the heart of the resort, allowing easy access to the main amenities, while also maintaining a sense of peaceful seclusion. For guests seeking extra privacy and a deeper sense of relaxation, Grotta offers a charming private cottage set slightly apart from the central cluster ideal for unwinding, recouping, and enjoying the soothing embrace of nature. Guests can enjoy complimentary high-speed Wi-Fi across the entire property, whether lounging by the pool, relaxing in the restaurant or bar, strolling through the gardens, or unwinding in their rooms. Designed to be both welcoming and refreshing, Grotta Resort blends comfort, nature, and convenience to create an unforgettable experience in one of Rwanda’s most captivating regions.",26,52,"International,African,American,Asian,BBQ,Chinese,French,Indian,Italian,Mexican,Pizzeria,Rwandan,Rwandan & International,Sandwiches,Soups & Salads,Snacks,Vegan/Vegetarian",https://grottaresort.rw/,0784499771,info@grottaresort.rw
Amaltas The View Hotel Apartment,Accommodation entity,Town hotel,City Of Kigali,Gasabo,https://tourismregulation.rw/en/entity/profile/1923/,Licensed,"Amaltas The View is 24rooms, comfortable hotel, situated in the heart of Rwanda Kigali City. The hotel apartment is arranged on three floors, with a lift. On the ground floor, apart from the reception, there is a comfortable rooms where you can sit and drink tea, or just read. There is also a splendid terrace, where, you can relax and immerge yourself from morning onwards in the atmosphere of Kigali daily life. The rooms are arranged on the ground,first, second & third floors. On the all the floor, there is also a delightful terrace available for the use of guests, from where you can enjoy the wonderful view. The buffet breakfast is served in the !The hotel provides an internet point, and a free Wi-Fi service.",48,24,"African,BBQ,Indian,Italian,Rwandan,Rwandan & International",www.amaltasproperties.com,+250795303050,vinaypalaparthy29@gmail.com
Indulgence Voyages,Tour operator/Travel agent/Tour guide,Tour operator,City Of Kigali,Gasabo,https://tourismregulation.rw/en/entity/profile/1841/,Licensed,"De-Lux Travels is a dynamic and innovative tour operator with offices in Rwanda and France. Specializing in both group travel and FIT (Free Independent Traveler) experiences, we offer bespoke itineraries across East Africa, Southern Africa, and beyond. Our expertise spans from organizing large-scale MICE (Meetings, Incentives, Conferences, and Exhibitions) events with hundreds of participants to creating personalized travel experiences that highlight the unique beauty and culture of each destination. As a trusted partner in the tourism industry, De-Lux Travels is dedicated to promoting sustainable and responsible tourism practices. We collaborate closely with local communities, experienced guides, and top-tier service providers to ensure that every journey not only meets but exceeds our clients' expectations. Our commitment to excellence, customer satisfaction, and attention to detail sets us apart as a leading player in the region’s travel landscape.",0,0,,de-luxtravels.com,078 830 41 35 / 079 844 87 42,info@de-luxtravels.com
Rugero Murekatete Jeannette,Tour operator/Travel agent/Tour guide,Tour guide,City Of Kigali,Kicukiro,https://tourismregulation.rw/en/entity/profile/1934/,Licensed,I am tour guide,0,0,,RSGA,0788237203,rugero1996@gmail.com
Hillsome Trails,Tour operator/Travel agent/Tour guide,Tour operator,City Of Kigali,Nyarugenge,https://tourismregulation.rw/en/entity/profile/1933/,Licensed,"Hillsome Trails is an inclusive tour company dedicated to providing exceptional travel experiences that connect nature with all travelers, including individuals with disabilities. Our mission is to create accessible and meaningful journeys that showcase the beauty of Rwanda while fostering a sense of community and responsibility. We take pride in using the growing opportunities in Rwanda's tourism industry to make a positive impact. Beyond offering unforgettable tours, we actively contribute to conservation efforts and support local communities. Our initiatives focus on empowering teenage mothers who require special care and guidance, as well as championing the development and inclusion of people with disabilities through various supportive activities. At k Hillsome Trails, we believe in sustainable tourism that leaves a lasting legacy not just in the hearts of our travelers but in the lives of the communities we serve. Join us as we explore Rwanda’s breathtaking landscapes and vibrant culture while making a difference, one tour at a time.",0,0,,www.rwandahillsometrails.com,0788320805,info@rwandahillsometrails.com
Genuina Hospitality and Catering Service,Restaurant/Bar/Nightclub,Restaurant,City Of Kigali,Gasabo,https://tourismregulation.rw/en/entity/profile/1936/,Licensed,"Restaurant-Genuina Hospitality and Catering Service Ltd is a fully owned subsidiary of Eaglemark Holding Ltd (EHL), holding 100% of the company’s shares. This strong ownership structure ensures financial stability and underscores our commitment to excellence, enabling us to deliver innovative and sustainable hospitality solutions in Rwanda. Eaglemark Holding Ltd is a private limited company, established on August 8, 2008, with a mission to provide reliable, high-quality solutions that positively impact clients and communities. The EHL is dedicated to empowering Rwandan youth through skill development and sustainable job creation across various industries, including restaurant & banquet services, general cleaning & gardening, construction & maintenance, and more. Restaurant-Genuina Hospitality and Catering Service Ltd is a legally registered private company limited by shares, adhering to all regulatory requirements in Rwanda",0,0,"International,African,BBQ",info@ehl.rw,0788387324,kiggen20@gmail.com
SEVEN STAR JOURNEYS LTD,Tour operator/Travel agent/Tour guide,Travel agent,City Of Kigali,Gasabo,https://tourismregulation.rw/en/entity/profile/1937/,Licensed,"Seven Star Journeys Ltd is an innovative and rapidly growing company committed to delivering exceptional tour operator services and airline ticketing solutions. As a strategic subsidiary of EHL Ltd, Seven Star Journeys Ltd was established to support EHL Ltd's broader vision of becoming a leader in the travel and hospitality industry. The company was officially registered on 07/01/2025 under the company code 129395876 and serial number 1424893, solidifying its foundation as a private limited company within Rwanda's corporate structure. Located in Kimihurura, Gasabo - KABC building, in the heart of Kigali City, Seven Star Journeys Ltd is strategically positioned to serve both local and international clients. It is a smart office with reception , three seats for staff , one nice boardroom, one office for the operation manager and one office for the Managing Director.",0,0,,www.sevenstarjourneys.rw,0788387346,nadoriane@sevenstarjourneys.ltd
Budget Rwanda Safaris,Tour operator/Travel agent/Tour guide,Tour operator,City Of Kigali,Gasabo,https://tourismregulation.rw/en/entity/profile/1895/,Licensed,"Budget Rwanda Safaris is a premier travel and tour company specializing in affordable and customized safari experiences across Rwanda. We offer a wide range of services, including gorilla trekking, wildlife safaris, cultural tours, and city explorations, all tailored to meet our clients' needs and budgets. Our mission is to provide memorable adventures while showcasing Rwanda's stunning landscapes, vibrant culture, and unique wildlife. With a focus on excellent customer service, sustainability, and authenticity, Budget Rwanda Safaris ensures every journey is unforgettable.",0,0,,,+250788207235,team@budgetrwandasafaris.com
EVER RETREAT TOURS,Tour operator/Travel agent/Tour guide,Travel agent,City Of Kigali,Nyarugenge,https://tourismregulation.rw/en/entity/profile/1940/,Licensed,"Ever Retreat  TOURis more than just a business—it's a movement to reshape the tourism industry in Rwanda and Africa. Our focus is on creating unforgettable experiences for our guests while empowering local communities. Together, we will build a future where Rwanda's beauty and culture shine globally, and where every local community thrives.""",0,0,,https://everretreat.com/modules/General/views/tourism.php?region=rwanda,0787524298,Info@everretreat.com
HABUMUGISHA JEAN,Tour operator/Travel agent/Tour guide,Tour guide,City Of Kigali,Gasabo,https://tourismregulation.rw/en/entity/profile/1935/,Licensed,"My name is Jean Habumugisha, also known as Barack. I am located in Kigali, Rwanda. I am a knowledgeable and passionate tour guide with a strong understanding of Rwanda’s history, culture, wildlife, and tourist attractions. I specialize in providing informative, engaging, and safe guided experiences for both local and international visitors. My goal is to promote Rwanda’s tourism sector by delivering high-quality services that leave visitors with lasting memories.",0,0,,,+250783011862,jbaracky@gmail.com
KOZO HOSPITALITY RWANDA LTD,Restaurant/Bar/Nightclub,Restaurant,City Of Kigali,Gasabo,https://tourismregulation.rw/en/entity/profile/1944/,Licensed,RESTAURANT AND MOBILE FOOD SERVICE ACTIVITIES,0,0,Asian,kozogh.com,+2337521069749,ramzi.yamusah@lifestyleexp.com
Green Way Safaris Ltd,Tour operator/Travel agent/Tour guide,Tour operator,City Of Kigali,Nyarugenge,https://tourismregulation.rw/en/entity/profile/2047/,Licensed,"Green Way Safaris is a locally owned and operated Rwandan tour company specializing in authentic, conservation-driven safari experiences. Founded by two Rwandan storytellers and travel experts ,Samuel Uwitonze and Gadi Habumugisha. The company offers tailor-made journeys that blend luxury, culture, wildlife, and community engagement. It operates across Rwanda’s breathtaking landscapes from the mountain gorillas of Volcanoes National Park to the Big Five of Akagera and the serenity of Lake Kivu. Green Way Safaris curates small-group and private adventures rooted in ethical tourism. With a strong commitment to conservation, social impact, and cultural preservation, each itinerary supports local communities and eco-conscious practices. What sets Green Way Safaris apart is its deep personal connection to Rwanda’s past and present, combined with a high standard of hospitality. The team is known for creating meaningful, emotional, and educational travel moments, making each guest feel not like a tourist, but a welcomed friend. Whether you are trekking gorillas, exploring vibrant markets, or unwinding in luxurious lodges, Green Way Safaris invites you to experience Rwanda through local eyes with purpose, passion, and heart.",0,0,,https://greenwaysafaris.com,+250788694331,greenwaysafaris@gmail.com
Zaria Court Hotel,Accommodation entity,Town hotel,City Of Kigali,Gasabo,https://tourismregulation.rw/en/entity/profile/1943/,Licensed,"Zaria Court is an urban lifestyle brand with a focus on sports, entertainment, and culture. Designed for Africa’s next generation, Zaria Court brings together sports, entertainment, hospitality, and local creativity into one dynamic ecosystem. Anchored by sports and entertainment venues, it’s more than a destination—it’s a movement reshaping the future of African culture and commerce.",80,126,"International,African",www.zariacourt.com,+250 795 035 350,info@zariacourt.com
INTERNATIONAL TRAVEL AND TRADING AGENCY I.T.A,Tour operator/Travel agent/Tour guide,Travel agent,City Of Kigali,Nyarugenge,https://tourismregulation.rw/en/entity/profile/1946/,Licensed,"International Travel Agency (I.T.A) is one of the leading Travel Agencies in Rwanda with 29 years of experience in offering Travel Agency Services to NGOs (local and international organizations), public and private Companies and as well as Government Institutions. The Company is among the few that for the first time opened their doors in 1995 in Rwanda which was just one year after the 1994 Genocide against the Tutsi. With dedicated, effective and quality customer services in travel industry the company has gained reputation among its local and multinational clients. We won twice the award of the leading travel agency of the year, in 2018 and 2019. To ensure that the company always keeps with the pace of competition in Travel Agency Services the company has continued to train its personnel and update them with the latest technology in travel industry and Travel Agency Services’ best practices after every two months. The survey done by I.T.A among our clients in December, 2024, to track the level of clients’ satisfaction with our services indicated that majority of our clients were very satisfied with the services we provide. This survey helped us much to build more our strength and gave us feedback to enhance more our operations. Learning through experience in the travel industry, we understand that our customers are always on busy schedules and require efficient, fast and quality services. It is through this understanding that we have customized our services to accommodate our customer’s satisfaction. We do this by providing 24 hours/7 days a week services which are enhanced by our flexible routing, flexible schedules on weekend and after working hours, and online where we use email and telephones to keep in contact with our clients. This helps us to provide convenient and rapid response to our customers.",0,0,,www.itatravelhub.com,0788308353,info@ita.rw
Virunga Mountain Spirits,Restaurant/Bar/Nightclub,Restaurant,Northern Province,Musanze,https://tourismregulation.rw/en/entity/profile/1958/,Licensed,"With women at the helm, Virunga Mountain Spirits is a world-class craft distillery that expresses and elevates the spirit of Rwanda. Kari Vodka, a premium craft potato vodka, is our flagship product. Your experience at our field-to-bottle agro-tourism site will delight your senses and leave you with unforgettable moments. Located within the Virunga Mountain Spirits distillery, Kinigi Table offers an exceptional dining experience — open to all guests, whether you’re joining us for a tasting tour or simply stopping by to enjoy the freshest cuisine in Musanze.",0,0,International,https://www.virungamountainspirits.com/,250781198951,info@virungamountainspirits.com
VOYAGEVITE Ltd,Tour operator/Travel agent/Tour guide,Tour operator,City Of Kigali,Gasabo,https://tourismregulation.rw/en/entity/profile/1947/,Licensed,"we are new tour operator company, we applying operating license that located at Nyarutarama",0,0,,,0788693780,armelvalois100@gmail.com
The Hideaway Boutique Hotel,Accommodation entity,Vacation hotel or resort,City Of Kigali,Kicukiro,https://tourismregulation.rw/en/entity/profile/1950/,Licensed,"The Hideaway is Kigali’s best kept secret. The Hideaway provides accommodations with an outdoor swimming pool, free private parking, a garden and a terrace. Among the facilities at this property are room service and a 24-hour front desk, along with free WiFi, throughout the property. Guests can enjoy African and American dishes at the restaurant or have a drink at the bar. At the hotel, each room includes air conditioning, a seating area, a flat-screen TV wit satellite channels, a safety deposit box and a private bathroom with a shower, free toiletries and a hairdryer. Selected rooms have a kitchen with a fridge and a microwave.",14,14,Rwandan & International,Thehideaway.rw,+250794106150,info@thehideaway.rw
ERGI'S DONER,Restaurant/Bar/Nightclub,Restaurant,City Of Kigali,Gasabo,https://tourismregulation.rw/en/entity/profile/2014/,Licensed,"ERGIS DONER is a legally registered fast food company based in Kigali, Rwanda, currently operating from two main branches: Kisimenti (KG10 Ave) and BK Arena. Our recipe has its origins in Germany, adapted to suit local tastes, and is centered around meat, salads, chips, bread, and wraps—served with a variety of sauces and seasonings. We offer a unique and affordable balanced meal, with a strong focus on takeaways and deliveries, while maintaining consistent food quality standards.",0,0,"Sandwiches,Other (specify)",,0785033066,ergisdoner@gmail.com
INTERNATIONAL TOURS AND TRAVEL LTD,Tour operator/Travel agent/Tour guide,Travel agent,City Of Kigali,Nyarugenge,https://tourismregulation.rw/en/entity/profile/1948/,Licensed,"International Tours and Travel Ltd is a premier tourism and travel company based in Kigali, the vibrant capital city of Rwanda. Established with a passion for showcasing the natural beauty and cultural richness of Rwanda and East Africa, we specialize in delivering exceptional travel experiences to both local and international clients. Our services encompass tailor-made safaris, gorilla trekking permits, cultural tours, city excursions, hotel bookings, air ticketing, and corporate travel management. With a deep understanding of Rwanda’s unique tourism landscape, we curate authentic journeys that highlight iconic destinations such as Volcanoes National Park, Akagera National Park, Nyungwe Forest, and Lake Kivu. At International Tours and Travel Ltd, we are committed to professionalism, personalized service, and sustainability. Our experienced team of tour consultants and guides work closely with clients to design unforgettable adventures, whether for leisure, business, or educational purposes.",0,0,,www.itt.co.rw,+250788300256,info@itt.co.rw
SEVEN STAR JOURNEYS LTD,Tour operator/Travel agent/Tour guide,Tour operator,City Of Kigali,Gasabo,https://tourismregulation.rw/en/entity/profile/1983/,Licensed,"Seven Star Journeys Ltd is an innovative and rapidly growing company committed to delivering exceptional tour operator services and airline ticketing solutions. As a strategic subsidiary of EHL Ltd, Seven Star Journeys Ltd was established to support EHL Ltd's broader vision of becoming a leader in the travel and hospitality industry. The company was officially registered on 07/01/2025 under the company code 129395876 and serial number 1424893, solidifying its foundation as a private limited company within Rwanda's corporate structure. Located in Kimihurura, Gasabo - KABC building, in the heart of Kigali City, Seven Star Journeys Ltd is strategically positioned to serve both local and international clients. It is a smart office with reception , three seats for staff , one nice boardroom, one office for the operation manager and one office for the Managing Director.",0,0,,https://www.sevenstarjourneys.rw,0788387346,nadoriane@sevenstarjourneys.rw
DREAM HOLIDAYS TOURS & TRAVELS LTD,Tour operator/Travel agent/Tour guide,Travel agent,City Of Kigali,Nyarugenge,https://tourismregulation.rw/en/entity/profile/1728/,Licensed,"WE ARE TRAVEL MANAGEMET COMPANY, SERVING AIRLINE INDUSTRY BASED IN MAKUZA PEACE PLAZA, ON 9TH FLOOR, TOWER B, KN4,AV10, NYARUGENGE,KIGALI-RWANDA",0,0,,www.dreamholidays.cd,+250788383702,reservationskgl@dreamholidays.cd
PELICAN UNIVERSAL TRAVEL LTD,Tour operator/Travel agent/Tour guide,Travel agent,City Of Kigali,Nyarugenge,https://tourismregulation.rw/en/entity/profile/1957/,Licensed,"Pelican Universal Travel LTD is a premier By (IATA). travel agency based in Kigali, Rwanda, conveniently located on the second floor of Downtown Building (Room S84). We specialize in delivering exceptional travel solutions tailored to meet the needs of both leisure and business travelers. Our expert team is dedicated to providing seamless services, including flight bookings, hotel reservations, visa assistance, and transportation arrangements. Whether you're planning a local getaway in Rwanda or an international adventure, we ensure a smooth and memorable travel experience from start to finish. Visit our office in Downtown Building or contact us today—let us turn your travel dreams into reality with professionalism, reliability, and personalized care.",0,0,,,0788889984,pelicanuniversaltravel@gmail.com
MUZIIRA GLOBAL LTD,Tour operator/Travel agent/Tour guide,Travel agent,City Of Kigali,Nyarugenge,https://tourismregulation.rw/en/entity/profile/1976/,Licensed,"Muziira Global Ltd Travel Agency is a fully licensed, customer-focused travel agency based in Kigali, Rwanda. We specialize in providing comprehensive travel solutions including air ticketing, visa assistance, hotel bookings across Africa, Asia, Europe, and beyond. Our agency is conveniently located in the heart of the city, making it easy for walk-in clients to consult with our friendly team. We pride ourselves on personalized service, timely communication, and tailored travel experiences for both leisure and business travelers. Muziira Global Ltd operates Monday to Saturday and is committed to making travel seamless, enjoyable, and affordable. Whether you're planning a short getaway or a long international trip, we ensure that every step—flights, visas, accommodation, and travel insurance—is expertly handled. Our services are powered by advanced booking systems and a dedicated team of travel consultants ready to help you travel with confidence. And looking forward to do tour activities.",0,0,,,0786931836,muziraglobal.rw@gmail.com
African Unique Safaris and Tours ltd,Tour operator/Travel agent/Tour guide,Tour operator,City Of Kigali,Kicukiro,https://tourismregulation.rw/en/entity/profile/1965/,Licensed,"We are a tour operator located in Sontube, with 2 staff and a chairperson. We specialise in ground handling tours in Rwanda & Uganda and also have the capability to book anywhere in sub-Saharan Africa. We are a 95% trade based business.",0,0,,www.africanuniquesafaris.com,+250 793 902 183,michael@africanuniquesafaris.com
Sooko xperiences (by The Breeze CO Ltd),Restaurant/Bar/Nightclub,Restaurant,Northern Province,Gakenke,https://tourismregulation.rw/en/entity/profile/1964/,Licensed,"Sooko Xperiences is a hospitality business operating as a restaurant and bar located in the Northern Province of Rwanda, Gakenke District. Our establishment offers a unique culinary and social experience by combining a vibrant dining atmosphere with quality food, drinks. We focus on celebrating local culture and flavors while delivering exceptional customer service in a well-curated and welcoming space. Sooko Xperiences aims to be a leading destination for both locals and visitors seeking authentic experiences in food, relaxation, and community engagement.",0,0,International,www.sookocafe.rw,0796179572,sookoxperiences@gmail.com
Manzi Innocent,Tour operator/Travel agent/Tour guide,Tour guide,City Of Kigali,Gasabo,https://tourismregulation.rw/en/entity/profile/1967/,Licensed,Am Tour Guide Professional,0,0,,,0787 019 226,innocentmanzi42@gmail.com
VIRUNGA EXPEDITION TOURS,Tour operator/Travel agent/Tour guide,Tour operator,Northern Province,Musanze,https://tourismregulation.rw/en/entity/profile/1609/,Licensed,"Virunga expedition tours is a tour company based in Musanze. We have been in operation since 2010. We do tours in the whole of East Africa but mostly Rwanda and the gorillas. We organize full packages for guests or even book specific services for them which include transport organization, hotel bookings or park and activity bookings for them. culture tours is something that we organize too.",0,0,,www.virungaexpeditiontours.com,0783007010 / 0783959404,egide@virungaexpeditiontours.com
SKYLINER TRAVELS LTD,Tour operator/Travel agent/Tour guide,Travel agent,City Of Kigali,Gasabo,https://tourismregulation.rw/en/entity/profile/1955/,Licensed,"SKYLINER TRAVELS is a premier travel agency located in Kigali-Rwanda, committed to crafting personalized travel experiences that resonate with the unique preferences of each client. Our deep-rooted passion for travel drives us to develop bespoke itineraries designed to create unforgettable journeys while promoting eco-friendly practices With a focus on sustainable tourism, we prioritize enriching locals' lives and preserving our rich natural heritage. By streamlining the booking process, we aim to ensure our clients enjoy a seamless and delightful experience from start to finish Mission Our mission at SKYLINER TRAVELS is to become a trusted partner in our clients' travel adventures, offering personalized itineraries that reflect their distinct interests while emphasizing sustainable travel practices. We are committed to delivering exceptional customer service, fostering a deep appreciation for the world's diverse cultures, and ensuring our operations respect both the environment and local communities. Solution SKYLINER TRAVELS provides a tailored approach to travel planning that focuses on understanding the unique desires and interests of each client. By developing customized itineraries, we ensure that travelers receive experiences that resonate with them personally. Our eco-friendly travel options enable clients to explore the stunning landscapes and cultures of Rwanda responsibly, enhancing their appreciation for nature and local traditions",0,0,,www.skylinertravels.com,+250792106035,admin@skylinertravels.com
UMVA Experiences Ltd,Tour operator/Travel agent/Tour guide,Tour operator,Eastern Province,Rwamagana,https://tourismregulation.rw/en/entity/profile/1969/,Licensed,"UMVA Experiences Ltd This Rwanda‑based hospitality company owns and operates UMVA Muhazi, a boutique lodge on Lake Muhazi in Rwamagana District (Eastern Province), about 90 minutes from Kigali UMVA Muhazi has 9 rammed‑earth cottages and offers eco‑friendly amenities like solar power, a yoga deck, communal dining, and outdoor activities such as kayaking and tennis",0,0,,www.umvamuhazi.com,+250791590042,info@umvamuhazi.com
Lilly Fine Dining,Restaurant/Bar/Nightclub,Restaurant,City Of Kigali,Gasabo,https://tourismregulation.rw/en/entity/profile/1930/,Licensed,"Lilly Fine Dining is a new and nice and one of the best Restaurants in kagali located on the top floor of one of the tallest buildings in Kigali's popular Kimihurura neighbourhood, the restaurant offers breathtaking views of the city.Lilly Restaurant serves tasting menus created by Chef Billy McCormick. Dinner is an 8 course menu, Lunch is 5 course. Brunch is a la carte.",0,0,Other (specify),,+250796175439,manager@lilly-rwanda.com
Muhire Olivier,Tour operator/Travel agent/Tour guide,Tour guide,City Of Kigali,Kicukiro,https://tourismregulation.rw/en/entity/profile/2127/,Licensed,"I'm a passionate tour guide committed to providing quality service. My goal is to continue offering excellent experiences to all visitors. I hold a bachelor's degree in Business Administration and have training in Hospitality Management, service Excellence and Tourism. I have also competed several tour guiding training programs, as shown in my supporting documents. I'm dedicated, professional and always eager to help visitors enjoy their experience.",0,0,,oliviermuhire02@gmail.com,0788787290,oliviermuhire02@gmail.com
Demi Sheraton Hotel,Accommodation entity,Town hotel,Eastern Province,Nyagatare,https://tourismregulation.rw/en/entity/profile/1973/,Licensed,"Demi Sheraton Boutique Hotel is a charming 15-room property located in the heart of Nyagatare Town. All rooms are conveniently situated on a single floor, offering easy access and comfort for our guests. A delightful terrace invites you to relax and take in the stunning views of the surroundings. Each morning, guests can enjoy a freshly prepared buffet breakfast served in our restaurant. For your convenience, we also offer an internet point and complimentary high-speed Wi-Fi throughout the hotel.",15,15,"BBQ,Rwandan",,0788357368,sheratondem@gmail.com
AFRICAN EXPERT SAFARIS AND TOURS LTD,Tour operator/Travel agent/Tour guide,Tour operator,City Of Kigali,Gasabo,https://tourismregulation.rw/en/entity/profile/1972/,Licensed,"African Expert Safaris is committed to offering you the best travel experience to Africa, our niche is in Rwanda, and Uganda. We provide the mind-blowing services that will exceed your expectations during your home away experience.",0,0,,africanexpertsafaris.com,+250786233859,victorafricanexpertsafaris@gmail.com
NENGO EDEN PARK HOTEL,Accommodation entity,Vacation hotel or resort,Western Province,Rubavu,https://tourismregulation.rw/en/entity/profile/2133/,Licensed,"NENGO EDEN PARK Introduction NENGO EDEN PARK HOTEL is a hotel located in Rubavu District, Gisenyi Sector in Nengo cell on Boulevard de la Production; it's a hotel of 37 bed rooms, among them junior suites, twin and family rooms, 2 conference halls, 1 restaurant and 1 bar. The hotel is arranged on two floors with a nice view of Lake Kivu. There is a very huge garden where the children can play different games and where the parents can seat while sharing a glass. Is not far from Gisenyi town within 10minutes by walking, 10 minutes driving to DRC Border and 2 hours to Gorillas volcanos national park.",37,42,"International,African,BBQ,French,Indian",www.nengoedenparkhotel.com,+250(0)788 95 68 08,nengoedenpark@gmail.com
The Rock Bistro,Restaurant/Bar/Nightclub,Restaurant,City Of Kigali,Kicukiro,https://tourismregulation.rw/en/entity/profile/1802/,Licensed,"Located in Rebero with stunning views, The Rock is a cocktail bar and bistro (formerly The Distillery) that offers a unique dining experience. Diners can cook their choice of meat—steak, chicken, or barracuda—on a 400-degree lava rock. Additionally, diners can enjoy the traditional Japanese Kamado grilling technique (Kamado Experience) or our classic open grill. This combination of innovative and authentic grilling options makes The Rock Bistro a standout destination for food enthusiasts.",0,0,"International,African,American,BBQ",therockbistro.com,0788316723,info@therockbistro.com
SHASTE CITY HOTEL,Accommodation entity,Town hotel,Northern Province,Musanze,https://tourismregulation.rw/en/entity/profile/1990/,Licensed,"Welcome to SHASTE CITY HOTEL, where comfort meets quality service. It has 21 rooms with 6 single rooms, 8 double rooms, 2 family rooms, 4 connecting rooms and 1 Accessible room. It is located at NM 151 St in the heart of Musanze Town, Rwanda. we offer a full hospitality experience with modern accommodation, a vibrant bar and restaurant, a cosy coffee shop, and a fully equipped conference room for your meetings and events. Whether you are here for business or relaxation our warm and professional team is dedicated to making your stay memorable. At SHASTE CITY HOTEL we believe in treating every guest like family with care, respect, and genuine hospitality. Come stay with us and enjoy comfort, flavour and service all in one place.",15,15,"International,Rwandan",www.shastecityhotel.com,+250796546706,info@shastecityhotel.com
GALAXY HOTEL,Accommodation entity,Town hotel,City Of Kigali,Nyarugenge,https://tourismregulation.rw/en/entity/profile/1981/,Licensed,"Galaxy Hotel is a well-established, 3-star hotel located in the heart of downtown Kigali, Rwanda. With 17 years of experience in the hospitality industry, Galaxy Hotel has built a strong reputation for offering comfortable, spacious rooms and outstanding service, particularly catering to corporate and business travelers. The hotel is known for its homely feel, its warm, friendly staff, and its strategic location that provides easy access to key business centers and local attractions. While not overly luxurious, Galaxy Hotel offers essential amenities such as a restaurant, bar, swimming pool, spa, hair salon, and transportation services. Vision: To become the leading business-friendly hotel in Kigali, recognized for exceptional service, comfort, and professionalism — a second home for business travelers and corporate guests. Mission Statement: To provide each guest with a seamless, personalized, and peaceful hospitality experience through excellent service, well-maintained facilities, and a welcoming atmosphere that reflects the warmth of Rwandan hospitality.",43,43,"African,BBQ,French,Indian",www.galaxyhotel.rw,0788382553,reservations@galaxyhotel.rw
Vista Luxury Apartment Ltd,Accommodation entity,Serviced apartment,City Of Kigali,Gasabo,https://tourismregulation.rw/en/entity/profile/1992/,Licensed,"Vista Luxury apartment is ideally situated in Gacuriro, Kigali city. We are in a quiet and serene environment that is only 15 minutes drive from Kigali international airport. Our property comprises of 16 Two-bedroom serviced apartments. The property features modern furniture, furnishings and equipment, a perimeter fence, CCTV surveillance, 24/7 security guards, AC, underground water tanks, a video intercom system, WiFi, an open plan Kitchen, an industrial laundry, a convenience shop and a backup Generator.",16,44,,"www,vistaluxuryapartments.com",0792950649,reservations.vistaapartments@gmail.com
Kigali Golf Resort and Villas,Restaurant/Bar/Nightclub,Restaurant,City Of Kigali,Gasabo,https://tourismregulation.rw/en/entity/profile/1954/,Licensed,"Rwanda Ultimate Golf Course Ltd is a private company created to promote Rwanda as the leading golf destination in Africa and one of the most remarkable in the world. Its first development, the Kigali Golf Resort & Villas, is a serene and elegant retreat located in the heart of Kigali. The golf course, a masterpiece of design, was crafted by the world-renowned Gary Player. It is surrounded by lush scenery and peaceful views, making it a destination for both golf lovers and those seeking refined leisure. The facility includes a five-star Clubhouse, arranged over two floors. On the ground floor, there is a welcoming sports bar terrace, a comfortable lounge with a private chef’s table, a swimming pool bar, a well-equipped gym, a tranquil spa area, and two outdoor tennis courts set within landscaped surroundings. These amenities offer guests the chance to relax, exercise, or enjoy social activities throughout the day. Upstairs, guests can enjoy a fine dining experience with beautiful views of the golf course, as well as a refined cigar lounge and two VIP boardrooms for private meetings or gatherings. The Clubhouse is designed to provide both comfort and sophistication, blending sport, leisure, and elegance in one exceptional setting.",0,0,"African,American,BBQ",https://www.rwandagolf.rw/,0788739175,gaston.gasore@kigaligolf.rw
Kiri Hotel,Accommodation entity,Town hotel,City Of Kigali,Gasabo,https://tourismregulation.rw/en/entity/profile/1982/,Licensed,"The Kiri Hotel is an 25 rooms, comfortable hotel, situated in Nyarutarama. The hotel is arranged on four floors with a lift. On the ground floor, a part from reception there is a restaurant in which you can order excellent meals of your choice, there is a comfortable lounge where you can sit and drink tea, or just read.  The rooms are arranged on the first, second,third and fourth floors. The hotel also provide free wife",32,25,"International,Asian,BBQ,Chinese,Italian,Pizzeria,Rwandan",www.kirihotel.com,0796888303,info@kirihotel.com
K2 Hotel & Apartments Ltd,Accommodation entity,Town hotel,Northern Province,Musanze,https://tourismregulation.rw/en/entity/profile/1984/,Licensed,"K2 Hotel & Apartments is located in the north of Rwanda, in the city of Musanze, known as the tourism capital of the “Land of a Thousand Hills.” The establishment is situated close to the city center (Yaoundé neighborhood), opposite the Kizungu neighborhood, at: 96 km from Kigali (the capital of Rwanda), 65 km from Goma (Democratic Republic of Congo), 25 km from the Cyanika border post (Rwanda–Uganda), 13 km from Kinigi, the gateway to Volcanoes National Park, famous for mountain gorillas. Full physical address: K2 Hotel & Apartments Byimana Village, Ruhengeri Cell, Muhoza Sector, Musanze District, Northern Province, Rwanda. To ensure that the services of K2 Hotel always remain excellent and to maintain, at a harmoniously steady pace, the growth in the number of its clients, the hotel currently offers the following facilities: 3 luxury apartments, each with a private bathroom, satellite color TV with international channels, internal telephone, kitchen with gas stove, mini-fridge, internet access, etc. 12 single rooms, each equipped with a bed, TV, internet access, etc. 15 double rooms, each equipped with TV, internet access, etc. 1 restaurant hall A comfortable and well-equipped bar A fully equipped meeting room A modern, well-equipped kitchen An office, a store, and 2 stock rooms A sauna & massage room",31,31,"International,African",www.k2hotelapartment.com,0788545963,k2apartmentltd@gmail.com
24 BY 7 TRAVEL AND TOUR SERVICES Ltd,Tour operator/Travel agent/Tour guide,Travel agent,City Of Kigali,Nyarugenge,https://tourismregulation.rw/en/entity/profile/1985/,Licensed,"24 by 7 Travel is a full-service travel agency dedicated to making your journey effortless, exciting, and unforgettable. As our name suggests, we are available around the clock to provide personalized travel experiences that cater to every need, preference, and budget. Whether it’s a spontaneous weekend getaway, a family vacation, a corporate tour, or a luxury escape — we plan it all.",0,0,,,0795589500,sales.kigali@24by7travel.com
KARUHANGA GEORGE,Tour operator/Travel agent/Tour guide,Tour guide,City Of Kigali,Kicukiro,https://tourismregulation.rw/en/entity/profile/1977/,Licensed,TOUR GUIDE,0,0,,,0788412335,karuhangageorge11@gmail.com
KIGALI PARAMOUNT HOTEL,Accommodation entity,Town hotel,City Of Kigali,Kicukiro,https://tourismregulation.rw/en/entity/profile/1908/,Licensed,"KIGALI PARAMOUNT HOTEL is a leading hospitality facility and the new entrant in Kigali, Rwanda with 41 tastefully furnished rooms to cater to a variety of travelers' needs. Kigali Paramount Hotel rooms range from Deluxe, Superior, and Junior Suites and a two-bedroom Penthouse distributed over five floors and sitting on well-manicured gardens around the property. The expansive property boasts three conference rooms with state-of-the-art audio-visual equipment and includes a boardroom and ballroom hosting up to 600 guests. There are five distinctive food and beverage outlets including a pool lounge and an exclusive rooftop lounge for our in-house guests. The hotel has an in-house wellness center comprising a well-equipped gym, swimming pool, steam, sauna and massage, manicure, and pedicure parlor. It is also an application hotel for Mount Kigali University’s Hospitality and Tourism students. Kigali Paramount Hotel is located in the Gatenga sector, Kicukiro District, Kigali. Here are the approximate distances from key locations in the city: Kigali International Airport: About 10 km (approximately 20 minutes by car, depending on traffic). Kigali Central Business District (CBD): Around 7 km (a 15- to 20-minute drive). Kigali Convention Centre: Roughly 8 km (around 15 minutes by car).",41,46,"International,African,American,Asian,BBQ,Rwandan & International",www.kigaliparamounthotel.com,+250794414105,info@kigaliparamounthotel.com
MEZA MALONGA RESTAURANT,Restaurant/Bar/Nightclub,Restaurant,Northern Province,Musanze,https://tourismregulation.rw/en/entity/profile/1986/,Licensed,"Meza Malonga is a fine dinning restaurant locate in Musanze district at Lake Ruhondo. Meza Malonga restaurant focuses more on african ingredients to create a unique dish. We are only open from Thursday to Sunday ( 11 AM to 5PM). We have been selected amonth the 50 best restaurants in the world last year. The Meza Malonga Experience is a unique full-day culinary journey. Beginning with a boat tour on a traditional fishing vessel, guests learn about the Twin Lakes region and ecosystem. We then invite you into our home for a tour with unique sights, aromas, flavors, feelings, and sounds, heightening your senses and preparing you for an exquisite tasting menu. Each of the four tables in our intimate dining room has stunning views of Rwanda’s five volcanoes. During your meal, you will engage with our chefs, learning about the inspiration for each dish, while observing our culinary students cooking, plating, and serving.",0,0,Other (specify),www.mezamalonga.com,+250785146072,dieuveilmalonga@gmail.com
MOZY PIZZA LTD,Restaurant/Bar/Nightclub,Restaurant,City Of Kigali,Gasabo,https://tourismregulation.rw/en/entity/profile/1987/,Licensed,"MOZY PIZZA LTD is the restaurant based on selling pizza, burgers,chips,coffe,shawarma, etc it is located in Remera Sector, KG 18 AVE MOZY PIZZA LTD was founded by ZIRIKANA Moise it works 24 hours, 7 days of the week.",0,0,"International,African",,+250784277117,mozypizza@gmail.com
Wild Sage Africa Ltd.,Tour operator/Travel agent/Tour guide,Tour operator,City Of Kigali,Nyarugenge,https://tourismregulation.rw/en/entity/profile/1989/,Licensed,"Wild Sage Africa is a boutique Destination Management Company (DMC) and tour operator based in Kigali, Rwanda. We specialize in creating unique conservation-driven journeys across Africa, with a focus on immersive safaris, sustainable wildlife experiences, authentic cultural encounters, and meaningful travel experiences. Founded by a professional travel writer and an expert local guide, Wild Sage Africa blends global travel expertise with deep local knowledge and insider connections. With our fleet of safari vehicles and a trusted network of expert guides, we deliver seamless, high-touch service for discerning international travellers, as well as reliable ground operations for travel agents and international tour operators. Our ethos is rooted in sustainability, authenticity, and storytelling. Each itinerary is hand-crafted from scratch, designed to reflect the traveller’s passions, style, and pace, while directly supporting conservation initiatives and local communities. Whether it’s a private gorilla trek, a photography safari, a multi-day trek, or a cross-country adventure, Wild Sage Africa offers experiences that redefine the meaning of luxury to capture the soul of Africa. Every journey with Wild Sage is a story worth telling.",0,0,,www.wildsagetravel.com,+250-792-417-415,hello@wildsagetravel.com
Mugisha Taufique,Tour operator/Travel agent/Tour guide,Tour guide,City Of Kigali,Kicukiro,https://tourismregulation.rw/en/entity/profile/2130/,Licensed,Tour guide,0,0,,,+250780203889,mugishataufique250@gmail.com
MUREKATETE JANET,Tour operator/Travel agent/Tour guide,Tour guide,City Of Kigali,Nyarugenge,https://tourismregulation.rw/en/entity/profile/2027/,Licensed,"I am an enthusiastic and experienced Tour Guide and Hospitality Professional with a strong background in tourism, customer service, and guest relations. With hands-on experience at Real Life safaris, Gorilla Quest Africa and UMVA Muhazi Hotel, I specialize in delivering informative, engaging, and memorable experiences to both international and local visitors. My expertise includes storytelling, cultural interpretation, logistics coordination, and guest care, supported by formal training in tourist guiding, hospitality management, and communication. I hold a Bachelor’s degree in Business Administration and multiple certifications in tourism and service excellence. Passionate about promoting Rwanda’s rich culture and natural beauty, I aim to contribute to a forward-thinking organization by ensuring high-quality service, safety, and satisfaction for every guest.",0,0,,N/A,+250 783156864,tetesjanet123@gmail.com
Gorillas Golf Hotel,Accommodation entity,Town hotel,City Of Kigali,Gasabo,https://tourismregulation.rw/en/entity/profile/2015/,Licensed,"Gorillas Golf Hotel is a refined 4-star retreat in Kigali’s tranquil Nyarutarama neighborhood, just 5 minutes from the Kigali Convention Centre. Spanning 5 floors with modern elevators, the hotel offers 83 elegantly furnished rooms, including two executive suites and a presidential suite. Guests can dine at the balcony restaurant overlooking the pool, enjoy drinks at the bar, or unwind in the pool lounge. A lush garden on the lower level provides a beautiful venue for events, while the outdoor pool and 24-hour gym cater to relaxation and fitness. The hotel also offers 24/7 room service, free parking, high-speed internet, and a fully equipped conference room. With its serene location near Kigali Golf Club and Kigali International Airport, Gorillas Golf Hotel is the ideal choice for both business and leisure stays.",83,103,"Rwandan & International,Other (specify)",https://golf.gorillashotels.com/,0788200500,reservation@gorillashotels.com
ROMANTIC HOTEL,Accommodation entity,Town hotel,Western Province,Karongi,https://tourismregulation.rw/en/entity/profile/1996/,Licensed,"Romantic Hotel Ltd is a 38 rooms hotel, comfortable hotel, situated in Karongi Town. The hotel is arranged on two floors, without a lift. On the ground floor, apart from the reception, there is a comfortable area where you can sit and drink tea or just read. There is also a terrace where you can sit and watch the T.V taking food& drinks. The rooms are arranged on the first and second floors. On the second floor, there is also a delightful terrace available for the use of guests, from where you can enjoy the wonderful view. The buffet breakfast is served in the restaurant on the ground floor. The hotel provides an internet point, and a free Wi-Fi service.",38,38,International,None,0782066860,romantichotelkibuye@gmail.com
NGARUKIYINTWARI Francois,Tour operator/Travel agent/Tour guide,Tour guide,City Of Kigali,Kicukiro,https://tourismregulation.rw/en/entity/profile/1998/,Licensed,"I am a Rwandan tour guide, with experience in Wildlife safaris, culture tours and nature walks,  a member of RSGA for 3 years.",0,0,,,0788491591,ntwali.francois83@gmail.com
SHEMA TRAVEL,Tour operator/Travel agent/Tour guide,Tour operator,City Of Kigali,Gasabo,https://tourismregulation.rw/en/entity/profile/2129/,Licensed,"Shema Travel offers experience in romance travel, Wedding destination in Rwanda and Africa, often associated with MarryAfrica.com. We promote Rwanda from France to the World through storytelling of Rwanda after 1994, Business trips , Fashion tourism and Safaris.",0,0,,https://www.shematravel.com/,0791697850,shematravel@gmail.com
Ismail Nsengiyumva,Tour operator/Travel agent/Tour guide,Tour guide,Northern Province,Musanze,https://tourismregulation.rw/en/entity/profile/2134/,Licensed,"I have been in the Tourism industry for over 11years now, and I have seen it grow since then. I am 35 years old, Married, with two Children, a girl(6years) and a boy(3years).",0,0,,,783806966,nsengaismael@gmail.com
Greenland Apartment & Hotel by Link,Accommodation entity,Serviced apartment,City Of Kigali,Nyarugenge,https://tourismregulation.rw/en/entity/profile/2000/,Licensed,"Welcome to Greenland Apartment by Link, Situated in prime Nyarugenge, we offer you the perfect blend of comfort, convenience, and modern amenities. With 84 well-appointed rooms spread across an 11-storey building, you can enjoy sweeping city views and a calm retreat in the heart of the urban buzz. You’ll find everything you need right on site: a spacious food court serving a variety of delicious options, a fully equipped gym, reliable internet throughout, and ample parking for guests arriving by car. Being so close to the city center means all your destination points business, shopping, dining, or cultural are just minutes away, giving you easy access to whatever your stay calls for. Whether you’re here for work or leisure, staying with us means having comfort, convenience, and quality all under one roof.",84,168,"Chinese,Rwandan & International",www.homartproperties.rw,250 795573337,greenlandplaza@homartgroup.com
RAKKA Hotel by Cocobean,Accommodation entity,Town hotel,City Of Kigali,Nyarugenge,https://tourismregulation.rw/en/entity/profile/2005/,Licensed,"RAKKA Hotel by Cocobean is composed of 40 rooms, restaurant, Nightclub, swimming pool, conference hall and sauna and steam comfortable hotel, situated in the heart of kigali Town. The hotel is arranged with a lift. On the ground floor, apart from the reception, there is a comfortable night club where you can enjoy great music and atmosphere. There is also a splendid terrace aside of swimming pool where you can relax with having tea or drink reading novels and immerge yourself from morning onwards in the atmosphere of kigali daily life. The rooms are arranged on the second floor and third floors with exciting fourth floor where there is astonishing restaurant as the view of kigali is delightful whereas on the third floor, there is also a amazing coffee shop available for the use of guests, from where you can enjoy the wonderful view.  The hotel provides an internet point, and a free Wi-Fi service.",40,40,International,,"0788300386, 0788355758",cocobeanltd@gmail.com
Kigali Atlantis Tours,Tour operator/Travel agent/Tour guide,Tour operator,City Of Kigali,Gasabo,https://tourismregulation.rw/en/entity/profile/2042/,Licensed,"Kigali Atlantis Tours Ltd is a Rwandan-registered company that provides professional tour and travel services. We organize safaris, cultural tours, city excursions, and community-based tourism experiences across Rwanda and the region. Our focus is to offer quality services that showcase Rwanda’s wildlife, culture, and landscapes while supporting sustainable tourism and local communities.",0,0,,https://www.kat.rw/,+250789873682,contact@kat.rw
Birding and Educational Tours,Tour operator/Travel agent/Tour guide,Tour operator,City Of Kigali,Gasabo,https://tourismregulation.rw/en/entity/profile/1991/,Licensed,"We are a tourism company specialized in birdwatching, safaris and primates trekking tours. Since 2012 we have developed and run tours that provide our guests with unforgettable experiences in Rwanda and in the East Africa in general.",0,0,,www.birdingrwanda.com,0788754615,rwandabirding@gmail.com
BerTab Journeys Ltd,Tour operator/Travel agent/Tour guide,Tour operator,City Of Kigali,Gasabo,https://tourismregulation.rw/en/entity/profile/2008/,Licensed,"BerTab Journeys Ltd is a travel company that creates and sells packaged tours and holidays. We handle all the logistics, including planning itineraries, booking transportation and accommodations, and arranging activities and guides.",0,0,,bertabjourneys.com,+250795038931,info@bertabjourneys.com
GYMAX Ltd,Restaurant/Bar/Nightclub,Restaurant,City Of Kigali,Kicukiro,https://tourismregulation.rw/en/entity/profile/2011/,Licensed,"GYMAX BAR AND RESTORANT, has coffee, bar and restorant are on roof top. But ground  floor there is a gym. First floor there is sauna and massage",0,0,African,,0788300897,gymexclub1@gmail.com
WILD HERITAGE OF AFRICA TOUR AND TRAVEL RWA Ltd,Tour operator/Travel agent/Tour guide,Tour operator,City Of Kigali,Gasabo,https://tourismregulation.rw/en/entity/profile/2012/,Licensed,"Wild Heritage of Africa Tour and Travel Rwa Ltd is a Rwanda-based tour operator and a member of the Rwanda Tours and Travel Association (RTTA). We specialize in tailor-made safaris, gorilla and chimpanzee trekking, cultural and historical tours and beach holidays across Rwanda, Uganda, Kenya, Tanzania, and Zanzibar. Our services include guided tours, hotel bookings, airport transfers and group travel logistics. We are committed to sustainable and community-based tourism that promotes East Africa’s cultural and natural heritage while delivering memorable experiences for our clients.",0,0,,Www.wildheritageofafrica.com,+250 786 415 031,wildofafricatourandtravel@gmail.com
SUNBIRD TOURS AND TRADE Ltd,Tour operator/Travel agent/Tour guide,Tour operator,City Of Kigali,Kicukiro,https://tourismregulation.rw/en/entity/profile/2016/,Licensed,"Sunbird Tours & Trade Ltd is a registered and locally owned Rwandan tour operator dedicated to providing exceptional travel experiences across Rwanda and the East African region. Based in Kigali, the heart of the country, our company offers curated tour packages that showcase Rwanda’s rich natural beauty, cultural heritage, and wildlife diversity. We specialize in personalized travel services including: Gorilla and primate trekking in Volcanoes and Nyungwe National Parks Wildlife safaris in Akagera National Park Cultural and historical tours including Kigali Genocide Memorial and local artisan villages City tours, eco-tourism experiences, and coffee/tea plantation visits Custom itineraries for individuals, groups, and corporate clients Hotel bookings, transportation, and airport transfers Our mission is to promote sustainable tourism while delivering high-quality, professional, and memorable experiences to both local and international travelers. We are committed to responsible tourism practices, working with local communities and conservation partners to ensure our operations positively impact the destinations we explore.",0,0,,,0794411002,sunbirdrwanda@gmail.com
Muzungu Aime,Tour operator/Travel agent/Tour guide,Tour guide,Northern Province,Musanze,https://tourismregulation.rw/en/entity/profile/2137/,Licensed,"I'm a tour guide in Rwanda, helping visitors experience the country's culture, history, wildlife, scenic landscapes, and warm hospitality. i create memorable, well organized trips while sharing the beauty and spirit of Rwanda in a welcoming way.",0,0,,aimeemuzungu@gmail.com,0788515681,aimeemuzungu@gmail.com
WILD WONDERS AFRICA LIMITED,Tour operator/Travel agent/Tour guide,Tour operator,City Of Kigali,Gasabo,https://tourismregulation.rw/en/entity/profile/2007/,Licensed,"Wild Wonders Africa is a specialized travel company focused on creating bespoke safari and wildlife adventure experiences across East Africa, particularly in Uganda, Rwanda, Kenya, and Tanzania. The business emphasizes personalized itineraries tailored to individual interests, such as wildlife encounters, cultural immersion, and gorilla trekking. They stand out by offering expert-led adventures with knowledgeable guides who provide in-depth insights and professional photography services to capture clients' experiences, ensuring memorable keepsakes like high-quality photos and videos. The company prides itself on delivering authentic and unparalleled nature experiences, including iconic events like the Great Migration and intimate wildlife interactions in natural habitats. Services include customized safari planning, crisis management with partnerships like Flying Doctors and Akagera Aviation, and exclusive lodging and dining options. Client reviews highlight the exceptional planning, knowledgeable guides, luxurious accommodations, and the added value of professional photography, contributing to highly rated experiences (5.0 based on 10 Google reviews). Wild Wonders Africa aims to craft lifelong memories through expert guidance, personalized service, and a deep connection to East Africa's landscapes and cultures.",0,0,,https://wildwondersafrica.com/,+250792575717,reservations@wildwondersafrica.com
TUMUSIFU Theogene,Tour operator/Travel agent/Tour guide,Tour guide,City Of Kigali,Kicukiro,https://tourismregulation.rw/en/entity/profile/2138/,Licensed,"My name is TUMUSIFU THEOGENE, and I am a dedicated and disciplined professional with 3 years of work experience. Throughout my career, I have developed strong skills, professionalism, and a commitment to performing my duties with integrity and responsibility. I am known for my punctuality, positive attitude, and ability to work effectively both independently and as part of a team. I hold an RSGA Certificate, which has provided me with valuable knowledge and training relevant to my field. This certification reflects my commitment to maintaining high professional standards and continuously improving my skills and expertise. Over the past five years, I have gained practical experience in handling responsibilities efficiently, following workplace regulations, and delivering quality results. I am committed to safety, discipline, and excellent service, and I always strive to meet organizational goals while maintaining a professional work ethic. I am seeking this license to further my professional development and continue contributing positively through my skills, experience, and dedication. I am confident that my experience, qualifications, and disciplined approach make me a suitable candidate for the license.",0,0,,www.tour.com,+250785241608,kigalimediaent@gmail.com
ECHOES FROM AFRICA LTD,Tour operator/Travel agent/Tour guide,Tour operator,City Of Kigali,Nyarugenge,https://tourismregulation.rw/en/entity/profile/2013/,Licensed,"Echoes from Africa is, a boutique Luxury Safari Company based in Kigali. We are a members of the Rwanda Tourism & Travel Association, we ready to offer tourist services to our guest from designing their trips, execution and after trip cervices. Our services includes booking Meet and greet, booking accommodations, Transport (land and Helicopter transfers), securing relevant park entries permits including Gorilla and Golden monkey permits.",0,0,,https://www.echoesfromafrica.com/,0788308181,info@echoesfromafrica.com
Sights Afrika Ltd,Tour operator/Travel agent/Tour guide,Tour operator,City Of Kigali,Gasabo,https://tourismregulation.rw/en/entity/profile/2038/,Licensed,"Sights Afrika was born from a shared passion between two professionals deeply rooted in Rwanda’s tourism and business events industry. With nearly two decades of combined experience in tourism and the private sector, they felt it was time to bring their vision to life. Sights Afrika's vision is built on the belief that tourism should be meaningful, personal, and unforgettable. At Sights Afrika, we take the time to truly listen, understand the unique interests, and curate experiences that go far beyond the expected. Every journey is thoughtfully designed to reflect the desires of the clients, ensuring the best experience of Rwanda",0,0,,www.sightsafrika.com,0795302322,info@sightsafrika.com
Links Travel Agency,Tour operator/Travel agent/Tour guide,Tour operator,City Of Kigali,Nyarugenge,https://tourismregulation.rw/en/entity/profile/2040/,Licensed,"Links Travel Agency, a premier tour company dedicated to providing unforgettable travel experiences. Whether you're seeking adventure, relaxation, or cultural immersion, our expertly crafted tours offer something for every type of traveler. With local guides, personalized itineraries, and a commitment to exceptional service, we make your journey seamless and enjoyable. Join us and discover the world in a way that only Links Travel Agency can offer.",0,0,,www.linksvoyage.com,0788775454,info@linksvoyage.com
Iriza Tours & Safaris Ltd,Tour operator/Travel agent/Tour guide,Tour operator,City Of Kigali,Nyarugenge,https://tourismregulation.rw/en/entity/profile/2028/,Licensed,"Iriza Tours & Safaris is a Rwandan-based tour company that offers guided city tours, wildlife safaris, cultural experiences, and nature adventures across Rwanda and the East African region. The company is committed to providing professional, safe, and memorable travel services while promoting sustainable tourism and community development.",0,0,,irizatourssafaris.com,+250794411700,irizatour@gmail.com
Safiri Holidays Ltd,Tour operator/Travel agent/Tour guide,Travel agent,City Of Kigali,Gasabo,https://tourismregulation.rw/en/entity/profile/2141/,Licensed,"Safiri Holidays Ltd is a Rwanda-based travel and tourism company established to provide comprehensive travel management and tourism services to both local and international clients. The company is committed to promoting Rwanda as a premier tourism destination while delivering professional, reliable, and customer-focused travel solutions. Our core business activities include tour operations, holiday packages, hotel reservations, flight ticketing, visa assistance, airport transfers, corporate travel management, MICE (Meetings, Incentives, Conferences, and Exhibitions), car rental services, and customized travel experiences. We specialize in organizing domestic and regional tours, including visits to Rwanda's national parks, cultural attractions, wildlife experiences, and other tourism destinations. Safiri Holidays Ltd aims to contribute to the growth of Rwanda's tourism sector by creating memorable travel experiences, supporting sustainable tourism practices, and promoting the country's natural and cultural heritage. The company operates with a strong commitment to professionalism, safety, service excellence, and compliance with all applicable laws and regulations governing the tourism industry in Rwanda. Our mission is to provide seamless, innovative, and value-driven travel services that exceed customer expectations while fostering the development of tourism in Rwanda and the East African region. Our vision is to become a leading and trusted travel and tourism company recognized for exceptional service, innovation, and contribution to sustainable tourism development.",0,0,,www.safiriholidays.com,0799533180,management@safiriholidays.com
LE YOUKOUNKOUN 1965 Ltd,Restaurant/Bar/Nightclub,Restaurant,City Of Kigali,Gasabo,https://tourismregulation.rw/en/entity/profile/2140/,Licensed,"Le Youkounkoun 1965 is a fine dining destination perched on the third floor of Simba Center along KG 14 Ave in the heart of Kigali, Rwanda, offering what it describes as more than a meal but a full experience of taste and prestige. Drawing its evocative name from a celebrated scene in the 1965 French comedy classic Le Corniaud, the restaurant carries a philosophy rooted in the idea that the treasures of African cuisine are always present, simply waiting to be discovered. Guests can choose from an à la carte menu or embark on one of three thoughtfully structured tasting journeys spanning three, five, or seven courses, each designed to celebrate heritage flavors through refined seasonal produce. An expertly curated drinks menu featuring wines, cocktails, and beverages rounds out the culinary offering.",0,0,African,https://leyoukounkoun.rw/,+250788312787,kirezid@gmail.com
ANITHA'S JUICE &Coffee Box,Restaurant/Bar/Nightclub,Restaurant,City Of Kigali,Nyarugenge,https://tourismregulation.rw/en/entity/profile/2026/,Licensed,"ANITHA'S JUICE &Coffee Box is  located in Inyarurembo Village, Kiyovu Cell, Nyarugenge Sector, Nyarugenge District, Kigali City. We specialize in freshly brewed coffee, a wide variety of juices, and delicious snacks. Our menu also features light dishes inspired by both Rwandan and international flavors, perfect for any time of day. We also serve a refreshing selection of cocktails, both alcoholic and non-alcoholic, crafted to suit every taste",0,0,"International,African,American,Asian,French,Mexican,Pizzeria,Rwandan & International",,+250788317014,rutembesaanita1@gmail.com
Movenpick Kigali,Accommodation entity,Town hotel,City Of Kigali,Gasabo,https://tourismregulation.rw/en/entity/profile/2030/,Licensed,"Mövenpick Kigali is a modern urban five-star resort in the heart of Rwanda's vibrant capital. Whether visiting for business or enjoying a family escape, the hotel offers 124 stylish rooms and suites with sweeping city views, flexible meeting spaces, co-working zones, a kids' club, and a heated pool. With all-day dining, a relaxed poolside bar, and thoughtful design inspired by local culture, every detail is crafted to make your stay feel effortless and rewarding. Our flexible meeting spaces and co-working zones cater to every professional need, while families can enjoy the kids' club and inviting heated pool. For an elevated stay, the impressive Presidential Suite delivers unmatched comfort and sophistication. Golf enthusiasts will love our proximity to Kigali Golf Resort, only minutes away. After a productive day in meetings or co-working spaces, savor world-class dining, or discover Kigali's rich cultural attractions, all easily accessible from the hotel. Located in the city's diplomatic zone, Mövenpick Kigali is next to the Kigali Convention Centre and minutes from Kigali Golf and BK Arena. Close to embassies and global organizations, it's just a 15-minute drive from Kigali International Airport.",124,142,"African,BBQ,French,Indian,Pizzeria,Rwandan & International,Sandwiches,Soups & Salads,Vegan/Vegetarian",https://all.accor.com/hotel/C0M5,0788136000/0788888268,reservations.kigali@movenpick.com
Akira Hotel,Accommodation entity,Town hotel,City Of Kigali,Gasabo,https://tourismregulation.rw/en/entity/profile/2033/,Licensed,"Akira Hotel is a charming boutique hotel located in Kimihurura, right in the heart of Kigali, just moments away from the iconic Kigali Convention Center. At Akira Hotel, we take pride in offering a harmonious blend of comfort, elegance, and personalized service. Our selection of rooms is thoughtfully designed to ensure every guest enjoys a relaxing and refined stay. The hotel features two floors, including one private room near a beautiful pool, surrounded by lush greenery and a serene water cascade, creating a peaceful and refreshing atmosphere. Each room is equipped with modern amenities. Every accommodation features a luxurious bathroom, a high-definition TV, and high-speed internet, making Akira Hotel ideal for both business trips and leisure stays. Whether you are visiting Kigali for work or simply to unwind, Akira Hotel offers the perfect blend of sophistication, comfort, and tranquility. ‘You arrive as a guest, you leave as a family.’",14,14,International,https://akira-hotel.squarespace.com/rooms,0795585903,akirahotel.rwanda@gmail.com
PUKKA AFRICA SAFARIS LTD,Tour operator/Travel agent/Tour guide,Tour operator,City Of Kigali,Gasabo,https://tourismregulation.rw/en/entity/profile/1978/,Licensed,"Pukka Africa Safaris is an independent tour company operating on a B2B model, specializing in handling international clients. We are a destination management company offering all-inclusive packages across Rwanda.""",0,0,,pukkasafaris.com,+250786383613,patrickarinawe@gmail.com
SATGURU HOLIDAYS PRIVATE LIMITED,Tour operator/Travel agent/Tour guide,Travel agent,City Of Kigali,Nyarugenge,https://tourismregulation.rw/en/entity/profile/2019/,Licensed,"Satguru Travel Group was established in 1989 under the astute guidance of our esteemed CEO and MD, Mr. Anil Chandirani. Over the years, our company has experienced remarkable growth, transforming from a modest travel management firm into a prominent global travel enterprise. We possess a broad range of travel-related services and specialize in delivering comprehensive corporate travel management solutions. Our primary focus lies in crafting an extensive selection of sophisticated, result-oriented, tailor-made and strategically aligned travel services for our esteemed clientele situated worldwide.",0,0,,https://satguruholidays.com/,0739301042,sunilkumar.s@satgurutravel.com
Kindness Tours Ltd,Tour operator/Travel agent/Tour guide,Tour operator,City Of Kigali,Nyarugenge,https://tourismregulation.rw/en/entity/profile/2057/,Licensed,"Kindness Tours Ltd is a tour company based in Rwanda, we offer different services of tourism, accommodations, transportation and tours.",0,0,,kindnesstourssafaris.com,0788473621,kindnesstoursltd@gmail.com
INSIGHT TOURS AND TRAVEL,Tour operator/Travel agent/Tour guide,Tour operator,City Of Kigali,Gasabo,https://tourismregulation.rw/en/entity/profile/2043/,Licensed,"INSIGHT TOURS AND TRAVEL is a Rwandan-owned company based in Kacyiru, Kigali. We specialize in delivering seamless and budget-friendly travel solutions. Since our inception, our goal has been to provide travelers with high-quality, reliable, and flexible travel services whether local or international. We operate with a customer-first mindset and a passion for promoting Rwanda and East Africa’s beauty, culture, and hospitality.",0,0,,www.insighttoursandtravel.com,0788285745,insighttourstravel@gmail.com
UMURAGE ECO SAFARIS LTD,Tour operator/Travel agent/Tour guide,Tour operator,Northern Province,Musanze,https://tourismregulation.rw/en/entity/profile/2045/,Licensed,"Umurage Eco safaris Ltd is tour operator company located in the heart of Musanze town, Umurage Eco safaris ltd is there as the best solution for tour operator company with suitable and comfortable vehicle, Umurage eco safaris ltd is there for the quests and help them to visit all tourists’ location in Rwanda  with maximum experience and satisfaction. UMurage eco safaris Ltd provide free wi-fi in their vehicle to all guests.",0,0,,https://www.umurageecosafaris.com/,0781340558,tuyizerepacifique00@gmail.com
Luminah Hotel,Accommodation entity,Town hotel,Eastern Province,Kayonza,https://tourismregulation.rw/en/entity/profile/2103/,Licensed,"Luminah Hotel is a 14-room hotel which strategically located in Kayonza, offering a seamless and accessible guest experience through its elegantly designed single-level layout. Catering to the modern professional, the hotel features comprehensive connectivity with a dedicated internet point and complimentary high-speed Wi-Fi throughout the premises. Our culinary program distinguishes itself with a premier selection of authentic African cuisine and expertly prepared BBQ, served in a refined dining environment. Guests can also enjoy the tranquil atmosphere of our private lounge or the outdoor terrace, both of which provide a perfect setting for business networking or personal relaxation within the heart of the city.",14,20,"African,BBQ",,0788313270,luminahhotel@gmail.com
Alpha Benjamin IRADUKUNDA,Tour operator/Travel agent/Tour guide,Tour guide,City Of Kigali,Kicukiro,https://tourismregulation.rw/en/entity/profile/2046/,Licensed,I am a Tour Guide qualified with 7 years of experience,0,0,,,0784681823,iradukundaalpha@gmail.com
LEMON HILLS HOTEL LTD,Accommodation entity,Town hotel,Southern Province,Kamonyi,https://tourismregulation.rw/en/entity/profile/2117/,Licensed,"Lemon Hills Hotel is an 19 rooms, comfortable hotel, situated in the heart of Ruyenzi Town. The hotel is arranged on two floors, without a lift. On the ground floor, apart from the reception, there is a comfortable lounge where you can sit and drink tea, or just read. There is also a splendid terrace, where, you can relax and immerse yourself from morning inwards in the atmosphere of Ruyenzi daily life. The rooms are arranged on the first, second floors. On the second floor, there is also a delightful terrace available for the use of guests, from where you can enjoy the wonderful view. The buffet breakfast is served in the restaurant on the ground floor. The hotel provides an internet point, and a free Wi-Fi service, spa and swimming pool.",19,21,"International,BBQ",www.lemonhillshotel.rw,079335823,lemonhillshotelrunda@gmail.com
The Handcrafted Hotel by Azizi Life,Accommodation entity,Vacation hotel or resort,Southern Province,Ruhango,https://tourismregulation.rw/en/entity/profile/2142/,Licensed,"The Handcrafted Hotel. A place of rest, beauty and meaningful connection. Nestled in the peaceful hills of Byimana, Ruhango, The Handcrafted Hotel offers more than just a place to stay – it invites you into the heart of Rwanda’s story. Set on the Azizi Life main campus, our hotel is surrounded by the rhythms of rural life, the creativity of local artisans and the beauty of the countryside. Whether you are visiting for rest, business or cultural experience, your stay becomes part of something bigger",19,23,"International,African,American,BBQ,Rwandan & International,Soups & Salads,Snacks,Vegan/Vegetarian",www.azizilife.com,0788431143,experiences@azizilife.com
Muhamed NIYONKURU,Tour operator/Travel agent/Tour guide,Tour guide,City Of Kigali,Kicukiro,https://tourismregulation.rw/en/entity/profile/2050/,Licensed,"Experienced freelance tour guide specializing in Rwanda’s wildlife, culture, and nature since 2019. Strong background in bird guiding and cultural interpretation, supported by continuous training through RSGA. Successfully collaborated with multiple tour companies and consistently delivered informative, safe, and memorable travel experiences across Rwanda.",0,0,,,0785412233,muhameddaddy@gmail.com
Africa Tourism Solutions,Tour operator/Travel agent/Tour guide,Travel agent,City Of Kigali,Gasabo,https://tourismregulation.rw/en/entity/profile/2048/,Licensed,"Africa Tourism Solutions is a travel agency that is headquartered in Senegal with a subsidiary in Rwanda called Africa Tourism Solutions Rwanda Ltd. The Rwanda office is located inside the BK Arena. ATS offers a range of services from travel management, tour operating, event management, and transportation management too. Currently we have 2 luxury vans for rental. We promote luxury tourism.",0,0,,www.africatourismsolutions.com,0793225611,ambaye@africatourismsolutions.com
Tiloreza Volcanoes EcoLodge,Accommodation entity,Lodge,Northern Province,Musanze,https://tourismregulation.rw/en/entity/profile/1568/,Licensed,"Tiloreza Volcanoes Ecolodge is a lodge operator of lodging and related activities located in Musanze, Kinigi Road. The lodge has a VIP Cottage ,Family Cottage, 7 Deluxe rooms and 4 standards rooms. A part from the reception area, there is a lounge for tea or reading. There is also a breathtaking terrace for relaxation of our guests ,a restaurant and bar area. The Lodge provides a fast WI-FI connection and we pride ourselves in providing unsurpassed customer services to our clientele.",15,22,"International,American,BBQ,French,Rwandan,Sandwiches,Soups & Salads,Snacks,Vegan/Vegetarian",www.tiloreza.com,+250788646409,reservations@tiloreza.com
"East Africa Safari Tours, Inc.",Tour operator/Travel agent/Tour guide,Tour guide,Northern Province,Musanze,https://tourismregulation.rw/en/entity/profile/2061/,Licensed,"East Africa Safari Tours Inc. is a trusted safari operator offering personalized wildlife safaris, gorilla treks, cultural tours, and luxury trips across Rwanda, Uganda, Kenya, and Tanzania.",0,0,,https://www.eastafricasafaritours.com,+250 788 969 263,info@eastafricasafaritours.com
WILD JOURNEYS RWANDA,Tour operator/Travel agent/Tour guide,Tour operator,City Of Kigali,Kicukiro,https://tourismregulation.rw/en/entity/profile/2063/,Licensed,"WILD JOURNEYS RWANDA is a premier Tours and Safaris company based in Rwanda, offering tailor-made travel experiences. Backed by an excellent and highly experienced team, we create personalized itineraries that highlight the country’s rich wildlife, vibrant culture, and breathtaking landscapes—delivering unforgettable journeys crafted around each traveler’s interests and comfort.",0,0,,https://www.wildjourneysrwanda.com/,0795815596,bookings@wildjourneysrwanda.com
FABRICE SHUMBUSHO,Tour operator/Travel agent/Tour guide,Tour guide,City Of Kigali,Nyarugenge,https://tourismregulation.rw/en/entity/profile/2150/,Licensed,Tour guide,0,0,,,+250786140897,shumbushofabrice15@gmail.com
SENSE OF AFRICA,Tour operator/Travel agent/Tour guide,Tour operator,City Of Kigali,Gasabo,https://tourismregulation.rw/en/entity/profile/2067/,Licensed,"Sense of Africa is the leading inbound destination management company in Africa. With offices in Namibia, South Africa, Kenya, Tanzania, Botswana, Rwanda, Zambia and Uganda, our expert travel consultants are able to specialise and offer your clients the private guided, self-drive, FIT and group travel services and products they deserve.",0,0,,www.senseofafrica.com,+250781090351,info@senseofafrica.rw
Charifu TUBESHWAHONIMANA,Tour operator/Travel agent/Tour guide,Tour guide,City Of Kigali,Kicukiro,https://tourismregulation.rw/en/entity/profile/2147/,Licensed,Freelancer  guide working in Rwanda requesting license to become professional licensed tour guide,0,0,,none,none,randourdsharifu@gmail.com
Grace Uwimpuhwe,Tour operator/Travel agent/Tour guide,Tour guide,City Of Kigali,Kicukiro,https://tourismregulation.rw/en/entity/profile/2069/,Licensed,"I am a dynamic, nature-enthusiastic driver guide with a strong passion for delivering exceptional customer service. i have Diploma in Tourism and Hospitality Management, with my experience over 7 years in both sectors, I am committed to ensuring every guest enjoys a memorable and satisfying experience. With excellent communication and problem-solving skills, I engage effectively with clients from diverse backgrounds while providing safe and enjoyable tours.",0,0,,,0782587973,Uwimpuhwegrace1996@gmail.com
Kankindi Clothilde,Tour operator/Travel agent/Tour guide,Tour guide,City Of Kigali,Kicukiro,https://tourismregulation.rw/en/entity/profile/2070/,Licensed,"I am a professional female tour guide based in Rwanda, passionate about tourism, conservation, and delivering high-quality guest experiences. I have practical experience guiding clients in national parks and cultural sites, where I provide accurate interpretation of wildlife, landscapes, and Rwandan heritage. I am a registered member of the Rwanda Safari Guide Association (RSGA) and have successfully completed professional guiding training, including field safari guiding experience in Rwanda and Uganda. My guiding approach focuses on safety, professionalism, clear communication, and guest satisfaction. My goal is to promote Rwanda as a world-class tourism destination while ensuring responsible and sustainable tourism practices.",0,0,,,0784919501,kankindiclothilde@gmail.com
ILICE UMUHOZA,Tour operator/Travel agent/Tour guide,Tour guide,City Of Kigali,Gasabo,https://tourismregulation.rw/en/entity/profile/2072/,Licensed,"I'm a professional driver guide, dedicated to delivering exceptional informative, educational, cultural and historical experiences that enhance visitor's satisfaction.",0,0,,,0787618195,umuhozailice@gmail.com
Margo Villa Hotel Ltd,Accommodation entity,Villa,City Of Kigali,Gasabo,https://tourismregulation.rw/en/entity/profile/2055/,Licensed,"Creating Margo Villa Hotel was an act of love and an act of courage. We were not building just another hotel. We were creating a living memorial—a place where Margo's values of warmth, elegance, authenticity, and genuine care would be experienced by thousands of guests. We chose Kigali deliberately. Rwanda's capital embodies resilience, progress, and hope—values Margo herself exemplified. We chose the boutique format deliberately: just 23 rooms, ensuring we could know every guest by name, remember their preferences, and provide the personal attention that large hotels cannot. Every design decision reflects Margo's aesthetic: elegant without pretension, sophisticated yet warm, contemporary while honoring Rwandan artistry and heritage. We named our restaurant Margo Kitchen because Margo's kitchen was the heart of her home—where the most honest conversations happened, where strangers became friends over shared meals, where love was expressed through nourishment. We created Margo's Corner in our lobby—a dedicated lounge space with her favorite books, photographs, and a bronze plaque with her most beloved saying: ""There is always room at the table for one more."" And we trained our team—now 58 dedicated professionals—not just in luxury hospitality standards, but in Muhawe ikaze, the Rwandan philosophy of genuine, heartfelt welcome that was Margo's natural gift.",23,46,"International,BBQ",,0788300411,margovillahotel@gmail.com
Ace Barista ltd,Restaurant/Bar/Nightclub,Restaurant,City Of Kigali,Gasabo,https://tourismregulation.rw/en/entity/profile/2003/,Licensed,"ACE Barista is a Rwandan-registered private company dedicated to advancing the hospitality and tourism sector through quality coffee services, barista training, and café management. The company plays a key role in promoting Rwanda’s reputation as a premier coffee destination by offering professional coffee experiences that align with international standards. Beyond service delivery, ACE Barista is committed to capacity building and skills development. We provide specialized barista training programs that empower young Rwandans with practical hospitality skills, thereby enhancing employability and contributing to the growth of the tourism workforce. Through our operations, we actively support Rwanda’s vision of becoming a regional hub for high-quality tourism and hospitality. By showcasing Rwanda’s rich coffee culture, enhancing service excellence, and equipping professionals in the sector, ACE Barista directly contributes to sustainable tourism development and the promotion of Rwanda as a unique destination.",0,0,"Pizzeria,Rwandan & International,Sandwiches,Snacks",,+250738683779,acebarista.rda@gmail.com
Cedric Nshimiyimana,Tour operator/Travel agent/Tour guide,Tour guide,City Of Kigali,Nyarugenge,https://tourismregulation.rw/en/entity/profile/2068/,Licensed,"I hold a bachelor’s degree in Transport and Logistics Management, and I am a member of Rwanda Safari Guide Association, with a strong passion for driving and serving as a professional Tourists guide for more than 6years. i have level 1 Tour guide Certificate Offered by AFRICA INSTITUTE OF TOURISM FIELD GUIDING. My goal is to create unforgettable and lasting memories to the tourists by offering safe, comfortable, and enriching travel experiences.",0,0,,,0788919512,nshimxcedric94@gmail.com
David Bucyibaruta,Tour operator/Travel agent/Tour guide,Tour guide,City Of Kigali,Gasabo,https://tourismregulation.rw/en/entity/profile/2152/,Licensed,"I am a trained and certified member of the Rwanda Safari Guides Association (RSGA) with over three years of hands-on experience guiding visitors across Rwanda's diverse tourism destinations. Passionate about sharing Rwanda's rich wildlife, breathtaking landscapes, vibrant culture, and inspiring history, he is committed to delivering safe, engaging, and memorable travel experiences.",0,0,,,+250788752265,dbucyibaruta@gmail.com
Muhazi Dolce Vita Ecolodge,Accommodation entity,Lodge,Eastern Province,Rwamagana,https://tourismregulation.rw/en/entity/profile/2078/,Licensed,"Muhazi Dolce Vita is an Ecolodge located on the shores of lake Muhazi, in Rwamagana District. It is composed of 8 bungalows (6 single-bungalows, 1 family bungalow and 1 family bungalow with a living room) with a unique architecture and exceptional views on the lake. It also includes a restaurant offering dishes of Mediterranean inspirations, using locally sourced products such as fruits and vegetables from our gardens and fishes from the lake. During their stay, visitors can explore the lake with on our cruise boat and kayaks, have fun on the shores on the beach-volley/beach-soccer pitch or on the pétanque court, or can take some time to relax with a massage.",10,10,"French,Italian,Rwandan",https://muhazidolcevita.com,0792726276,info@muhazidolcevita.com
Gama Travel and Tour Agency,Tour operator/Travel agent/Tour guide,Tour operator,City Of Kigali,Kicukiro,https://tourismregulation.rw/en/entity/profile/2081/,Licensed,"Gama Travel and Tour Agency is a registered tour and travel company based at ININDI House, Sonatube – Kicukiro, Kigali. The agency specializes in professional tour operations across Rwanda and the East African region. The company provides tour planning and management, guided safaris and wildlife tours, gorilla trekking, city and cultural tours, group and customized tour packages, camping and adventure tours, as well as transport and accommodation arrangements. Gama Travel and Tour Agency also supports clients with air ticketing and visa application assistance to ensure seamless travel experiences. Through strong partnerships with hotels, airlines, park authorities, and licensed guides, the agency delivers safe, reliable, and well-organized tour services in compliance with tourism regulations.",0,0,,https://www.gamatour.agency,+250788872060,info@gamatour.agency
KANAMUGIRE Christian,Tour operator/Travel agent/Tour guide,Tour guide,City Of Kigali,Nyarugenge,https://tourismregulation.rw/en/entity/profile/2164/,Licensed,Am a freelancer tour guide without RDB operating license  who want to become a professional licensed tour guide,0,0,,none,0788206217,kanamugirec21@gmail.com
INZOVU AMBER,Tour operator/Travel agent/Tour guide,Tour operator,Western Province,Rubavu,https://tourismregulation.rw/en/entity/profile/2094/,Licensed,"At Inzovu Amber, we are committed to excellence, ensuring your time here is worry-free and memorable. We embrace an eco-conscious company philosophy and proudly support local conservation efforts, communities, and businesses, doing our part to keep Rwanda amazing. Blending luxury with sustainability, together we craft adventures that allow you to experience the region's wildlife and landscapes in comfort and style, while leaving a positive impact on the environment and the people of Rwanda.",0,0,,www.inzovuamber.com,+250789935441,inzovuamber@gmail.com
PM SAFARIS LTD,Tour operator/Travel agent/Tour guide,Tour operator,City Of Kigali,Gasabo,https://tourismregulation.rw/en/entity/profile/2087/,Licensed,it is in our Vision as We are  International Tours to make your dreams come true !!. This is down through offering exceptional tours in a number of countries. Our expertise in Africa offers you the best level of exclusivity that can not be seen else way in the world. In every destination we offer features some of the popular parks with different amazing activities does in these parks and staying in our carefully hand picked Lodge / Hotels. Our professional guides are carefully selected from among the best the industry can offer in each country we operate in. Our cars are top notch with a high level of maintenance and quick response in case of any emergency with the car. With us prepare to see Africa like you have never imagined before. Our itineraries are designed to suit you in every way. We take your dreams and make them true W International Tours always here for you!!,0,0,,WWW.3BHOTELS.COM,0788305708,info@3bhotels.com
Ramani Travel Solution,Tour operator/Travel agent/Tour guide,Travel agent,City Of Kigali,Nyarugenge,https://tourismregulation.rw/en/entity/profile/2093/,Licensed,"Ramani Travel Solution is an international travel management company with its head office in Kenya and operations in Kigali, Rwanda. We specialize in providing reliable and cost-effective corporate travel services to organizations. Our services include: * International & Domestic Flight Ticketing * Corporate Hotel Reservations Worldwide * Visa Assistance * Airport Transfers & Travel Insurance * 24/7 Travel Suppor",0,0,,,0789810825,sales.kgl@ramani-travel.com
Kinigi Cottage Ltd,Accommodation entity,Guest House,Northern Province,Musanze,https://tourismregulation.rw/en/entity/profile/2122/,Licensed,"Kinigi Cottage is a four bedroom bed and breakfast based in Kinigi, Musanze. The guesthouse has two floors, with a staircase. On the ground floor there is a comfortable lounge where you can sit and drink tea or just read by the fireplace. There is also a terrace for public use. The rooms are arranged on the ground floor and the first floor. There are two smaller bedrooms on the ground floor, each with private bathroom and there's also a public bathroom on the ground floor for guests who have already checked out. On the first floor, there are two larger bedrooms, each with a private bathroom and private balcony. Each have a marvelous view of the majestic Sabyinyo mountain. The buffet breakfast is served in the communal lounge area on the ground floor. The guesthouse provides fast WiFi internet and laundry services. There is also a massage room in the back of the house as well as a sauna and this is complementary for all guests.",4,6,International,,0786646418,kinigi.cottage@gmail.com
TURATSINZE Steven,Tour operator/Travel agent/Tour guide,Tour guide,City Of Kigali,Kicukiro,https://tourismregulation.rw/en/entity/profile/2157/,Licensed,"A tourism guide is a knowledgeable professional who leads individuals or groups through tourist destinations, providing accurate information, ensuring visitors' safety, and creating memorable travel experiences through engaging storytelling and excellent customer service.",0,0,,,0788668720,stevennunu7@gmail.com
IHEMA LODGE by KIVU AKAGERA REAL ESTATE LTD,Accommodation entity,Lodge,Eastern Province,Kayonza,https://tourismregulation.rw/en/entity/profile/2080/,Licensed,"Ihema Lodges, is a luxury eco-retreat of five private lodges overlooking Lake Ihema and Akagera National Park offering serene accommodation into the nature, Free Wi-Fi and parking space, guided safaris and authentic Rwandan dining and cultural experiences. We provide personalized bookings, event hosting (retreats), airport transfers, and family-friendly services, with sustainability and community support at our core.We aim to create intimate, authentic stays with warm local hospitality and easy access to wildlife and cultural activities",5,6,"International,African,Asian,BBQ",www.ihemalodges.com,+250793903717,ihemalodges@gmail.com
Byiringiro Ghadi,Tour operator/Travel agent/Tour guide,Tour guide,Western Province,Rubavu,https://tourismregulation.rw/en/entity/profile/2091/,Licensed,"Byiringiro Ghadi is a Rwandan certified tour guide and a member of RSGA. graduated from Kitabi College of conservation and Environmental management in 2018. i'm currently working as on site guide at One and Only Resorts Rwanda, i'm a certified Rwanda advanced birding guide since 2019.",0,0,,,0782028105,ghadibyiringiro1@gmail.com
Salim Karangwa,Tour operator/Travel agent/Tour guide,Tour guide,City Of Kigali,Nyarugenge,https://tourismregulation.rw/en/entity/profile/2088/,Licensed,"Salim KARANGWA is a friendly and dedicated tourist guide who enjoys helping visitors discover the beauty of Rwanda. He shares interesting information about the country’s culture, history, wildlife, and beautiful places, and he welcomes tourists from different countries to explore and enjoy Rwanda. Salim works hard to make sure visitors have a safe, enjoyable, and memorable experience while learning about Rwanda’s nature, people, and traditions.",0,0,,ksalimshaban@gmail.com,+250783778544,ksalimshaban@gmail.com
DUSHIMIMANA Jean paul,Tour operator/Travel agent/Tour guide,Tour guide,City Of Kigali,Kicukiro,https://tourismregulation.rw/en/entity/profile/2095/,Licensed,Tour guide,0,0,,,+250782179248,dushimimanajeanpaul0@gmail.com
LG BAR AND RESTAURANT LTD,Restaurant/Bar/Nightclub,Restaurant,City Of Kigali,Nyarugenge,https://tourismregulation.rw/en/entity/profile/2036/,Licensed,"LG Bar and Restaurant is a place where good food, refreshing drinks, and unforgettable moments come together. Located in the heart of Kigali, we are more than just a dining spot — we are a home for friends, families, tourists, and anyone seeking a vibrant, welcoming atmosphere. With a rooftop view, centrally located venue, and top-tier entertainment, LG Bar and Restaurant stands out as a premium hospitality destination. Whether you're here for a casual meal, special celebration, or just to enjoy the nightlife, we offer the perfect setting with outstanding cuisine and service.",0,0,"African,BBQ,Chinese,Indian",https://lgbar-resto.honeydownload.com/,0790696963,lgbarrestaurantltd@gmail.com
AMANI HOTEL,Accommodation entity,Town hotel,City Of Kigali,Gasabo,https://tourismregulation.rw/en/entity/profile/2159/,Licensed,"Welcome to AMANI Hotel, a premier destination for travelers seeking comfort, elegance, and unforgettable experiences. Located on KG 17 Street Remera, Gasabo District in the heart of Kigali City, our hotel blends modern luxury with warm Rwandan hospitality. Hotel is strategically situated in one of Kigali’s commercial and tourism areas, providing convenient access to Kigali International Airport ,the Kigali Convention Center  Amahoro stadium, BK Arena the heart of Remera hub of Rwanda sport’ AMANI Hotel a hotel with 47spacious rooms and suites well equipped with modern amenities designed to ensure comfort, safety and convenience. The hotel is arranged in three floors with two side lifts apart from the reception which work 24-hour there is a comfortable area can sit and drink tea, coffee or just read. Amani hotel also has splendid Loof top where can observe all corner of Kigali and his sides hill. The rooms are arranged in all floors. The hotel provides a high-quality accommodation and hospitality services to both local and international guests, speed wireless internet, and Smart TVs.",47,53,,https://amani-official.com,+250 792346466,huadong4514@gmail.com
ELIAB NDUWAYO,Tour operator/Travel agent/Tour guide,Tour guide,Northern Province,Musanze,https://tourismregulation.rw/en/entity/profile/2096/,Licensed,"I, Eliab Nduwayo, have been a tour guide for five years. I studied tourism and hospitality both in secondary school and university. My passion lies in showcasing the natural beauty, culture, and history to the guests or tourists who visit Rwanda. As I continue pursuing my career, I have also considered obtaining the licenses required by RDB for guides. For this reason, I joined RSGA under the Chamber of Tourism, and it has been almost two years since I joined this association. Throughout these past years, I have been able to guide tourists to Kigali City, Volcanoes National Park, Nyungwe, and Akagera National Parks, as well as other parts of the country.",0,0,,,0780370571,nduweli@gmail.com
PLAY HOTEL Ltd,Accommodation entity,Town hotel,City Of Kigali,Gasabo,https://tourismregulation.rw/en/entity/profile/2101/,Licensed,"PLAY HOTEL Ltd is a hotel company limited by shares on registration number 122174844 managed by NTAWUGAYUMUGABO Vedaste assisted by other managers, located in Remera area, near Amahoro Stadium  . The hotel business will focus to serve tourists, travelers, business people, sports -events participants, peoples or families looking for a vacation destination, honey-mooners, family meetings, students and lecturers, seminars and other meetings tenors. It will offer excellent services including among others accommodation in well-equipped rooms, restaurant, bar, barbecue, gymnasium room and other connected care services.",100,82,"African,BBQ,Chinese,Italian,Rwandan & International,Snacks",playhotel.co.rw,0788305452,playhotelltd2024@gmail.com
TRANQUIL POINT RESIDENCE,Accommodation entity,Serviced apartment,City Of Kigali,Gasabo,https://tourismregulation.rw/en/entity/profile/2104/,Licensed,"Welcome to Tranquil Point Residence, a modern and peaceful accommodation designed to offer comfort, convenience, and security in one of Kigali’s most desirable neighborhoods. Located in Gasabo District, Gacuriro–Kinyinya (KG 426 St, Gate 13), our residence features 14 well-designed apartment units with a total of 20 rooms, spread across ground floor, first floor, and basement levels. Whether you are traveling for business or leisure, our property provides a calm and relaxing environment that feels like home. Each room is thoughtfully designed and includes private balconies, allowing guests to enjoy fresh air and scenic surroundings. We offer free high-speed Wi-Fi throughout the property to keep you connected at all times. Guests benefit from free on-site parking, making it convenient for those with vehicles, as well as 24-hour security, ensuring safety and peace of mind during your stay. At Tranquil Point Residence, we combine comfort, accessibility, and a serene atmosphere to give you a truly enjoyable experience in Kigali.",20,20,Other (specify),www.tranquilpointresidence.com,0796897285,tranquilpointresidence@gmail.com
PALBINA TRAVEL RWANDA LTD,Tour operator/Travel agent/Tour guide,Travel agent,City Of Kigali,Gasabo,https://tourismregulation.rw/en/entity/profile/2109/,Licensed,"We are a corporate travel management company specializing in delivering end-to-end travel solutions for businesses, including flight bookings, hotel reservations, ground transportation, visa support, and travel policy management, all tailored to optimize cost, efficiency, and traveler experience while providing  support and strategic insights to enhance our clients’ travel programs.",0,0,,https://palbinatravelrwanda.com/,+250 796 682 002,travel.rwanda@palbinatravel.com
Eza Boutique Hotel,Accommodation entity,Town hotel,City Of Kigali,Kicukiro,https://tourismregulation.rw/en/entity/profile/2106/,Licensed,"Eza Boutique Hotel is a comfortable and stylish hotel, situated in the heart of Kagarama in Kicukiro District, Kigali. The hotel offers a welcoming and modern atmosphere, ideal for both business and leisure travelers. The property is thoughtfully arranged to ensure convenience and relaxation for guests. On the ground floor, apart from the reception area, there is a cozy lounge where guests can sit, enjoy a drink, or simply relax. The hotel also features a pleasant outdoor terrace, where guests can unwind and take in the calm surroundings of Kagarama. The rooms are well-appointed and designed with comfort in mind, offering a peaceful stay. Guests can enjoy views of the neighborhood from selected rooms and terraces, creating a relaxing ambiance throughout their stay. One of the highlights of the hotel is its rooftop, which features a swimming pool and a restaurant. This space offers a refreshing and relaxing environment where guests can swim, dine, and enjoy panoramic views of the surrounding area. A buffet breakfast is served in the restaurant, providing a variety of options to start the day. The hotel also offers reliable internet access, including free Wi-Fi, ensuring guests stay connected during their visit. Overall, Eza Boutique Hotel combines comfort, simplicity, and a convenient location to provide a pleasant hospitality experience in Kigali.",14,18,"International,African,Rwandan & International",www.eza.rw,+250788753276,info@ezahotel.rw
Kwizera cedrick,Tour operator/Travel agent/Tour guide,Tour guide,City Of Kigali,Kicukiro,https://tourismregulation.rw/en/entity/profile/2098/,Licensed,"My name is Cedrick, a professional tour guide based in Rwanda. I am passionate about sharing the beauty of our country, from wildlife and landscapes to culture and history, while ensuring a memorable and safe experience for every guest.",0,0,,www kwizracdr.com,0787764018,kwizeracedrick250@gmail.com
Fab Eco-Tours,Tour operator/Travel agent/Tour guide,Tour operator,City Of Kigali,Nyarugenge,https://tourismregulation.rw/en/entity/profile/1904/,Licensed,"Fab Eco Tours is a premier tour and travel company specializing in delivering exceptional travel experiences in Rwanda. Our mission is to showcase Rwanda’s natural beauty, rich culture, and vibrant wildlife through customized tours. Founded on a passion for travel and sustainability, we are dedicated to providing memorable and responsible tourism experiences while supporting local communities.",0,0,,fabecotours.com,‭0788356334‬,info@fabecotours.com
Comfort Hotel,Accommodation entity,Town hotel,Northern Province,Musanze,https://tourismregulation.rw/en/entity/profile/2082/,Licensed,"The Comfort Hotel in Musanze District is a premier accommodation destination, combining comfort, leisure, and professional facilities. The hotel features 18 spacious and tastefully decorated rooms, designed to provide guests with a relaxing and enjoyable stay. For dining and socializing, the hotel offers a stylish bar and a diverse restaurant serving both local and international cuisines. Business travelers and event organizers will appreciate the three fully equipped conference halls, ideal for meetings, seminars, and workshops. Additionally, the hotel provides high-speed free Wi-Fi throughout the premises, ensuring guests stay connected at all times. Located conveniently within Musanze, the Comfort Hotel is an excellent choice for leisure visitors, corporate travelers, and event organizers seeking comfort, modern amenities, and a welcoming atmosphere in the heart of Rwanda’s scenic landscape.",17,18,Rwandan & International,www.comforthotel.rw,+250795360707/ +250791330698,comforthotel10@gmail.com
PURESPACE APARTMENTS LTD,Accommodation entity,Guest House,City Of Kigali,Gasabo,https://tourismregulation.rw/en/entity/profile/2100/,Licensed,"The Purespace Apartments is an 12 rooms, comfortable guesthouse, situated at Gacuriro. The Guesthouse is arranged on 3 floors, without a lift. On the top floor,  there is a comfortable lounge where you can sit and drink tea, or just read. The rooms are arranged on the first, second and Third floors. Every floor has also a delightful balcony available for the use of guests, from where you can enjoy the wonderful view. The Guesthouse provides an internet point, and a free Wi-Fi service",14,14,,,0791345164,purespaceapartment@gmail.com
Usalama Tours,Tour operator/Travel agent/Tour guide,Tour operator,Western Province,Rubavu,https://tourismregulation.rw/en/entity/profile/2135/,Licensed,"Usalama Tours is a tour company based in Rwanda that offers an intimate experience and the best Tours in Rwanda, Uganda, and DR Congo. We are a fully registered Tour company in Rwanda that offers Wildlife Safaris, Gorilla Trekking Tours, community-based tours, Volcanoes Hiking and Biking Tours, boat cruises, and cultural and Historical Tours. Our profits support the local community's conservation-related initiatives. We offer our services to our customers with professionalism, passion, love, and perfection.",0,0,,www.usalamatours.net,0783155531,usalamatours@gmail.com
Kingfisher Journeys ltd,Tour operator/Travel agent/Tour guide,Tour operator,City Of Kigali,Kicukiro,https://tourismregulation.rw/en/entity/profile/2111/,Licensed,"Kingfisher Journeys is the adventure activity tour operator for Rwanda. Our fully inclusive tours, scheduled tours and self-drive itineraries are crafted with our own adventure activities, stunning wildlife, and cultural experiences to create the most exciting, insightful, and varied journeys in Rwanda. And as far as possible, everything we do is bookable online.​",0,0,,https://www.kingfisherjourneys.com/,0788310436,info@kingfisherjourneys.com
Luma and Lua Hospitality LTD,Accommodation entity,Town hotel,City Of Kigali,Gasabo,https://tourismregulation.rw/en/entity/profile/2110/,Licensed,"Located in the vibrant heart of Kigali, Luma and Lua represent a seamless fusion of modern sophistication, curated lifestyle, and exceptional culinary experiences. Designed for a discerning clientele, the brands embody a fresh, contemporary energy while staying rooted in Rwanda’s rich culture and warm hospitality. Luma offers a refined, design-forward atmosphere where ambiance meets intention, whether through thoughtfully crafted menus, immersive interiors, or elevated service. It is a destination for those seeking premium experiences, from business meetings to social gatherings, all delivered with precision and style. Lua, its complementary counterpart, brings a more relaxed yet equally captivating vibe, balancing elegance with approachability. It’s a space where creativity, community, and comfort intersect, making it ideal for casual dining, evening unwind sessions, or vibrant social moments. Together, Luma and Lua redefine Kigali’s lifestyle scene, blending innovation, quality, and cultural authenticity into spaces that are not just visited, but experienced. Please, note that the building is owned by Luma and Lua's sister company Zest Real Estate. This explains why the security contract is between Zest Rest Estate and Quickstar Services.",13,13,International,www.lumalua.com,0796709378,stay@lumalua.com
MUGEMANA César,Tour operator/Travel agent/Tour guide,Tour guide,Northern Province,Musanze,https://tourismregulation.rw/en/entity/profile/2107/,Licensed,"A professional tour guide service offering guided tours to local and international visitors across Rwanda. The entity specializes in providing informative, safe, and engaging travel experiences by showcasing Rwanda’s cultural heritage, natural attractions, and historical sites. Services include tour planning, visitor assistance, interpretation of sites, and ensuring a high-quality tourism experience tailored to client needs.",0,0,,,+250785752148,cesarmuge@gmail.com
AZZURRI GROUP LTD,Restaurant/Bar/Nightclub,Restaurant,City Of Kigali,Nyarugenge,https://tourismregulation.rw/en/entity/profile/2108/,Licensed,"Azzurri Restaurant is a modern dining and lifestyle destination that blends exceptional cuisine with a vibrant, upscale atmosphere. Designed to offer more than just a meal, Azzurri delivers a complete experience—where food, music, and ambiance come together seamlessly. With a focus on quality, creativity, and consistency, Azzurri offers a carefully curated menu featuring a fusion of international flavors, premium ingredients, and signature dishes crafted to satisfy both casual diners and refined tastes. The space is thoughtfully designed to transition from a relaxed dining environment during the day to an energetic nightlife setting, making it ideal for social gatherings, celebrations, and exclusive events. At Azzurri, service excellence is at the core of every experience. The team is dedicated to creating memorable moments for every guest through attention to detail, personalized service, and a passion for hospitality. Azzurri is not just a restaurant—it is a destination where style, taste, and entertainment meet.",0,0,,www.azzurrirwanda.com,+250 792 880 335,azzurrirwanda@gmail.com
GORILLA HUB SAFARIS LTD,Tour operator/Travel agent/Tour guide,Travel agent,City Of Kigali,Nyarugenge,https://tourismregulation.rw/en/entity/profile/2170/,Licensed,"GORRILA HUB SAFARIS LTD is a Rwanda-based tour and travel company providing professional travel, safari and destination management services to local and international clients. The company specializes in designing and organizing tailor-made safari packages, wildlife and primate experiences, cultural tours, city tours and adventure travel across Rwanda and other East African destinations, including Uganda, Kenya and Tanzania. Its services include travel consultation, itinerary planning, transportation coordination, car rental arrangements, accommodation and activity coordination, and other travel-related support services. Gorilla Hub Safaris focuses on providing well-organized, personalized and high-quality travel experiences while supporting clients throughout the planning and execution of their journeys.",0,0,,https://gorillahubsafaris.com/,0795868827,reservations@gorillahubsafaris.com
